Preparation_Date,Preparation_Time,Preparation_Time_Zone,Analysis_Date,Analysis_Time,Analysis_Time_Zone,County,Lake,Station,Activity_Start_Date,Tube_Number,Dilution,Abs,Org_Result_Value,Result_Comments,QAQC_Qualifier,WIN_Value_Qualifier,Holding_Qualifier,MDL_PQL_Qualifier,Data_Category,Run_ID,LWID,Comments
7/7/23,9:16:00 AM,EDT,7/7/23,10:21:00 AM,EDT,Alachua,Kingswood,1,4/6/23,,,,190,,,Q,,,,,,
4/24/23,10:03:00 AM,EDT,4/24/23,11:50:00 AM,EDT,Hillsborough,Cypress Creek-122,1,1/23/23,,,,119,,,Q,,,,,,
4/24/23,10:03:00 AM,EDT,4/24/23,11:50:00 AM,EDT,Hillsborough,Cypress Creek-122,2,1/23/23,,,,119,,,Q,,,,,,
7/5/23,10:01:00 AM,EDT,7/5/23,12:11:00 PM,EDT,Hillsborough,Cypress Creek-122,1,4/25/23,,,,36,,,Q,,,,,,
6/7/23,10:22:00 AM,EDT,6/7/23,11:30:00 AM,EDT,Orange,Little Sawyer,1,1/2/23,,,,21,,,Q,,,,,,
6/7/23,10:22:00 AM,EDT,6/7/23,11:30:00 AM,EDT,Orange,Sawyer,1,1/2/23,,,,28,,,Q,,,,,,
3/29/23,10:59:00 AM,EDT,3/29/23,12:56:00 PM,EDT,Pinellas,Autumn,1,1/12/23,,,,38,,,Q,,,,,,
4/13/23,8:55:00 AM,EDT,4/13/23,10:06:00 AM,EDT,Polk,Big Bass,1,1/4/23,,,,36,,,Q,,,,,,
4/25/23,10:07:00 AM,EDT,4/25/23,1:35:00 PM,EDT,Sarasota,South,1,10/13/22,,,,43,,,Q,,,,,,
1/30/23,9:19:00 AM,EST,1/30/23,11:01:00 AM,EST,Bay,Massalina Bayou-1,1,10/19/22,,,,10,,,Q,,,,,,
12/22/22,11:00:00 AM,EST,12/22/22,12:00:00 PM,EST,Hillsborough,Cypress Creek-122,1,10/26/22,,,,153,,,Q,,,,,,
12/22/22,11:00:00 AM,EST,12/22/22,12:00:00 PM,EST,Hillsborough,Cypress Creek-122,2,10/26/22,,,,160,,,Q,,,,,,
12/19/22,3:00:00 PM,EST,12/19/22,4:15:00 PM,EST,Hillsborough,Pine,1,10/20/22,,,,23,,,Q,,,,,,
2/15/23,9:20:00 AM,EST,2/15/23,10:17:00 AM,EST,Orange,Holden,1,10/16/22,,,,15,,,Q,,,,,,
2/15/23,9:20:00 AM,EST,2/15/23,10:17:00 AM,EST,Orange,Holden Canal-1,1,10/16/22,,,,16,,,Q,,,,,,
1/30/23,9:19:00 AM,EST,1/30/23,11:01:00 AM,EST,Sarasota,Lake 37,1,10/17/22,,,,49,,,Q,,,,,,
1/30/23,9:19:00 AM,EST,1/30/23,11:01:00 AM,EST,Sarasota,Lake G-20,2,10/17/22,,,,31,,,Q,,,,,,
1/30/23,9:19:00 AM,EST,1/30/23,11:01:00 AM,EST,Sarasota,Lake M-9,1,10/17/22,,,,54,,,Q,,,,,,
10/17/22,11:18:00 AM,EDT,10/17/22,12:41:00 PM,EDT,Citrus,Tsala Apopka South,1,7/29/22,,,,45,,,Q,,,,,,
10/5/22,9:55:00 AM,EDT,10/5/22,10:44:00 AM,EDT,Columbia,Rum Island Spring-1,1,7/20/22,,,,2,,,Q,,,,,,
10/5/22,9:55:00 AM,EDT,10/5/22,10:44:00 AM,EDT,Gilchrist,Gilchrist Blue Spring Run-1,1,7/20/22,,,,4,,,Q,,,,,,
10/5/22,9:55:00 AM,EDT,10/5/22,10:44:00 AM,EDT,Gilchrist,Ginnie Spring Run-1,1,7/20/22,,,,2,,,Q,,,,,,
8/22/22,10:44:00 AM,EDT,8/22/22,1:16:00 PM,EDT,Hillsborough,Cedar West,1,7/27/22,,,,26,,,Q,,,,,,
8/22/22,10:44:00 AM,EDT,8/22/22,1:16:00 PM,EDT,Hillsborough,Cypress Creek-122,1,7/27/22,,,,159,,,Q,,,,,,
8/22/22,10:44:00 AM,EDT,8/22/22,1:16:00 PM,EDT,Hillsborough,Cypress Creek-122,2,7/27/22,,,,153,,,Q,,,,,,
8/18/22,10:33:00 AM,EDT,8/18/22,1:27:00 PM,EDT,Lake,Yale,1,7/14/22,,,,15,,,Q,,,,,,
10/18/22,10:00:00 AM,EDT,10/18/22,12:15:00 PM,EDT,Miami-Dade,Lakeridge,2,7/18/22,,,,4,,,Q,,,,,,
10/18/22,10:00:00 AM,EDT,10/18/22,12:15:00 PM,EDT,Miami-Dade,Oakland,1,7/26/22,,,,8,,,Q,,,,,,
10/18/22,10:00:00 AM,EDT,10/18/22,12:15:00 PM,EDT,Monroe,Tarpon Basin-1,1,7/23/22,,,,6,,,Q,,,,,,
10/18/22,10:00:00 AM,EDT,10/18/22,12:15:00 PM,EDT,Orange,Black,1,7/29/22,,,,147,,,Q,,,,,,
10/18/22,10:00:00 AM,EDT,10/18/22,12:15:00 PM,EDT,Orange,Clear,1,7/25/22,,,,16,,,Q,,,,,,
10/18/22,10:00:00 AM,EDT,10/18/22,12:15:00 PM,EDT,Orange,Down,1,7/17/22,,,,9,,,Q,,,,,,
10/18/22,10:00:00 AM,EDT,10/18/22,12:15:00 PM,EDT,Orange,Formosa,1,7/21/22,,,,11,,,Q,,,,,,
10/18/22,10:00:00 AM,EDT,10/18/22,12:15:00 PM,EDT,Orange,Hickorynut South,2,7/24/22,,,,21,,,Q,,,,,,
10/18/22,10:00:00 AM,EDT,10/18/22,12:15:00 PM,EDT,Orange,Jessamine South,2,7/21/22,,,,15,,,Q,,,,,,
10/18/22,10:00:00 AM,EDT,10/18/22,12:15:00 PM,EDT,Orange,Little Hickorynut,2,7/30/22,,,,31,,,Q,,,,,,
10/18/22,10:00:00 AM,EDT,10/18/22,12:15:00 PM,EDT,Orange,Little Sawyer,1,7/9/22,,,,15,,,Q,,,,,,
10/18/22,10:00:00 AM,EDT,10/18/22,12:15:00 PM,EDT,Orange,Olivia,1,7/18/22,,,,10,,,Q,,,,,,
10/18/22,10:00:00 AM,EDT,10/18/22,12:15:00 PM,EDT,Orange,Price,1,7/29/22,,,,19,,,Q,,,,,,
10/18/22,10:00:00 AM,EDT,10/18/22,12:15:00 PM,EDT,Orange,Rowena,1,7/30/22,,,,13,,,Q,,,,,,
10/21/22,10:33:00 AM,EDT,10/21/22,11:56:00 AM,EDT,Osceola,Coon,1,7/17/22,,,,122,,,Q,,,,,,
11/14/22,9:34:00 AM,EST,11/14/22,10:50:00 AM,EST,Putnam,Goose,1,10/25/22,,,,295,,,Q,,,,,,
11/14/22,9:34:00 AM,EST,11/14/22,10:50:00 AM,EST,Putnam,Goose,2,10/25/22,,,,292,,,Q,,,,,,
11/14/22,9:34:00 AM,EST,11/14/22,10:50:00 AM,EST,Putnam,Goose,3,10/25/22,,,,288,,,Q,,,,,,
11/14/22,9:34:00 AM,EST,11/14/22,10:50:00 AM,EST,Putnam,Ross,1,10/25/22,,,,473,,,Q,,,,,,
11/14/22,9:34:00 AM,EST,11/14/22,10:50:00 AM,EST,Putnam,Ross,2,10/25/22,,,,464,,,Q,,,,,,
11/14/22,9:34:00 AM,EST,11/14/22,10:50:00 AM,EST,Putnam,Ross,3,10/25/22,,,,473,,,Q,,,,,,
11/14/22,9:34:00 AM,EST,11/14/22,10:50:00 AM,EST,Putnam,Rowan,1,10/25/22,,,,183,,,Q,,,,,,
11/14/22,9:34:00 AM,EST,11/14/22,10:50:00 AM,EST,Putnam,Rowan,2,10/25/22,,,,183,,,Q,,,,,,
11/14/22,9:34:00 AM,EST,11/14/22,10:50:00 AM,EST,Putnam,Rowan,3,10/25/22,,,,184,,,Q,,,,,,
11/14/22,9:34:00 AM,EST,11/14/22,10:50:00 AM,EST,Putnam,Suggs,1,10/25/22,,,,255,,,Q,,,,,,
11/14/22,9:34:00 AM,EST,11/14/22,10:50:00 AM,EST,Putnam,Suggs,2,10/25/22,,,,264,,,Q,,,,,,
11/14/22,9:34:00 AM,EST,11/14/22,10:50:00 AM,EST,Putnam,Suggs,3,10/25/22,,,,273,,,Q,,,,,,
10/4/22,9:30:00 AM,EDT,10/4/22,11:07:00 AM,EDT,Seminole,Horseshoe North,1,4/18/22,,,,87,,,Q,,,,,,
10/4/22,9:30:00 AM,EDT,10/4/22,11:07:00 AM,EDT,Seminole,Orienta 1,1,7/17/22,,,,18,,,Q,,,,,,
10/4/22,9:30:00 AM,EDT,10/4/22,11:07:00 AM,EDT,Seminole,Orienta 2,1,7/17/22,,,,17,,,Q,,,,,,
10/4/22,9:30:00 AM,EDT,10/4/22,11:07:00 AM,EDT,Seminole,Orienta East,1,7/17/22,,,,20,,,Q,,,,,,
10/4/22,9:30:00 AM,EDT,10/4/22,11:07:00 AM,EDT,Seminole,Orienta North,1,7/17/22,,,,16,,,Q,,,,,,
8/22/22,10:44:00 AM,EDT,8/22/22,1:16:00 PM,EDT,Volusia,Green Springs,1,7/8/22,,,,17,,,Q,,,,,,
8/22/22,10:44:00 AM,EDT,8/22/22,1:16:00 PM,EDT,Volusia,Green Springs,3,7/8/22,,,,8,,,Q,,,,,,
9/14/22,10:30:00 AM,EDT,9/14/22,12:34:00 PM,EDT,Walton,Deer,1,7/20/22,,,,114,,,Q,,,,,,
6/6/22,10:55:00 AM,EDT,6/6/22,1:15:00 PM,EDT,Alachua,Blues Creek-1,1,4/14/22,,,,26,,,Q,,,,,,
6/6/22,10:55:00 AM,EDT,6/6/22,1:15:00 PM,EDT,Alachua,Blues Creek-2,1,4/14/22,,,,293,,,Q,,,,,,
6/6/22,10:55:00 AM,EDT,6/6/22,1:15:00 PM,EDT,Alachua,Blues Creek-3,1,4/14/22,,,,308,,,Q,,,,,,
6/6/22,10:55:00 AM,EDT,6/6/22,1:15:00 PM,EDT,Alachua,Cellon Creek-1,1,4/13/22,,,,145,,,Q,,,,,,
6/6/22,10:55:00 AM,EDT,6/6/22,1:15:00 PM,EDT,Alachua,Cellon Creek-2,1,4/13/22,,,,98,,,Q,,,,,,
6/6/22,10:55:00 AM,EDT,6/6/22,1:15:00 PM,EDT,Alachua,Cellon Creek-3,1,4/13/22,,,,46,,,Q,,,,,,
6/6/22,10:55:00 AM,EDT,6/6/22,1:15:00 PM,EDT,Alachua,Cellon Creek-4,1,4/13/22,,,,77,,,Q,,,,,,
8/1/22,10:41:00 AM,EDT,8/1/22,1:00:00 PM,EDT,Alachua,Watermelon Pond,1,4/22/22,,,,21,,,Q,,,,,,
6/6/22,10:55:00 AM,EDT,6/6/22,1:15:00 PM,EDT,Alachua,Wauberg,1,4/2/22,,,,43,,,Q,,,,,,
7/1/22,3:00:00 PM,EDT,7/8/22,9:30:00 AM,EDT,Bay,Burnt Mill Upper-2,1,4/22/22,,,,69,,,Q,,,,,,
5/23/22,12:00:00 PM,EDT,5/23/22,1:15:00 PM,EDT,Charlotte,L-4,2,2/17/22,,,,95,,,Q,,,,,,
7/27/22,7:50:00 AM,EDT,7/27/22,10:06:00 AM,EDT,Charlotte,White Marsh Inflow,1,4/24/22,,,,44,,,Q,,,,,,
6/3/22,10:01:00 AM,EDT,6/3/22,11:14:00 AM,EDT,Columbia,Rum Island Spring-1,1,10/21/21,,,,3,,,Q,,,,,,
6/3/22,10:01:00 AM,EDT,6/3/22,11:14:00 AM,EDT,Gilchrist,Ginnie Spring Run-1,1,10/21/21,,,,1,,,QU,,,,,,
7/28/22,9:12:00 AM,EDT,7/28/22,10:45:00 AM,EDT,Gulf,Cattledip,1,1/10/22,,,,23,,,Q,,,,,,
7/28/22,9:12:00 AM,EDT,7/28/22,10:45:00 AM,EDT,Gulf,Pond Road,1,1/10/22,,,,39,,,Q,,,,,,
7/5/22,9:28:00 AM,EDT,7/5/22,12:12:00 PM,EDT,Highlands,Annie,1,4/13/22,,,,41,,,Q,,,,,,
7/5/22,9:28:00 AM,EDT,7/5/22,12:12:00 PM,EDT,Highlands,Apthorpe,1,4/15/22,,,,22,,,Q,,,,,,
7/5/22,9:28:00 AM,EDT,7/5/22,12:12:00 PM,EDT,Highlands,Arbuckle Creek-1,1,4/15/22,,,,76,,,Q,,,,,,
5/25/22,9:38:00 AM,EDT,5/25/22,12:05:00 PM,EDT,Highlands,Arbuckle Creek-2,1,1/25/22,,,,135,,,Q,,,,,,
7/5/22,9:28:00 AM,EDT,7/5/22,12:12:00 PM,EDT,Highlands,Arbuckle Creek-2,1,4/15/22,,,,85,,,Q,,,,,,
5/25/22,9:38:00 AM,EDT,5/25/22,12:05:00 PM,EDT,Highlands,Arbuckle Creek-3,1,1/26/22,,,,130,,,Q,,,,,,
7/5/22,9:28:00 AM,EDT,7/5/22,12:12:00 PM,EDT,Highlands,Arbuckle Creek-3,1,4/15/22,,,,77,,,Q,,,,,,
5/23/22,12:00:00 PM,EDT,5/23/22,1:15:00 PM,EDT,Hillsborough,Cypress Creek-122,1,1/26/22,,,,95,,,Q,,,,,,
5/23/22,12:00:00 PM,EDT,5/23/22,1:15:00 PM,EDT,Hillsborough,Cypress Creek-122,2,1/26/22,,,,101,,,Q,,,,,,
7/8/22,10:36:00 AM,EDT,7/8/22,12:22:00 PM,EDT,Hillsborough,Cypress Creek-122,1,4/19/22,,,,183,,,Q,,,,,,
7/8/22,10:36:00 AM,EDT,7/8/22,12:22:00 PM,EDT,Hillsborough,Cypress Creek-122,2,4/19/22,,,,173,,,Q,,,,,,
7/28/22,9:12:00 AM,EDT,7/28/22,10:45:00 AM,EDT,Hillsborough,Hog Island,1,4/23/22,,,,61,,,Q,,,,,,
6/6/22,10:55:00 AM,EDT,6/6/22,1:15:00 PM,EDT,Hillsborough,Michaela,1,4/14/22,,,,58,,,Q,,,,,,
5/23/22,12:00:00 PM,EDT,5/23/22,1:15:00 PM,EDT,Hillsborough,Rainbow,1,10/21/21,,,,35,,,Q,,,,,,
6/6/22,10:55:00 AM,EDT,6/6/22,1:15:00 PM,EDT,Hillsborough,Stearns,1,4/14/02,,,,64,,,Q,,,,,,
7/6/22,9:43:00 AM,EDT,7/6/22,12:12:00 PM,EDT,Lake,Woodward,1,4/15/22,,,,19,,,Q,,,,,,
7/1/22,3:00:00 PM,EDT,7/8/22,9:30:00 AM,EDT,Okaloosa,CBA Santa Rosa Sound-1,1,4/24/22,,,,9,,,Q,,,,,,
7/1/22,3:00:00 PM,EDT,7/8/22,9:30:00 AM,EDT,Okaloosa,CBA Santa Rosa Sound-2,1,4/24/22,,,,4,,,Q,,,,,,
7/1/22,3:00:00 PM,EDT,7/8/22,9:30:00 AM,EDT,Okaloosa,CBA Santa Rosa Sound-3,1,4/24/22,,,,5,,,Q,,,,,,
7/12/22,2:00:00 PM,EDT,7/12/22,3:00:00 PM,EDT,Orange,Hickorynut,1,4/26/22,,,,25,,,Q,,,,,,
7/12/22,2:00:00 PM,EDT,7/12/22,3:00:00 PM,EDT,Orange,Hickorynut South,1,4/26/22,,,,24,,,Q,,,,,,
7/12/22,2:00:00 PM,EDT,7/12/22,3:00:00 PM,EDT,Orange,Little Hickorynut,1,4/26/22,,,,27,,,Q,,,,,,
6/6/22,10:55:00 AM,EDT,6/6/22,1:15:00 PM,EDT,Orange,Lockhart,1,1/31/22,,,,15,,,Q,,,,,,
7/7/22,9:33:00 AM,EDT,7/7/22,12:07:00 PM,EDT,Polk,Fauna,1,4/13/22,,,,22,,,Q,,,,,,
7/5/22,9:28:00 AM,EDT,7/5/22,12:12:00 PM,EDT,Putnam,Rowan,1,5/26/22,,,,214,,,Q,,,,,,
7/5/22,9:28:00 AM,EDT,7/5/22,12:12:00 PM,EDT,Putnam,Rowan,2,5/26/22,,,,212,,,Q,,,,,,
7/5/22,9:28:00 AM,EDT,7/5/22,12:12:00 PM,EDT,Putnam,Rowan,3,5/26/22,,,,215,,,Q,,,,,,
7/5/22,9:28:00 AM,EDT,7/5/22,12:12:00 PM,EDT,Putnam,Suggs,1,5/26/22,,,,337,,,Q,,,,,,
7/5/22,9:28:00 AM,EDT,7/5/22,12:12:00 PM,EDT,Putnam,Suggs,2,5/26/22,,,,337,,,Q,,,,,,
7/5/22,9:28:00 AM,EDT,7/5/22,12:12:00 PM,EDT,Putnam,Suggs,3,5/26/22,,,,340,,,Q,,,,,,
7/27/22,7:50:00 AM,EDT,7/27/22,10:06:00 AM,EDT,Putnam,Suggs,3,6/29/22,,,,295,,,Q,,,,,,
5/25/22,9:38:00 AM,EDT,5/25/22,12:05:00 PM,EDT,Sarasota,Upper Myakka,1,1/24/22,,,,65,,,Q,,,,,,
5/9/22,12:00:00 PM,EDT,5/9/22,1:30:00 PM,EDT,Seminole,Pearl 2,1,1/28/22,,,,15,,,Q,,,,,,
5/9/22,12:00:00 PM,EDT,5/9/22,1:30:00 PM,EDT,Seminole,Rock,1,1/3/22,,,,27,,,Q,,,,,,
5/25/22,9:38:00 AM,EDT,5/25/22,12:05:00 PM,EDT,Walton,Allen,1,1/17/22,,,,198,,,Q,,,,,,
5/25/22,9:38:00 AM,EDT,5/25/22,12:05:00 PM,EDT,Walton,Big Red Fish,1,1/24/22,,,,58,,,Q,,,,,,
2/21/22,10:47:00 AM,EST,2/21/22,12:49:00 PM,EST,Bay,St. Andrew Bay-1,1,10/26/21,,,,67,,,Q,,,,,,
2/21/22,10:47:00 AM,EST,2/21/22,12:49:00 PM,EST,Bay,St. Andrew Bay-2,1,10/26/21,,,,59,,,Q,,,,,,
2/21/22,10:47:00 AM,EST,2/21/22,12:49:00 PM,EST,Bay,St. Andrew Bay-3,1,10/26/21,,,,74,,,Q,,,,,,
2/21/22,10:47:00 AM,EST,2/21/22,12:49:00 PM,EST,Bay,St. Andrew Bay-6,1,10/26/21,,,,45,,,Q,,,,,,
2/21/22,10:47:00 AM,EST,2/21/22,12:49:00 PM,EST,Bay,St. Andrew Bay-7,1,10/26/21,,,,44,,,Q,,,,,,
2/21/22,10:47:00 AM,EST,2/21/22,12:49:00 PM,EST,Bay,St. Andrew Bay-12,1,10/26/21,,,,52,,,Q,,,,,,
2/21/22,10:47:00 AM,EST,2/21/22,12:49:00 PM,EST,Bay,West Bay-12,1,10/8/21,,,,74,,,Q,,,,,,
2/22/22,11:38:00 AM,EST,2/22/22,1:27:00 PM,EST,Collier,Harveys,1,10/24/21,,,,56,,,Q,,,,,,
2/22/22,11:38:00 AM,EST,2/22/22,1:27:00 PM,EST,Volusia,North Talmadge,1,10/19/21,,,,143,,,Q,,,,,,
2/23/22,1:00:00 PM,EST,2/23/22,2:45:00 PM,EST,Monroe,Stock Island-1,1,10/13/21,,,,9,,,Q,,,,,,
2/23/22,1:00:00 PM,EST,2/23/22,2:45:00 PM,EST,Monroe,Stock Island-2,1,10/13/21,,,,4,,,Q,,,,,,
2/23/22,1:00:00 PM,EST,2/23/22,2:45:00 PM,EST,Monroe,Stock Island-3,1,10/13/21,,,,3,,,Q,,,,,,
2/23/22,1:00:00 PM,EST,2/23/22,2:45:00 PM,EST,Monroe,Stock Island-4,1,10/13/21,,,,3,,,Q,,,,,,
2/23/22,1:00:00 PM,EST,2/23/22,2:45:00 PM,EST,Osceola,Alligator,1,10/14/21,,,,59,,,Q,,,,,,
3/2/22,1:30:00 PM,EST,3/2/22,2:45:00 PM,EST,Hillsborough,Cypress Creek-122,1,10/28/21,,,,172,,,Q,,,,,,
3/2/22,1:30:00 PM,EST,3/2/22,2:45:00 PM,EST,Hillsborough,Cypress Creek-122,2,10/28/21,,,,164,,,Q,,,,,,
3/2/22,1:30:00 PM,EST,3/2/22,2:45:00 PM,EST,Lake,Fish,1,10/8/21,,,,38,,,Q,,,,,,
3/21/22,11:34:00 AM,EDT,3/21/22,1:51:00 PM,EDT,Okaloosa,CBA Ft. Walton Beach-4,1,10/21/21,,,,18,,,Q,,,,,,
3/21/22,11:34:00 AM,EDT,3/21/22,1:51:00 PM,EDT,Okaloosa,CBA Ft. Walton Beach-5,1,10/21/21,,,,18,,,Q,,,,,,
3/21/22,11:34:00 AM,EDT,3/21/22,1:51:00 PM,EDT,Okaloosa,CBA Ft. Walton Beach-6,1,10/21/21,,,,21,,,Q,,,,,,
3/22/22,11:32:00 AM,EDT,3/22/22,2:06:00 PM,EDT,Bradford,Rowell,3,1/15/22,,,,60,,,Q,,,,,,
4/12/22,9:44:00 AM,EDT,4/12/22,11:36:00 AM,EDT,Orange,Hickorynut,1,1/25/22,,,,29,,,Q,,,,,,
4/12/22,9:44:00 AM,EDT,4/12/22,11:36:00 AM,EDT,Orange,Hickorynut South,1,1/25/22,,,,23,,,Q,,,,,,
4/12/22,9:44:00 AM,EDT,4/12/22,11:36:00 AM,EDT,Orange,Little Hickorynut,1,1/25/22,,,,34,,,Q,,,,,,
8/16/23,1:30:00 PM,EDT,8/17/23,10:00:00 AM,EDT,Charlotte,White Marsh Inflow,1,4/21/23,,,,42,,,Q,,,,,,
8/16/23,1:30:00 PM,EDT,8/17/23,10:00:00 AM,EDT,Collier,Islandwalk,1,4/7/23,,,,21,,,Q,,,,,,
10/25/23,10:00:00 AM,EDT,10/25/23,12:21:00 PM,EDT,Columbia,Lower Ichetucknee River-1,1,10/19/22,,,,0,,,QTI,,,,,,
10/25/23,10:00:00 AM,EDT,10/25/23,12:21:00 PM,EDT,Columbia,Lower Ichetucknee River-1,1,4/12/23,,,,0,,,QTI,,,,,,
10/25/23,10:00:00 AM,EDT,10/25/23,12:21:00 PM,EDT,Columbia,Lower Ichetucknee River-1,1,7/6/23,,,,1,,,QU,,,,,,
10/25/23,10:00:00 AM,EDT,10/25/23,12:21:00 PM,EDT,Columbia,Lower Ichetucknee River-2,1,10/19/22,,,,0,,,QTI,,,,,,
10/25/23,10:00:00 AM,EDT,10/25/23,12:21:00 PM,EDT,Columbia,Lower Ichetucknee River-2,1,4/12/23,,,,5,,,Q,,,,,,
10/25/23,10:00:00 AM,EDT,10/25/23,12:21:00 PM,EDT,Columbia,Lower Ichetucknee River-2,1,7/6/23,,,,2,,,Q,,,,,,
10/25/23,10:00:00 AM,EDT,10/25/23,12:21:00 PM,EDT,Columbia,Lower Ichetucknee River-3,1,10/19/22,,,,0,,,QTI,,,,,,
10/25/23,10:00:00 AM,EDT,10/25/23,12:21:00 PM,EDT,Columbia,Lower Ichetucknee River-3,1,4/12/23,,,,2,,,Q,,,,,,
10/25/23,10:00:00 AM,EDT,10/25/23,12:21:00 PM,EDT,Columbia,Lower Ichetucknee River-3,1,7/6/23,,,,5,,,Q,,,,,,
9/20/23,10:09:00 AM,EDT,9/20/23,11:24:00 AM,EDT,Hillsborough,Cypress Creek-122,1,7/24/23,,,,116,,,Q,,,,,,
9/20/23,10:09:00 AM,EDT,9/20/23,11:24:00 AM,EDT,Hillsborough,Cypress Creek-122,2,7/24/23,,,,111,,,Q,,,,,,
8/31/23,9:45:00 AM,EDT,8/31/23,12:00:00 PM,EDT,Pinellas,Crescent,1,7/29/23,,,,18,,,Q,,,,,,
10/25/23,10:00:00 AM,EDT,10/25/23,12:21:00 PM,EDT,Putnam,Annie,1,7/16/23,,,,11,,,Q,,,,,,
10/24/23,9:31:00 AM,EDT,10/24/23,9:31:00 AM,EDT,Sarasota,Uplands,1,7/30/23,,,,144,,,Q,,,,,,
8/1/23,2:30:00 PM,EDT,8/2/23,9:45:00 AM,EDT,Seminole,Horseshoe North,1,4/5/23,,,,167,,,Q,,,,,,
10/31/23,9:26:00 AM,EDT,10/31/23,10:59:00 AM,EDT,Seminole,Mary,1,7/15/23,,,,32,,,Q,,,,,,
6/12/24,12:00:00 AM,EDT,6/12/24,12:00:00 AM,EDT,Alachua,Blues Creek-1,1,4/15/24,EST,,,22,,,Q,,,,,,
6/12/24,12:00:00 AM,EDT,6/12/24,12:00:00 AM,EDT,Alachua,Blues Creek-2,1,4/15/24,EST,,,320,,,Q,,,,,,
6/12/24,12:00:00 AM,EDT,6/12/24,12:00:00 AM,EDT,Alachua,Blues Creek-3,1,4/15/24,EST,,,352,,,Q,,,,,,
6/12/24,12:00:00 AM,EDT,6/12/24,12:00:00 AM,EDT,Alachua,Cellon Creek-1,1,4/15/24,EST,,,103,,,Q,,,,,,
6/12/24,12:00:00 AM,EDT,6/12/24,12:00:00 AM,EDT,Alachua,Cellon Creek-2,1,4/15/24,EST,,,75,,,Q,,,,,,
6/12/24,12:00:00 AM,EDT,6/12/24,12:00:00 AM,EDT,Alachua,Cellon Creek-3,1,4/15/24,EST,,,47,,,Q,,,,,,
6/12/24,12:00:00 AM,EDT,6/12/24,12:00:00 AM,EDT,Alachua,Cellon Creek-4,1,4/15/24,EST,,,44,,,Q,,,,,,
4/4/24,10:18:00 AM,EDT,4/4/24,12:42:00 PM,EDT,Alachua,Elizabeth,1,1/28/24,EST,,,121,,,Q,,,,,,
7/18/24,10:17:00 AM,EDT,7/18/24,12:34:00 PM,EDT,Alachua,Elizabeth,1,4/30/24,EST,,,113,,,Q,,,,,,
7/12/24,8:56:00 AM,EDT,7/12/24,7:51:00 AM,EDT,Alachua,Hogtown Creek-1,1,4/1/24,EST,,,40,,,Q,,,,,,
7/12/24,8:56:00 AM,EDT,7/12/24,7:51:00 AM,EDT,Alachua,Hogtown Creek-2,1,4/1/24,EST,,,42,,,Q,,,,,,
7/18/24,10:17:00 AM,EDT,7/18/24,12:34:00 PM,EDT,Alachua,Jeffords,1,4/20/24,EST,,,89,,,Q,,,,,,
6/12/24,12:00:00 AM,EDT,6/12/24,12:00:00 AM,EDT,Alachua,Kingswood,1,4/26/24,EST,,,150,,,Q,,,,,,
7/10/24,10:33:00 AM,EDT,7/10/24,12:46:00 PM,EDT,Bay,East Bay-4,1,4/25/24,CST,,,50,,,Q,,,,,,
7/10/24,10:33:00 AM,EDT,7/10/24,12:46:00 PM,EDT,Bay,East Bay-5,1,4/25/24,CST,,,44,,,Q,,,,,,
7/12/24,8:56:00 AM,EDT,7/12/24,7:51:00 AM,EDT,Brevard,Washington,1,4/24/24,EST,,,132,,,Q,,,,,,
4/19/24,9:46:00 AM,EDT,4/19/24,11:46:00 AM,EDT,Charlotte,White Marsh Inflow,1,1/30/24,EST,,,42,,,Q,,,,,,
7/11/24,9:46:00 AM,EDT,7/11/24,11:39:00 AM,EDT,Citrus,Crystal River-1,1,4/30/24,EST,,,14,,,Q,,,,,,
7/11/24,9:46:00 AM,EDT,7/11/24,11:39:00 AM,EDT,Citrus,Crystal River-3,1,4/24/24,EST,,,11,,,Q,,,,,,
7/11/24,9:46:00 AM,EDT,7/11/24,11:39:00 AM,EDT,Citrus,Crystal River-6,1,4/23/24,EST,,,10,,,Q,,,,,,
7/11/24,9:46:00 AM,EDT,7/11/24,11:39:00 AM,EDT,Citrus,Crystal River-7,1,4/30/24,EST,,,10,,,Q,,,,,,
4/5/24,12:30:00 AM,EDT,4/8/24,11:50:00 AM,EDT,Clay,Johnson,1,1/19/24,EST,,,12,,,Q,,,,,,
4/19/24,9:46:00 AM,EDT,4/19/24,11:46:00 AM,EDT,Collier,Seacrest 1,1,1/15/24,EST,,,8,,,Q,,,,,,
3/19/24,9:30:00 AM,EDT,3/19/24,10:44:00 AM,EDT,Columbia,Jeffery,1,10/27/23,EST,,,52,,,Q,,,,,,
5/22/24,9:06:00 AM,EDT,5/22/24,10:53:00 AM,EDT,Gulf,Cattledip,1,7/7/22,EST,,,169,,,Q,,,,,,
5/22/24,9:06:00 AM,EDT,5/22/24,10:53:00 AM,EDT,Gulf,Cattledip,1,1/11/23,EST,,,79,,,Q,,,,,,
5/22/24,9:06:00 AM,EDT,5/22/24,10:53:00 AM,EDT,Gulf,Cattledip,1,4/12/23,EST,,,205,,,Q,,,,,,
6/27/24,12:30:00 PM,EDT,6/27/24,2:15:00 PM,EDT,Gulf,Cattledip,1,10/16/23,,,,256,,,Q,,,,,,
6/27/24,12:30:00 PM,EDT,6/27/24,2:15:00 PM,EDT,Gulf,Cattledip,1,1/15/24,,,,285,,,Q,,,,,,
5/22/24,9:06:00 AM,EDT,5/22/24,10:53:00 AM,EDT,Gulf,Depot Creek-1,1,7/7/22,EST,,,264,,,Q,,,,,,
5/22/24,9:06:00 AM,EDT,5/22/24,10:53:00 AM,EDT,Gulf,Depot Creek-1,1,10/11/22,EST,,,195,,,Q,,,,,,
5/22/24,9:06:00 AM,EDT,5/22/24,10:53:00 AM,EDT,Gulf,Depot Creek-1,1,1/11/23,EST,,,171,,,Q,,,,,,
5/22/24,9:06:00 AM,EDT,5/22/24,10:53:00 AM,EDT,Gulf,Depot Creek-1,1,4/12/23,EST,,,223,,,Q,,,,,,
6/27/24,12:30:00 PM,EDT,6/27/24,2:15:00 PM,EDT,Gulf,Depot Creek-1,1,10/16/23,,,,286,,,Q,,,,,,
6/27/24,12:30:00 PM,EDT,6/27/24,2:15:00 PM,EDT,Gulf,Depot Creek-1,1,1/15/24,,,,214,,,Q,,,,,,
5/22/24,9:06:00 AM,EDT,5/22/24,10:53:00 AM,EDT,Gulf,Dove Field-1,1,7/7/22,EST,,,111,,,Q,,,,,,
5/22/24,9:06:00 AM,EDT,5/22/24,10:53:00 AM,EDT,Gulf,Dove Field-1,1,10/11/22,EST,,,128,,,Q,,,,,,
5/22/24,9:06:00 AM,EDT,5/22/24,10:53:00 AM,EDT,Gulf,Dove Field-1,1,1/11/23,EST,,,155,,,Q,,,,,,
5/22/24,9:06:00 AM,EDT,5/22/24,10:53:00 AM,EDT,Gulf,Dove Field-1,1,4/12/23,EST,,,73,,,Q,,,,,,
6/27/24,12:30:00 PM,EDT,6/27/24,2:15:00 PM,EDT,Gulf,Dove Field-1,1,10/16/23,,,,191,,,Q,,,,,,
6/27/24,12:30:00 PM,EDT,6/27/24,2:15:00 PM,EDT,Gulf,Dove Field-1,1,1/15/24,,,,250,,,Q,,,,,,
5/22/24,9:06:00 AM,EDT,5/22/24,10:53:00 AM,EDT,Gulf,Money Bayou-1,1,7/7/22,EST,,,384,,,Q,,,,,,
5/22/24,9:06:00 AM,EDT,5/22/24,10:53:00 AM,EDT,Gulf,Money Bayou-1,1,10/11/22,EST,,,112,,,Q,,,,,,
5/22/24,9:06:00 AM,EDT,5/22/24,10:53:00 AM,EDT,Gulf,Money Bayou-1,1,1/11/23,EST,,,200,,,Q,,,,,,
5/22/24,9:06:00 AM,EDT,5/22/24,10:53:00 AM,EDT,Gulf,Money Bayou-1,1,4/12/23,EST,,,206,,,Q,,,,,,
6/27/24,12:30:00 PM,EDT,6/27/24,2:15:00 PM,EDT,Gulf,Money Bayou-1,1,10/16/23,,,,292,,,Q,,,,,,
6/27/24,12:30:00 PM,EDT,6/27/24,2:15:00 PM,EDT,Gulf,Money Bayou-1,1,1/15/24,,,,246,,,Q,,,,,,
5/22/24,9:06:00 AM,EDT,5/22/24,10:53:00 AM,EDT,Gulf,Pond Road,1,7/7/22,EST,,,389,,,Q,,,,,,
5/22/24,9:06:00 AM,EDT,5/22/24,10:53:00 AM,EDT,Gulf,Pond Road,1,10/11/22,EST,,,336,,,Q,,,,,,
5/22/24,9:06:00 AM,EDT,5/22/24,10:53:00 AM,EDT,Gulf,Pond Road,1,1/11/23,EST,,,172,,,Q,,,,,,
5/22/24,9:06:00 AM,EDT,5/22/24,10:53:00 AM,EDT,Gulf,Pond Road,1,4/12/23,EST,,,206,,,Q,,,,,,
6/27/24,12:30:00 PM,EDT,6/27/24,2:15:00 PM,EDT,Gulf,Pond Road,1,10/16/23,,,,259,,,Q,,,,,,
6/27/24,12:30:00 PM,EDT,6/27/24,2:15:00 PM,EDT,Gulf,Pond Road,1,1/15/24,,,,207,,,Q,,,,,,
5/22/24,9:06:00 AM,EDT,5/22/24,10:53:00 AM,EDT,Gulf,Simmons Bayou-1,1,7/7/22,EST,,,69,,,Q,,,,,,
5/22/24,9:06:00 AM,EDT,5/22/24,10:53:00 AM,EDT,Gulf,Simmons Bayou-1,1,10/11/22,EST,,,31,,,Q,,,,,,
5/22/24,9:06:00 AM,EDT,5/22/24,10:53:00 AM,EDT,Gulf,Simmons Bayou-1,1,1/11/23,EST,,,24,,,Q,,,,,,
5/22/24,9:06:00 AM,EDT,5/22/24,10:53:00 AM,EDT,Gulf,Simmons Bayou-1,1,4/12/23,EST,,,72,,,Q,,,,,,
6/27/24,12:30:00 PM,EDT,6/27/24,2:15:00 PM,EDT,Gulf,Simmons Bayou-1,1,10/16/23,,,,82,,,Q,,,,,,
6/27/24,12:30:00 PM,EDT,6/27/24,2:15:00 PM,EDT,Gulf,Simmons Bayou-1,1,1/15/24,,,,45,,,Q,,,,,,
5/22/24,9:06:00 AM,EDT,5/22/24,10:53:00 AM,EDT,Gulf,South Gate,1,7/7/22,EST,,,140,,,Q,,,,,,
5/22/24,9:06:00 AM,EDT,5/22/24,10:53:00 AM,EDT,Gulf,South Gate,1,1/11/23,EST,,,181,,,Q,,,,,,
5/22/24,9:06:00 AM,EDT,5/22/24,10:53:00 AM,EDT,Gulf,South Gate,1,4/12/23,EST,,,107,,,Q,,,,,,
6/27/24,12:30:00 PM,EDT,6/27/24,2:15:00 PM,EDT,Gulf,South Gate,1,10/16/23,,,,169,,,Q,,,,,,
6/27/24,12:30:00 PM,EDT,6/27/24,2:15:00 PM,EDT,Gulf,South Gate,1,1/15/24,,,,124,,,Q,,,,,,
5/22/24,9:06:00 AM,EDT,5/22/24,10:53:00 AM,EDT,Hernando,Hunter,1,10/20/22,EST,,,32,,,Q,,,,,,
5/22/24,9:06:00 AM,EDT,5/22/24,10:53:00 AM,EDT,Hernando,Hunter,2,10/27/23,EST,,,21,,,Q,,,,,,
7/18/24,10:17:00 AM,EDT,7/18/24,12:34:00 PM,EDT,Highlands,Annie,1,4/16/24,EST,,,72,,,Q,,,,,,
7/18/24,10:17:00 AM,EDT,7/18/24,12:34:00 PM,EDT,Highlands,Carrie,1,4/25/24,EST,,,102,,,Q,,,,,,
7/18/24,10:17:00 AM,EDT,7/18/24,12:34:00 PM,EDT,Highlands,Catfish Creek-1,1,4/20/24,EST,,,57,,,Q,,,,,,
7/18/24,10:17:00 AM,EDT,7/18/24,12:34:00 PM,EDT,Highlands,Catfish Creek-2,1,4/20/24,EST,,,61,,,Q,,,,,,
7/18/24,10:17:00 AM,EDT,7/18/24,12:34:00 PM,EDT,Highlands,Catfish Creek-3,1,4/20/24,EST,,,69,,,Q,,,,,,
7/18/24,10:17:00 AM,EDT,7/18/24,12:34:00 PM,EDT,Highlands,Dinner,1,4/20/24,EST,,,10,,,Q,,,,,,
5/22/24,9:06:00 AM,EDT,5/22/24,10:53:00 AM,EDT,Highlands,Istokpoga,1,1/30/24,EST,,,106,,,Q,,,,,,
7/18/24,10:17:00 AM,EDT,7/18/24,12:34:00 PM,EDT,Highlands,June,1,4/20/24,EST,,,11,,,Q,,,,,,
7/18/24,10:17:00 AM,EDT,7/18/24,12:34:00 PM,EDT,Highlands,June North,1,4/20/24,EST,,,12,,,Q,,,,,,
7/18/24,10:17:00 AM,EDT,7/18/24,12:34:00 PM,EDT,Highlands,Lillian,1,4/26/24,EST,,,11,,,Q,,,,,,
7/18/24,10:17:00 AM,EDT,7/18/24,12:34:00 PM,EDT,Highlands,Little Jackson,1,4/16/24,EST,,,21,,,Q,,,,,,
7/18/24,10:17:00 AM,EDT,7/18/24,12:34:00 PM,EDT,Highlands,Lynn,1,4/24/24,EST,,,4,,,Q,,,,,,
7/18/24,10:17:00 AM,EDT,7/18/24,12:34:00 PM,EDT,Highlands,Red Beach,1,4/24/24,EST,,,35,,,Q,,,,,,
4/5/24,12:30:00 PM,EDT,4/5/24,2:48:00 PM,EDT,Hillsborough,Breckenridge,1,1/11/24,EST,,,16,,,Q,,,,,,
4/4/24,10:18:00 AM,EDT,4/4/24,12:42:00 PM,EDT,Hillsborough,Cypress,1,1/27/24,EST,,,27,,,Q,,,,,,
4/4/24,10:18:00 AM,EDT,4/4/24,12:42:00 PM,EDT,Hillsborough,Cypress Creek-122-2,1,1/24/24,EST,,,114,,,Q,,,,,,
4/4/24,10:18:00 AM,EDT,4/4/24,12:42:00 PM,EDT,Hillsborough,Cypress Creek-122-1,1,1/24/24,EST,,,116,,,Q,,,,,,
6/27/24,12:30:00 PM,EDT,6/27/24,2:15:00 PM,EDT,Holmes,CBA River-7,1,4/10/24,,,,16,,,Q,,,,,,
6/27/24,12:30:00 PM,EDT,6/27/24,2:15:00 PM,EDT,Holmes,CBA River-8,1,4/10/24,,,,17,,,Q,,,,,,
6/27/24,12:30:00 PM,EDT,6/27/24,2:15:00 PM,EDT,Holmes,CBA River-9,1,4/11/24,,,,20,,,Q,,,,,,
7/12/24,8:56:00 AM,EDT,7/12/24,7:51:00 AM,EDT,Indian River,Blue Cypress,1,4/25/24,EST,,,206,,,Q,,,,,,
7/12/24,8:56:00 AM,EDT,7/12/24,7:51:00 AM,EDT,Lake,Bugg Springs,1,4/28/24,EST,,,6,,,Q,,,,,,
7/12/24,8:56:00 AM,EDT,7/12/24,7:51:00 AM,EDT,Lake,Bugg Springs,2,4/28/24,EST,,,4,,,Q,,,,,,
7/18/24,10:17:00 AM,EDT,7/18/24,12:34:00 PM,EDT,Lake,Florence,1,4/7/24,EST,,,16,,,Q,,,,,,
7/12/24,8:56:00 AM,EDT,7/12/24,7:51:00 AM,EDT,Marion,Deerback,1,4/20/24,EST,,,23,,,Q,,,,,,
4/5/24,12:30:00 AM,EDT,4/8/24,11:50:00 AM,EDT,Marion,Silver River-1,1,1/30/24,EST,,,5,,,Q,,,,,,
4/5/24,12:30:00 AM,EDT,4/8/24,11:50:00 AM,EDT,Marion,Silver River-2,1,1/30/24,EST,,,2,,,Q,,,,,,
4/5/24,12:30:00 AM,EDT,4/8/24,11:50:00 AM,EDT,Marion,Silver River-4,1,1/30/24,EST,,,3,,,Q,,,,,,
7/12/24,8:56:00 AM,EDT,7/12/24,7:51:00 AM,EDT,Miami-Dade,E,1,4/7/24,EST,,,6,,,Q,,,,,,
4/19/24,9:46:00 AM,EDT,4/19/24,11:46:00 AM,EDT,Monroe,Tarpon Basin-3,1,1/17/24,EST,,,7,,,Q,,,,,,
7/12/24,8:56:00 AM,EDT,7/12/24,7:51:00 AM,EDT,Monroe,Tom's Harbor-1,1,4/26/24,EST,,,3,,,Q,,,,,,
7/12/24,8:56:00 AM,EDT,7/12/24,7:51:00 AM,EDT,Monroe,Tom's Harbor-2,1,4/26/24,EST,,,5,,,Q,,,,,,
7/12/24,8:56:00 AM,EDT,7/12/24,7:51:00 AM,EDT,Monroe,Tom's Harbor-3,1,4/26/24,EST,,,4,,,Q,,,,,,
3/19/24,9:30:00 AM,EDT,3/19/24,10:44:00 AM,EDT,Osceola,Bellalago,1,1/16/24,EST,,,41,,,Q,,,,,,
3/19/24,9:30:00 AM,EDT,3/19/24,10:44:00 AM,EDT,Osceola,Tohopekaliga-Middle,1,1/16/24,EST,,,49,,,Q,,,,,,
4/4/24,10:18:00 AM,EDT,4/4/24,12:42:00 PM,EDT,Palm Beach,Green Cay,1,1/13/24,EST,,,61,,,Q,,,,,,
7/12/24,8:56:00 AM,EDT,7/12/24,7:51:00 AM,EDT,Palm Beach,Green Cay,1,4/20/24,EST,,,59,,,Q,,,,,,
7/12/24,8:56:00 AM,EDT,7/12/24,7:51:00 AM,EDT,Palm Beach,Westwood,1,4/26/24,EST,,,14,,,Q,,,,,,
7/18/24,10:17:00 AM,EDT,7/18/24,12:34:00 PM,EDT,Pasco,Bird,1,4/16/24,EST,,,35,,,Q,,,,,,
7/18/24,10:17:00 AM,EDT,7/18/24,12:34:00 PM,EDT,Pasco,Conley,1,4/6/24,EST,,,29,,,Q,,,,,,
7/18/24,10:17:00 AM,EDT,7/18/24,12:34:00 PM,EDT,Pasco,East,1,4/18/24,EST,,,10,,,Q,,,,,,
7/18/24,10:17:00 AM,EDT,7/18/24,12:34:00 PM,EDT,Pasco,Jovita,1,4/17/24,EST,,,14,,,Q,,,,,,
5/22/24,9:06:00 AM,EDT,5/22/24,10:53:00 AM,EDT,Pinellas,Autumn,1,1/21/24,EST,,,39,,,Q,,,,,,
7/12/24,8:56:00 AM,EDT,7/12/24,7:51:00 AM,EDT,Pinellas,Bellevue,1,4/18/24,EST,,,20,,,Q,,,,,,
7/12/24,8:56:00 AM,EDT,7/12/24,7:51:00 AM,EDT,Pinellas,Crescent,1,4/27/24,EST,,,32,,,Q,,,,,,
7/12/24,8:56:00 AM,EDT,7/12/24,7:51:00 AM,EDT,Pinellas,Meadow West,1,4/23/24,EST,,,53,,,Q,,,,,,
7/12/24,8:56:00 AM,EDT,7/12/24,7:51:00 AM,EDT,Pinellas,Seminole,1,4/25/24,EST,,,35,,,Q,,,,,,
7/12/24,8:56:00 AM,EDT,7/12/24,7:51:00 AM,EDT,Pinellas,Winston,1,4/14/24,EST,,,37,,,Q,,,,,,
4/5/24,12:30:00 AM,EDT,4/8/24,11:50:00 AM,EDT,Polk,Big Bass,1,1/10/24,EST,,,46,,,Q,,,,,,
4/5/24,12:30:00 AM,EDT,4/8/24,11:50:00 AM,EDT,Polk,Boca Cove,1,1/10/24,EST,,,56,,,Q,,,,,,
4/19/24,9:46:00 AM,EDT,4/19/24,11:46:00 AM,EDT,Polk,Crooked,1,1/26/24,EST,,,22,,,Q,,,,,,
4/19/24,9:46:00 AM,EDT,4/19/24,11:46:00 AM,EDT,Polk,Crooked-Babson Park,1,1/26/24,EST,,,21,,,Q,,,,,,
4/19/24,9:46:00 AM,EDT,4/19/24,11:46:00 AM,EDT,Polk,Crooked-Seminole Rd. drain,1,1/26/24,EST,,,22,,,Q,,,,,,
4/4/24,10:18:00 AM,EDT,4/4/24,12:42:00 PM,EDT,Polk,Flora,1,1/10/24,EST,,,51,,,Q,,,,,,
4/5/24,12:30:00 AM,EDT,4/8/24,11:50:00 AM,EDT,Polk,Gaskin's Cut,1,1/10/24,EST,,,48,,,Q,,,,,,
4/5/24,12:30:00 AM,EDT,4/8/24,11:50:00 AM,EDT,Polk,Little Bass,1,1/10/24,EST,,,47,,,Q,,,,,,
4/3/24,12:30:00 PM,EDT,4/3/24,12:30:00 PM,EDT,Polk,Otis,1,10/31/23,EST,,,19,,,Q,,,,,,
4/5/24,12:30:00 AM,EDT,4/8/24,11:50:00 AM,EDT,Polk,Saddlebag,1,1/25/24,EST,,,17,,,Q,,,,,,
7/12/24,8:56:00 AM,EDT,7/12/24,7:51:00 AM,EDT,Polk,Tiger,1,4/14/24,EST,,,45,,,Q,,,,,,
4/5/24,12:30:00 AM,EDT,4/8/24,11:50:00 AM,EDT,Polk,Whistler,1,1/26/24,EST,,,14,,,Q,,,,,,
7/10/24,10:33:00 AM,EDT,7/10/24,12:46:00 PM,EDT,Putnam,Anderson Cue,1,5/28/24,EST,,,14,,,Q,,,,,,
7/10/24,10:33:00 AM,EDT,7/10/24,12:46:00 PM,EDT,Putnam,Anderson Cue,2,5/28/24,EST,,,9,,,Q,,,,,,
7/10/24,10:33:00 AM,EDT,7/10/24,12:46:00 PM,EDT,Putnam,Anderson Cue,3,5/28/24,EST,,,6,,,Q,,,,,,
7/10/24,10:33:00 AM,EDT,7/10/24,12:46:00 PM,EDT,Putnam,Barco,1,5/28/24,EST,,,5,,,Q,,,,,,
7/10/24,10:33:00 AM,EDT,7/10/24,12:46:00 PM,EDT,Putnam,Barco,2,5/28/24,EST,,,6,,,Q,,,,,,
7/10/24,10:33:00 AM,EDT,7/10/24,12:46:00 PM,EDT,Putnam,Barco,3,5/28/24,EST,,,6,,,Q,,,,,,
6/12/24,12:00:00 AM,EDT,6/12/24,12:00:00 AM,EDT,Putnam,Blue,1,4/5/24,EST,,,12,,,Q,,,,,,
6/27/24,12:30:00 PM,EDT,6/27/24,2:15:00 PM,EDT,Putnam,Blue,2,4/5/24,,,,13,,,Q,,,,,,
6/12/24,12:00:00 AM,EDT,6/12/24,12:00:00 AM,EDT,Putnam,Broward,1,1/22/24,EST,,,23,,,Q,,,,,,
7/10/24,10:33:00 AM,EDT,7/10/24,12:46:00 PM,EDT,Putnam,Enslow,1,5/28/24,EST,,,18,,,Q,,,,,,
7/10/24,10:33:00 AM,EDT,7/10/24,12:46:00 PM,EDT,Putnam,Enslow,2,5/28/24,EST,,,19,,,Q,,,,,,
7/10/24,10:33:00 AM,EDT,7/10/24,12:46:00 PM,EDT,Putnam,Enslow,3,5/28/24,EST,,,18,,,Q,,,,,,
7/12/24,8:56:00 AM,EDT,7/12/24,7:51:00 AM,EDT,Putnam,Fanny,1,4/28/24,EST,,,11,,,Q,,,,,,
7/10/24,10:33:00 AM,EDT,7/10/24,12:46:00 PM,EDT,Putnam,Goose,1,5/29/24,EST,,,255,,,Q,,,,,,
7/10/24,10:33:00 AM,EDT,7/10/24,12:46:00 PM,EDT,Putnam,Goose,2,5/29/24,EST,,,269,,,Q,,,,,,
7/10/24,10:33:00 AM,EDT,7/10/24,12:46:00 PM,EDT,Putnam,Goose,3,5/29/24,EST,,,249,,,Q,,,,,,
7/10/24,10:33:00 AM,EDT,7/10/24,12:46:00 PM,EDT,Putnam,McCloud,1,5/28/24,EST,,,14,,,Q,,,,,,
7/10/24,10:33:00 AM,EDT,7/10/24,12:46:00 PM,EDT,Putnam,McCloud,2,5/28/24,EST,,,9,,,Q,,,,,,
7/10/24,10:33:00 AM,EDT,7/10/24,12:46:00 PM,EDT,Putnam,McCloud,3,5/28/24,EST,,,9,,,Q,,,,,,
7/10/24,10:33:00 AM,EDT,7/10/24,12:46:00 PM,EDT,Putnam,Ross,1,5/29/24,EST,,,300,,,Q,,,,,,
7/10/24,10:33:00 AM,EDT,7/10/24,12:46:00 PM,EDT,Putnam,Ross,2,5/29/24,EST,,,280,,,Q,,,,,,
7/10/24,10:33:00 AM,EDT,7/10/24,12:46:00 PM,EDT,Putnam,Ross,3,5/29/24,EST,,,300,,,Q,,,,,,
7/10/24,10:33:00 AM,EDT,7/10/24,12:46:00 PM,EDT,Putnam,Rowan,1,5/28/24,EST,,,133,,,Q,,,,,,
7/10/24,10:33:00 AM,EDT,7/10/24,12:46:00 PM,EDT,Putnam,Rowan,2,5/28/24,EST,,,134,,,Q,,,,,,
7/10/24,10:33:00 AM,EDT,7/10/24,12:46:00 PM,EDT,Putnam,Rowan,3,5/28/24,EST,,,133,,,Q,,,,,,
7/10/24,10:33:00 AM,EDT,7/10/24,12:46:00 PM,EDT,Putnam,Suggs,1,5/29/24,EST,,,272,,,Q,,,,,,
7/10/24,10:33:00 AM,EDT,7/10/24,12:46:00 PM,EDT,Putnam,Suggs,2,5/29/24,EST,,,266,,,Q,,,,,,
7/10/24,10:33:00 AM,EDT,7/10/24,12:46:00 PM,EDT,Putnam,Suggs,3,5/29/24,EST,,,266,,,Q,,,,,,
4/19/24,9:46:00 AM,EDT,4/19/24,11:46:00 AM,EDT,Sarasota,Awesome,1,1/22/24,EST,,,15,,,Q,,,,,,
5/9/24,12:05:00 PM,EDT,5/9/24,12:00:00 AM,EDT,Sarasota,Center,1,1/11/24,EST,,,34,,,Q,,,,,,
5/9/24,12:05:00 PM,EDT,5/9/24,12:00:00 AM,EDT,Sarasota,Lake 37,1,1/4/24,EST,,,23,,,Q,,,,,,
5/22/24,9:06:00 AM,EDT,5/22/24,10:53:00 AM,EDT,Sarasota,Lake G-20,1,1/4/24,EST,,,22,,,Q,,,,,,
5/22/24,9:06:00 AM,EDT,5/22/24,10:53:00 AM,EDT,Sarasota,Lake M-9,1,1/4/24,EST,,,49,,,Q,,,,,,
5/22/24,9:06:00 AM,EDT,5/22/24,10:53:00 AM,EDT,Sarasota,Pinebrook South,1,1/23/24,EST,,,27,,,Q,,,,,,
5/22/24,9:06:00 AM,EDT,5/22/24,10:53:00 AM,EDT,Sarasota,South,2,1/11/24,EST,,,23,,,Q,,,,,,
4/19/24,9:46:00 AM,EDT,4/19/24,11:46:00 AM,EDT,Sarasota,Upper Myakka,1,1/30/24,EST,,,118,,,Q,,,,,,
7/11/24,9:46:00 AM,EDT,7/11/24,11:39:00 AM,EDT,Seminole,Brantley,1,4/7/24,EST,,,15,,,Q,,,,,,
7/11/24,9:46:00 AM,EDT,7/11/24,11:39:00 AM,EDT,Seminole,Clear,1,4/25/24,EST,,,78,,,Q,,,,,,
7/11/24,9:46:00 AM,EDT,7/11/24,11:39:00 AM,EDT,Seminole,Concord,1,4/30/24,EST,,,21,,,Q,,,,,,
7/11/24,9:46:00 AM,EDT,7/11/24,11:39:00 AM,EDT,Seminole,Crescent,1,4/20/24,EST,,,29,,,Q,,,,,,
7/11/24,9:46:00 AM,EDT,7/11/24,11:39:00 AM,EDT,Seminole,Crystal Bowl,1,4/30/24,EST,,,13,,,Q,,,,,,
6/12/24,12:00:00 AM,EDT,6/12/24,12:00:00 AM,EDT,Seminole,Cub,1,1/24/24,EST,,,18,,,Q,,,,,,
7/11/24,9:46:00 AM,EDT,7/11/24,11:39:00 AM,EDT,Seminole,East,1,4/17/24,EST,,,42,,,Q,,,,,,
7/11/24,9:46:00 AM,EDT,7/11/24,11:39:00 AM,EDT,Seminole,Horseshoe North,1,4/3/24,EST,,,104,,,Q,,,,,,
7/11/24,9:46:00 AM,EDT,7/11/24,11:39:00 AM,EDT,Seminole,Little Bear,1,4/19/24,EST,,,17,,,Q,,,,,,
7/11/24,9:46:00 AM,EDT,7/11/24,11:39:00 AM,EDT,Seminole,Lost,1,4/20/24,EST,,,43,,,Q,,,,,,
7/11/24,9:46:00 AM,EDT,7/11/24,11:39:00 AM,EDT,Seminole,Mary,1,4/21/24,EST,,,25,,,Q,,,,,,
7/11/24,9:46:00 AM,EDT,7/11/24,11:39:00 AM,EDT,Seminole,Miami Springs-1,1,1/27/24,EST,,,5,,,Q,,,,,,
7/11/24,9:46:00 AM,EDT,7/11/24,11:39:00 AM,EDT,Seminole,Miami Springs-1,1,4/26/24,EST,,,4,,,Q,,,,,,
7/11/24,9:46:00 AM,EDT,7/11/24,11:39:00 AM,EDT,Seminole,Miami Springs-2,1,1/27/24,EST,,,4,,,Q,,,,,,
7/11/24,9:46:00 AM,EDT,7/11/24,11:39:00 AM,EDT,Seminole,Miami Springs-2,1,4/26/24,EST,,,6,,,Q,,,,,,
7/11/24,9:46:00 AM,EDT,7/11/24,11:39:00 AM,EDT,Seminole,Miami Springs-3,1,1/27/24,EST,,,4,,,Q,,,,,,
7/11/24,9:46:00 AM,EDT,7/11/24,11:39:00 AM,EDT,Seminole,Miami Springs-3,1,4/26/24,EST,,,6,,,Q,,,,,,
7/11/24,9:46:00 AM,EDT,7/11/24,11:39:00 AM,EDT,Seminole,Quail Pond,1,4/30/24,EST,,,37,,,Q,,,,,,
7/11/24,9:46:00 AM,EDT,7/11/24,11:39:00 AM,EDT,Seminole,Queens Mirror,1,4/13/24,EST,,,65,,,Q,,,,,,
7/11/24,9:46:00 AM,EDT,7/11/24,11:39:00 AM,EDT,Seminole,Rock,1,4/18/24,EST,,,36,,,Q,,,,,,
7/11/24,9:46:00 AM,EDT,7/11/24,11:39:00 AM,EDT,Seminole,Secret,1,4/30/24,EST,,,22,,,Q,,,,,,
7/11/24,9:46:00 AM,EDT,7/11/24,11:39:00 AM,EDT,Seminole,Silver,1,4/25/24,EST,,,13,,,Q,,,,,,
7/11/24,9:46:00 AM,EDT,7/11/24,11:39:00 AM,EDT,Seminole,Triplet Middle,1,4/30/24,EST,,,51,,,Q,,,,,,
7/11/24,9:46:00 AM,EDT,7/11/24,11:39:00 AM,EDT,Seminole,Triplet North,1,4/30/24,EST,,,43,,,Q,,,,,,
7/11/24,9:46:00 AM,EDT,7/11/24,11:39:00 AM,EDT,Seminole,Triplet South,1,4/30/24,EST,,,52,,,Q,,,,,,
7/11/24,9:46:00 AM,EDT,7/11/24,11:39:00 AM,EDT,Seminole,Wekiva,1,1/24/24,EST,,,29,,,Q,,,,,,
7/11/24,9:46:00 AM,EDT,7/11/24,11:39:00 AM,EDT,Seminole,Wekiva,1,4/9/24,EST,,,27,,,Q,,,,,,
7/12/24,8:56:00 AM,EDT,7/12/24,7:51:00 AM,EDT,St Lucie,Savanna-Indrio,2,4/8/24,EST,,,20,,,Q,,,,,,
7/12/24,8:56:00 AM,EDT,7/12/24,7:51:00 AM,EDT,Sumter,Big Gant,1,4/16/24,EST,,,20,,,Q,,,,,,
7/18/24,10:17:00 AM,EDT,7/18/24,12:34:00 PM,EDT,Volusia,Blue Spring-1,1,4/5/24,EST,,,114,,,Q,,,,,,
7/18/24,10:17:00 AM,EDT,7/18/24,12:34:00 PM,EDT,Volusia,Blue Spring-2,1,4/5/24,EST,,,9,,,Q,,,,,,
7/18/24,10:17:00 AM,EDT,7/18/24,12:34:00 PM,EDT,Volusia,Blue Spring-3,1,4/5/24,EST,,,66,,,Q,,,,,,
7/18/24,10:17:00 AM,EDT,7/18/24,12:34:00 PM,EDT,Volusia,Mud,1,4/28/24,EST,,,94,,,Q,,,,,,
7/12/24,8:56:00 AM,EDT,7/12/24,7:51:00 AM,EDT,Volusia,North Talmadge,1,4/9/24,EST,,,85,,,Q,,,,,,
7/18/24,10:17:00 AM,EDT,7/18/24,12:34:00 PM,EDT,Volusia,St. John's Harney-3,1,4/28/24,EST,,,114,,,Q,,,,,,
7/18/24,10:17:00 AM,EDT,7/18/24,12:34:00 PM,EDT,Volusia,St. John's Jesup-1,1,4/28/24,EST,,,110,,,Q,,,,,,
7/18/24,10:17:00 AM,EDT,7/18/24,12:34:00 PM,EDT,Volusia,St. John's Lemon Bluff-2,1,4/28/24,EST,,,115,,,Q,,,,,,
6/12/24,12:00:00 AM,EDT,6/12/24,12:00:00 AM,EDT,Volusia,Waterford,1,1/15/24,EST,,,27,,,Q,,,,,,
7/12/24,8:56:00 AM,EDT,7/12/24,7:51:00 AM,EDT,Volusia,Winnemissett,1,4/18/24,EST,,,18,,,Q,,,,,,
4/3/24,12:30:00 PM,EDT,4/3/24,12:30:00 PM,EDT,Walton,CBA Destin-5,1,1/28/24,CST,,,19,,,Q,,,,,,
4/3/24,12:30:00 PM,EDT,4/3/24,12:30:00 PM,EDT,Walton,CBA Destin-6,1,1/28/24,CST,,,22,,,Q,,,,,,
4/3/24,12:30:00 PM,EDT,4/3/24,12:30:00 PM,EDT,Walton,CBA Destin-7,1,1/10/24,CST,,,9,,,Q,,,,,,
4/3/24,12:30:00 PM,EDT,4/3/24,12:30:00 PM,EDT,Walton,CBA Destin-8,1,1/10/24,CST,,,12,,,Q,,,,,,
4/3/24,12:30:00 PM,EDT,4/3/24,12:30:00 PM,EDT,Walton,CBA Freeport-1,1,1/26/24,CST,,,23,,,Q,,,,,,
4/3/24,12:30:00 PM,EDT,4/3/24,12:30:00 PM,EDT,Walton,CBA Freeport-10,1,1/26/24,CST,,,18,,,Q,,,,,,
4/3/24,12:30:00 PM,EDT,4/3/24,12:30:00 PM,EDT,Walton,CBA Freeport-2,1,1/26/24,CST,,,18,,,Q,,,,,,
4/3/24,12:30:00 PM,EDT,4/3/24,12:30:00 PM,EDT,Walton,CBA Freeport-3,1,1/26/24,CST,,,19,,,Q,,,,,,
4/3/24,12:30:00 PM,EDT,4/3/24,12:30:00 PM,EDT,Walton,CBA Freeport-4,1,1/26/24,CST,,,15,,,Q,,,,,,
4/3/24,12:30:00 PM,EDT,4/3/24,12:30:00 PM,EDT,Walton,CBA Freeport-5,1,1/26/24,CST,,,16,,,Q,,,,,,
4/3/24,12:30:00 PM,EDT,4/3/24,12:30:00 PM,EDT,Walton,CBA Freeport-6,1,1/10/24,CST,,,12,,,Q,,,,,,
4/3/24,12:30:00 PM,EDT,4/3/24,12:30:00 PM,EDT,Walton,CBA Freeport-7,1,1/26/24,CST,,,23,,,Q,,,,,,
4/3/24,12:30:00 PM,EDT,4/3/24,12:30:00 PM,EDT,Walton,CBA Freeport-8,1,1/10/24,CST,,,19,,,Q,,,,,,
4/3/24,12:30:00 PM,EDT,4/3/24,12:30:00 PM,EDT,Walton,CBA Freeport-9,1,1/26/24,CST,,,19,,,Q,,,,,,
4/3/24,12:30:00 PM,EDT,4/3/24,12:30:00 PM,EDT,Walton,CBA Santa Rosa Beach-10,1,1/22/24,CST,,,20,,,Q,,,,,,
4/3/24,12:30:00 PM,EDT,4/3/24,12:30:00 PM,EDT,Walton,CBA Santa Rosa Beach-9,1,1/22/24,CST,,,24,,,Q,,,,,,
4/5/24,12:30:00 AM,EDT,4/8/24,11:50:00 AM,EDT,Walton,Morris,1,1/29/24,CST,,,52,,,Q,,,,,,
4/5/24,12:30:00 AM,EDT,4/8/24,11:50:00 AM,EDT,Walton,Peach Creek-3,1,1/29/24,CST,,,170,,,Q,,,,,,
6/27/24,12:30:00 PM,EDT,6/27/24,2:15:00 PM,EDT,Washington,CBA Holmes Creek-1,1,4/11/24,,,,15,,,Q,,,,,,
3/5/24,10:00:00 AM,EST,3/5/24,12:08:00 PM,EST,Alachua,Kingswood,1,1/25/24,EST,,,180,,,Q,,,,,,
2/5/24,9:38:00 AM,EST,2/5/24,11:57:00 AM,EST,Charlotte,White Marsh Inflow,1,10/30/23,,,,55,,,Q,,,,,,
3/5/24,10:00:00 AM,EST,3/5/24,12:08:00 PM,EST,Citrus,Magnolia Creek-1,1,1/18/24,EST,,,6,,,Q,,,,,,
3/5/24,10:00:00 AM,EST,3/5/24,12:08:00 PM,EST,Clay,Asbury South,1,4/22/23,EST,,,11,,,Q,,,,,,
3/5/24,10:00:00 AM,EST,3/5/24,12:08:00 PM,EST,Collier,IFAS Collier Pond,1,10/13/23,EST,,,13,,,Q,,,,,,
3/6/24,10:06:00 AM,EST,3/6/24,11:46:00 AM,EST,Marion,Rainbow River-2,1,10/22/23,EST,,,1,,,QU,,,,,,
3/6/24,10:06:00 AM,EST,3/6/24,11:46:00 AM,EST,Marion,Silver River-1,1,10/17/23,EST,,,1,,,QU,,,,,,
3/6/24,10:06:00 AM,EST,3/6/24,11:46:00 AM,EST,Marion,Silver River-2,1,10/17/23,EST,,,0,,,QTI,,,,,,
3/6/24,10:06:00 AM,EST,3/6/24,11:46:00 AM,EST,Marion,Silver River-3,1,10/17/23,EST,,,0,,,QTI,,,,,,
3/6/24,10:06:00 AM,EST,3/6/24,11:46:00 AM,EST,Marion,Silver River-4,1,10/17/23,EST,,,2,,,Q,,,,,,
2/6/24,9:53:00 AM,EST,2/6/24,12:02:00 PM,EST,Palm Beach,Westwood,1,10/31/23,,,,12,,,Q,,,,,,
2/6/24,9:53:00 AM,EST,2/6/24,12:02:00 PM,EST,Pinellas,Chautauqua 2,1,10/22/23,,,,33,,,Q,,,,,,
3/6/24,10:06:00 AM,EST,3/6/24,11:46:00 AM,EST,Putnam,Blue,1,1/18/24,EST,,,12,,,Q,,,,,,
3/6/24,10:06:00 AM,EST,3/6/24,11:46:00 AM,EST,Putnam,Fanny,1,1/13/24,EST,,,7,,,Q,,,,,,
2/8/24,9:39:00 AM,EST,2/8/24,12:09:00 PM,EST,Seminole,Crescent,1,10/8/23,,,,32,,,Q,,,,,,