Preparation_Date,Preparation_Time,Preparation_Time_Zone,Analysis_Date,Analysis_Time,Analysis_Time_Zone,County,Lake,Station,Activity_Start_Date,Tube_Number,Dilution,Abs,Result_Value(PCU),Result_Comments,QAQC_Qualifier,WIN_Value_Qualifier,Holding_Qualifier,MDL_PQL_Qualifier,Data_Category,Run_ID,Study,Comments
10/14/25,3:40:00 PM,EST,10/15/25,11:39:00 AM,EST,,,MBLK1,,,1,0,0,,,QTI,Q,TI,QAQC,COL1014202510152025,Student Project,
10/14/25,3:40:00 PM,EST,10/15/25,11:39:00 AM,EST,Marion,Downstream Fall_Belchior_Student,1,8/13/25,,1,0.1,73,,,,,,Sample,COL1014202510152025,Student Project,
10/14/25,3:40:00 PM,EST,10/15/25,11:39:00 AM,EST,Marion,Downstream Fall_Belchior_Student,2,8/13/25,,1,0.094,69,,,,,,Sample,COL1014202510152025,Student Project,
10/14/25,3:40:00 PM,EST,10/15/25,11:39:00 AM,EST,Marion,Downstream Spring_Belchior_Student,1,4/29/25,,1,0.035,26,,,Q,Q,,Sample,COL1014202510152025,Student Project,
10/14/25,3:40:00 PM,EST,10/15/25,11:39:00 AM,EST,Marion,Downstream Spring_Belchior_Student,2,4/29/25,,1,0.029,21,,,Q,Q,,Sample,COL1014202510152025,Student Project,
10/14/25,3:40:00 PM,EST,10/15/25,11:39:00 AM,EST,Marion,Downstream Spring_Belchior_Student,3,4/30/25,,1,0.085,62,,,Q,Q,,Sample,COL1014202510152025,Student Project,
10/14/25,3:40:00 PM,EST,10/15/25,11:39:00 AM,EST,Marion,Downstream Spring_Belchior_Student,4,4/30/25,,1,0.085,62,,,Q,Q,,Sample,COL1014202510152025,Student Project,
10/14/25,3:40:00 PM,EST,10/15/25,11:39:00 AM,EST,Marion,Downstream Spring_Belchior_Student,5,4/30/25,,1,0.093,68,,,Q,Q,,Sample,COL1014202510152025,Student Project,
10/14/25,3:40:00 PM,EST,10/15/25,11:39:00 AM,EST,Marion,Downstream Spring_Belchior_Student,6,4/30/25,,1,0.114,84,,,Q,Q,,Sample,COL1014202510152025,Student Project,
10/14/25,3:40:00 PM,EST,10/15/25,11:39:00 AM,EST,Marion,Upstream Fall_Belchior_Student,1,8/13/25,,1,0.071,52,,,,,,Sample,COL1014202510152025,Student Project,
10/14/25,3:40:00 PM,EST,10/15/25,11:39:00 AM,EST,Marion,Upstream Fall_Belchior_Student,2,8/13/25,,1,0.036,26,,,,,,Sample,COL1014202510152025,Student Project,
10/14/25,3:40:00 PM,EST,10/15/25,11:39:00 AM,EST,Marion,Upstream Fall_Belchior_Student,3,8/13/25,,1,0.035,26,,,,,,Sample,COL1014202510152025,Student Project,
10/14/25,3:40:00 PM,EST,10/15/25,11:39:00 AM,EST,Marion,Upstream Fall_Belchior_Student,4,8/13/25,,1,0.047,34,,,,,,Sample,COL1014202510152025,Student Project,
10/14/25,3:40:00 PM,EST,10/15/25,11:39:00 AM,EST,Marion,Upstream Spring_Belchior_Student,1,4/29/25,,1,0.069,51,,,Q,Q,,Sample,COL1014202510152025,Student Project,
10/14/25,3:40:00 PM,EST,10/15/25,11:39:00 AM,EST,Marion,Upstream Spring_Belchior_Student,2,4/29/25,,1,0.008,6,,,Q,Q,,Sample,COL1014202510152025,Student Project,
10/14/25,3:40:00 PM,EST,10/15/25,11:39:00 AM,EST,Marion,Upstream Spring_Belchior_Student,3,4/29/25,,1,0.007,5,,,Q,Q,,Sample,COL1014202510152025,Student Project,
10/14/25,3:40:00 PM,EST,10/15/25,11:39:00 AM,EST,Marion,Upstream Spring_Belchior_Student,4,4/29/25,,1,0.007,5,,,Q,Q,,Sample,COL1014202510152025,Student Project,
10/14/25,3:40:00 PM,EST,10/15/25,11:39:00 AM,EST,Marion,Ponar Fall_Belchior_Student,1,8/13/25,,1,0.086,63,,,,,,Sample,COL1014202510152025,Student Project,
10/14/25,3:40:00 PM,EST,10/15/25,11:39:00 AM,EST,Marion,Ponar Fall_Belchior_Student,2,8/13/25,,1,0.096,70,,,,,,Sample,COL1014202510152025,Student Project,
10/14/25,3:40:00 PM,EST,10/15/25,11:39:00 AM,EST,Marion,Ponar Fall_Belchior_Student,3,8/13/25,,1,0.077,56,,,,,,Sample,COL1014202510152025,Student Project,
10/14/25,3:40:00 PM,EST,10/15/25,11:39:00 AM,EST,Marion,Ponar Fall_Belchior_Student,DUP1,8/13/25,,1,0.077,56,,,,,,QAQC,COL1014202510152025,Student Project,
10/14/25,3:40:00 PM,EST,10/15/25,11:39:00 AM,EST,,,ALTQC1,,,1,0.024,17,,,Q,Q,,QAQC,COL1014202510152025,Student Project,
10/14/25,3:40:00 PM,EST,10/15/25,11:39:00 AM,EST,,,CCV1,,,1,0.034,25,,,Q,Q,,QAQC,COL1014202510152025,Student Project,
10/14/25,3:40:00 PM,EST,10/15/25,11:39:00 AM,EST,,,MBLK2,,,1,0,0,,,QTI,Q,TI,QAQC,COL1014202510152025,Student Project,
10/14/25,3:40:00 PM,EST,10/15/25,11:39:00 AM,EST,Marion,Ponar Spring_Belchior_Student,1,4/29/25,,1,0.026,19,,,Q,Q,,Sample,COL1014202510152025,Student Project,
10/14/25,3:40:00 PM,EST,10/15/25,11:39:00 AM,EST,Marion,Ponar Spring_Belchior_Student,2,4/29/25,,1,0.023,17,,,Q,Q,,Sample,COL1014202510152025,Student Project,
10/14/25,3:40:00 PM,EST,10/15/25,11:39:00 AM,EST,Marion,Ponar Spring_Belchior_Student,3,4/29/25,,1,0.02,14,,,Q,Q,,Sample,COL1014202510152025,Student Project,
10/14/25,3:40:00 PM,EST,10/15/25,11:39:00 AM,EST,Marion,Canal Fall_Belchior_Student,1,8/12/25,,1,0.106,78,,,,,,Sample,COL1014202510152025,Student Project,
10/14/25,3:40:00 PM,EST,10/15/25,11:39:00 AM,EST,Marion,Canal Fall_Belchior_Student,2,8/12/25,,1,0.109,80,,,,,,Sample,COL1014202510152025,Student Project,
10/14/25,3:40:00 PM,EST,10/15/25,11:39:00 AM,EST,Marion,Canal Fall_Belchior_Student,3,8/12/25,,1,0.071,52,,,,,,Sample,COL1014202510152025,Student Project,
10/14/25,3:40:00 PM,EST,10/15/25,11:39:00 AM,EST,Marion,Canal Spring_Belchior_Student,1,4/30/25,,1,0.032,23,,,Q,Q,,Sample,COL1014202510152025,Student Project,
10/14/25,3:40:00 PM,EST,10/15/25,11:39:00 AM,EST,Marion,Canal Spring_Belchior_Student,2,4/30/25,,1,0.027,20,,,Q,Q,,Sample,COL1014202510152025,Student Project,
10/14/25,3:40:00 PM,EST,10/15/25,11:39:00 AM,EST,Marion,Canal Spring_Belchior_Student,3,4/30/25,,1,0.061,45,,,Q,Q,,Sample,COL1014202510152025,Student Project,
10/14/25,3:40:00 PM,EST,10/15/25,11:39:00 AM,EST,Marion,Reservoir Fall_Belchior_Student,1,8/13/25,,1,0.082,60,,,,,,Sample,COL1014202510152025,Student Project,
10/14/25,3:40:00 PM,EST,10/15/25,11:39:00 AM,EST,Marion,Reservoir Fall_Belchior_Student,2,8/13/25,,1,0.132,97,,,,,,Sample,COL1014202510152025,Student Project,
10/14/25,3:40:00 PM,EST,10/15/25,11:39:00 AM,EST,Marion,Reservoir Fall_Belchior_Student,3,8/13/25,,1,0.081,59,,,,,,Sample,COL1014202510152025,Student Project,
10/14/25,3:40:00 PM,EST,10/15/25,11:39:00 AM,EST,Marion,Reservoir Fall_Belchior_Student,3DUP,8/13/25,,1,0.082,60,,,,,,Sample,COL1014202510152025,Student Project,
10/14/25,3:40:00 PM,EST,10/15/25,11:39:00 AM,EST,Marion,Reservoir Spring_Belchior_Student,1,4/29/25,,1,0.025,18,,,Q,Q,,Sample,COL1014202510152025,Student Project,
10/14/25,3:40:00 PM,EST,10/15/25,11:39:00 AM,EST,Marion,Reservoir Spring_Belchior_Student,2,4/29/25,,1,0.025,18,,,Q,Q,,Sample,COL1014202510152025,Student Project,
10/14/25,3:40:00 PM,EST,10/15/25,11:39:00 AM,EST,Marion,Reservoir Spring_Belchior_Student,3,4/29/25,,1,0.02,14,,,Q,Q,,Sample,COL1014202510152025,Student Project,
10/14/25,3:40:00 PM,EST,10/15/25,11:39:00 AM,EST,Marion,Saint Johns Fall_Belchior_Student,1,8/12/25,,1,0.078,57,,,,,,Sample,COL1014202510152025,Student Project,
10/14/25,3:40:00 PM,EST,10/15/25,11:39:00 AM,EST,Marion,Saint Johns Fall_Belchior_Student,2,8/12/25,,1,0.083,61,,,,,,Sample,COL1014202510152025,Student Project,
10/14/25,3:40:00 PM,EST,10/15/25,11:39:00 AM,EST,Marion,Saint Johns Fall_Belchior_Student,3,8/12/25,,1,0.078,57,,,,,,Sample,COL1014202510152025,Student Project,
10/14/25,3:40:00 PM,EST,10/15/25,11:39:00 AM,EST,Marion,Saint Johns Fall_Belchior_Student,DUP2,8/12/25,,1,0.077,56,,,,,,QAQC,COL1014202510152025,Student Project,
10/14/25,3:40:00 PM,EST,10/15/25,11:39:00 AM,EST,,,ALTQC2,,,1,0.025,18,,,Q,Q,,QAQC,COL1014202510152025,Student Project,
10/14/25,3:40:00 PM,EST,10/15/25,11:39:00 AM,EST,,,CCV2,,,1,0.034,25,,,Q,Q,,QAQC,COL1014202510152025,Student Project,
10/14/25,3:40:00 PM,EST,10/15/25,11:39:00 AM,EST,,,MBLK3,,,1,0,0,,,QTI,Q,TI,QAQC,COL1014202510152025,Student Project,
10/14/25,3:40:00 PM,EST,10/15/25,11:39:00 AM,EST,Marion,Saint Johns Fall_Belchior_Student,4,8/12/25,,1,0.088,65,,,,,,Sample,COL1014202510152025,Student Project,
10/14/25,3:40:00 PM,EST,10/15/25,11:39:00 AM,EST,Alachua,Lochloosa_Lajoie_Post-Doc,L5,8/20/25,,1,0.045,33,,,,,,Sample,COL1014202510152025,Student Project,
10/14/25,3:40:00 PM,EST,10/15/25,11:39:00 AM,EST,Alachua,Lochloosa_Lajoie_Post-Doc,L2,8/20/25,,1,0.042,31,,,,,,Sample,COL1014202510152025,Student Project,
10/14/25,3:40:00 PM,EST,10/15/25,11:39:00 AM,EST,Alachua,Lochloosa_Lajoie_Post-Doc,L4,8/20/25,,1,0.048,35,,,,,,Sample,COL1014202510152025,Student Project,
10/14/25,3:40:00 PM,EST,10/15/25,11:39:00 AM,EST,Alachua,Lochloosa_Lajoie_Post-Doc,OP2,8/20/25,,1,0.044,32,,,,,,Sample,COL1014202510152025,Student Project,
10/14/25,3:40:00 PM,EST,10/15/25,11:39:00 AM,EST,Alachua,Lochloosa_Lajoie_Post-Doc,OP1,8/20/25,,1,0.046,34,,,,,,Sample,COL1014202510152025,Student Project,
10/14/25,3:40:00 PM,EST,10/15/25,11:39:00 AM,EST,Alachua,Lochloosa_Lajoie_Post-Doc,OP3,8/20/25,,1,0.047,34,,,,,,Sample,COL1014202510152025,Student Project,
10/14/25,3:40:00 PM,EST,10/15/25,11:39:00 AM,EST,Alachua,Lochloosa_Lajoie_Post-Doc,LC,8/20/25,,1,0.088,65,,,,,,Sample,COL1014202510152025,Student Project,
10/14/25,3:40:00 PM,EST,10/15/25,11:39:00 AM,EST,Alachua,Lochloosa_Lajoie_Post-Doc,L5,9/23/25,,1,0.046,34,,,,,,Sample,COL1014202510152025,Student Project,
10/14/25,3:40:00 PM,EST,10/15/25,11:39:00 AM,EST,Alachua,Lochloosa_Lajoie_Post-Doc,L2,9/23/25,,1,0.049,36,,,,,,Sample,COL1014202510152025,Student Project,
10/14/25,3:40:00 PM,EST,10/15/25,11:39:00 AM,EST,Alachua,Lochloosa_Lajoie_Post-Doc,L4,9/23/25,,1,0.047,34,,,,,,Sample,COL1014202510152025,Student Project,
10/14/25,3:40:00 PM,EST,10/15/25,11:39:00 AM,EST,Alachua,Lochloosa_Lajoie_Post-Doc,OP2,9/23/25,,1,0.042,31,,,,,,Sample,COL1014202510152025,Student Project,
10/14/25,3:40:00 PM,EST,10/15/25,11:39:00 AM,EST,Alachua,Lochloosa_Lajoie_Post-Doc,OP1,9/23/25,,1,0.044,32,,,,,,Sample,COL1014202510152025,Student Project,
10/14/25,3:40:00 PM,EST,10/15/25,11:39:00 AM,EST,Alachua,Lochloosa_Lajoie_Post-Doc,OP3,9/23/25,,1,0.049,36,,,,,,Sample,COL1014202510152025,Student Project,
10/14/25,3:40:00 PM,EST,10/15/25,11:39:00 AM,EST,Alachua,Lochloosa_Lajoie_Post-Doc,LC,9/23/25,,1,0.073,54,,,,,,Sample,COL1014202510152025,Student Project,
10/14/25,3:40:00 PM,EST,10/15/25,11:39:00 AM,EST,Alachua,Lochloosa_Lajoie_Post-Doc,DUP3,9/23/25,,1,0.073,54,,,,,,QAQC,COL1014202510152025,Student Project,
10/14/25,3:40:00 PM,EST,10/15/25,11:39:00 AM,EST,,,ALTQC3,,,1,0.025,18,,,Q,Q,,QAQC,COL1014202510152025,Student Project,
10/14/25,3:40:00 PM,EST,10/15/25,11:39:00 AM,EST,,,CCV3,,,1,0.034,25,,,Q,Q,,QAQC,COL1014202510152025,Student Project,
10/14/25,3:40:00 PM,EST,10/15/25,11:39:00 AM,EST,,,MBLK4,,,,,0,,,QTI,Q,TI,QAQC,COL1014202510152025,Student Project,
10/14/25,3:40:00 PM,EST,10/15/25,11:39:00 AM,EST,,,DUP4,,,,,0,,,QTI,Q,TI,QAQC,COL1014202510152025,Student Project,
10/14/25,3:40:00 PM,EST,10/15/25,11:39:00 AM,EST,,,ALTQC4,,,,,0,,J,QTI,Q,TI,QAQC,COL1014202510152025,Student Project,
10/14/25,3:40:00 PM,EST,10/15/25,11:39:00 AM,EST,,,CCV4,,,,,0,,J,QTI,Q,TI,QAQC,COL1014202510152025,Student Project,
10/14/25,3:40:00 PM,EST,10/15/25,11:39:00 AM,EST,,,MBLK5,,,,,0,,,QTI,Q,TI,QAQC,COL1014202510152025,Student Project,
10/14/25,3:40:00 PM,EST,10/15/25,11:39:00 AM,EST,,,DUP5,,,,,0,,,QTI,Q,TI,QAQC,COL1014202510152025,Student Project,
10/14/25,3:40:00 PM,EST,10/15/25,11:39:00 AM,EST,,,ALTQC5,,,,,0,,J,QTI,Q,TI,QAQC,COL1014202510152025,Student Project,
10/14/25,3:40:00 PM,EST,10/15/25,11:39:00 AM,EST,,,CCV5,,,,,0,,J,QTI,Q,TI,QAQC,COL1014202510152025,Student Project,
9/19/25,1:29:00 PM,EST,10/24/25,12:33:00 PM,EST,,,MBLK1,,,1,-0.001,0,,,QTI,Q,TI,QAQC,COL0919202510242025,,
9/19/25,1:29:00 PM,EST,10/24/25,12:33:00 PM,EST,Gadsden,Talquin,1,7/5/25,,1,0.042,32,,,,,,Sample,COL0919202510242025,,
9/19/25,1:29:00 PM,EST,10/24/25,12:33:00 PM,EST,Gulf,Air Strip-1,1,7/11/25,,1,0.085,64,,,,,,Sample,COL0919202510242025,,
9/19/25,1:29:00 PM,EST,10/24/25,12:33:00 PM,EST,Gulf,Cattle Dip-1,1,7/11/25,,10,0.113,843,,,,,,Sample,COL0919202510242025,,
9/19/25,1:29:00 PM,EST,10/24/25,12:33:00 PM,EST,Gulf,Depot Creek-1,1,7/11/25,,4,0.163,485,,,,,,Sample,COL0919202510242025,,
9/19/25,1:29:00 PM,EST,10/24/25,12:33:00 PM,EST,Gulf,Dove Field-1,1,7/11/25,,4,0.085,254,,,,,,Sample,COL0919202510242025,,
9/19/25,1:29:00 PM,EST,10/24/25,12:33:00 PM,EST,Gulf,Money Bayou-1,1,7/11/25,,4,0.176,524,,,,,,Sample,COL0919202510242025,,
9/19/25,1:29:00 PM,EST,10/24/25,12:33:00 PM,EST,Gulf,Pond Road-1,1,7/11/25,,4,0.194,577,,,,,,Sample,COL0919202510242025,,
9/19/25,1:29:00 PM,EST,10/24/25,12:33:00 PM,EST,Gulf,Simmons Bayou-1,1,7/11/25,,1,0.017,13,,,,,,Sample,COL0919202510242025,,
9/19/25,1:29:00 PM,EST,10/24/25,12:33:00 PM,EST,Gulf,St. Joseph Bay-1,1,7/8/25,,1,0.011,9,,,,,,Sample,COL0919202510242025,,
9/19/25,1:29:00 PM,EST,10/24/25,12:33:00 PM,EST,Gulf,St. Joseph Bay-2,1,7/8/25,,1,0.012,9,,,,,,Sample,COL0919202510242025,,
9/19/25,1:29:00 PM,EST,10/24/25,12:33:00 PM,EST,Gulf,St. Joseph Bay-3,1,7/8/25,,1,0.009,7,,,,,,Sample,COL0919202510242025,,
9/19/25,1:29:00 PM,EST,10/24/25,12:33:00 PM,EST,Gulf,St. Joseph Bay-4,1,7/8/25,,1,0.013,10,,,,,,Sample,COL0919202510242025,,
9/19/25,1:29:00 PM,EST,10/24/25,12:33:00 PM,EST,Gulf,St. Joseph Bay-5,1,7/8/25,,1,0.013,10,,,,,,Sample,COL0919202510242025,,
9/19/25,1:29:00 PM,EST,10/24/25,12:33:00 PM,EST,Gulf,St. Joseph Bay-6,1,7/8/25,,1,0.039,29,,,,,,Sample,COL0919202510242025,,
9/19/25,1:29:00 PM,EST,10/24/25,12:33:00 PM,EST,Gulf,St. Joseph Bay-7,1,7/8/25,,1,0.028,21,,,,,,Sample,COL0919202510242025,,
9/19/25,1:29:00 PM,EST,10/24/25,12:33:00 PM,EST,Gulf,St. Joseph Bay-8,1,7/8/25,,1,0.016,12,,,,,,Sample,COL0919202510242025,,
9/19/25,1:29:00 PM,EST,10/24/25,12:33:00 PM,EST,Gulf,St. Joseph Bay-9,1,7/8/25,,1,0.011,9,,,,,,Sample,COL0919202510242025,,
9/19/25,1:29:00 PM,EST,10/24/25,12:33:00 PM,EST,Hernando,Hernando Beach-1,1,7/23/25,,1,0.01,8,,,,,,Sample,COL0919202510242025,,
9/19/25,1:29:00 PM,EST,10/24/25,12:33:00 PM,EST,Hernando,Hernando Beach-2,1,7/23/25,,1,0.009,7,,,,,,Sample,COL0919202510242025,,
9/19/25,1:29:00 PM,EST,10/24/25,12:33:00 PM,EST,Hernando,Hernando Beach-2,DUP1,7/23/25,,1,0.008,6,,,,,,QAQC,COL0919202510242025,,
9/19/25,1:29:00 PM,EST,10/24/25,12:33:00 PM,EST,,,ALTQC1,,,1,0.023,18,,,Q,Q,,QAQC,COL0919202510242025,,
9/19/25,1:29:00 PM,EST,10/24/25,12:33:00 PM,EST,,,CCV1,,,1,0.034,26,,,Q,Q,,QAQC,COL0919202510242025,,
9/19/25,1:29:00 PM,EST,10/24/25,12:33:00 PM,EST,,,MLBK2,,,1,-0.001,0,,,QTI,Q,TI,QAQC,COL0919202510242025,,
9/19/25,1:29:00 PM,EST,10/24/25,12:33:00 PM,EST,Hernando,Hernando Beach-3,1,7/23/25,,1,0.01,8,,,,,,Sample,COL0919202510242025,,
9/19/25,1:29:00 PM,EST,10/24/25,12:33:00 PM,EST,Hernando,Hernando Beach-4,1,7/23/25,,1,0.014,11,,,,,,Sample,COL0919202510242025,,
9/19/25,1:29:00 PM,EST,10/24/25,12:33:00 PM,EST,Hernando,Hernando Beach-5,1,7/23/25,,1,0.013,10,,,,,,Sample,COL0919202510242025,,
9/19/25,1:29:00 PM,EST,10/24/25,12:33:00 PM,EST,Jackson,Silver,1,7/20/25,,1,0.011,9,,,,,,Sample,COL0919202510242025,,
9/19/25,1:29:00 PM,EST,10/24/25,12:33:00 PM,EST,Lake,Bear,1,7/7/25,,4,0.09,269,,,,,,Sample,COL0919202510242025,,
9/19/25,1:29:00 PM,EST,10/24/25,12:33:00 PM,EST,Lake,Bugg Springs,1,7/19/25,,1,0.014,11,,,,,,Sample,COL0919202510242025,,
9/19/25,1:29:00 PM,EST,10/24/25,12:33:00 PM,EST,Lake,Crown,1,7/27/25,,1,0.04,30,,,,,,Sample,COL0919202510242025,,
9/19/25,1:29:00 PM,EST,10/24/25,12:33:00 PM,EST,Lake,Griffin West,1,4/29/25,,1,0.101,75,,,Q,Q,,Sample,COL0919202510242025,,
9/19/25,1:29:00 PM,EST,10/24/25,12:33:00 PM,EST,Lake,Griffin West,1,7/30/25,,1,0.117,87,,,,,,Sample,COL0919202510242025,,
9/19/25,1:29:00 PM,EST,10/24/25,12:33:00 PM,EST,Lake,Jewel,1,7/27/25,,1,0.09,67,,,,,,Sample,COL0919202510242025,,
9/19/25,1:29:00 PM,EST,10/24/25,12:33:00 PM,EST,Lake,Joanna,1,7/10/25,,1,0.018,14,,,,,,Sample,COL0919202510242025,,
9/19/25,1:29:00 PM,EST,10/24/25,12:33:00 PM,EST,Lake,Louisa,1,7/7/25,,4,0.134,399,,,,,,Sample,COL0919202510242025,,
9/19/25,1:29:00 PM,EST,10/24/25,12:33:00 PM,EST,Lake,Royal,1,7/27/25,,1,0.029,22,,,,,,Sample,COL0919202510242025,,
9/19/25,1:29:00 PM,EST,10/24/25,12:33:00 PM,EST,Leon,Carr,1,7/10/25,,1,0.019,15,,,,,,Sample,COL0919202510242025,,
9/19/25,1:29:00 PM,EST,10/24/25,12:33:00 PM,EST,Leon,Jackson,1,7/30/25,,1,0.033,25,,,,,,Sample,COL0919202510242025,,
9/19/25,1:29:00 PM,EST,10/24/25,12:33:00 PM,EST,Liberty,Mystic,1,7/18/25,,1,0.01,8,,,,,,Sample,COL0919202510242025,,
9/19/25,1:29:00 PM,EST,10/24/25,12:33:00 PM,EST,Marion,Deerback,1,7/23/25,,1,0.022,17,,,,,,Sample,COL0919202510242025,,
9/19/25,1:29:00 PM,EST,10/24/25,12:33:00 PM,EST,Marion,Little Weir,1,7/5/25,,1,0.024,18,,,,,,Sample,COL0919202510242025,,
9/19/25,1:29:00 PM,EST,10/24/25,12:33:00 PM,EST,Marion,Weir,1,7/21/25,,1,0.015,12,,,,,,Sample,COL0919202510242025,,
9/19/25,1:29:00 PM,EST,10/24/25,12:33:00 PM,EST,Marion,Weir,DUP2,7/21/25,,1,0.015,12,,,,,,QAQC,COL0919202510242025,,
9/19/25,1:29:00 PM,EST,10/24/25,12:33:00 PM,EST,,,ALTQC2,,,1,0.025,19,,,Q,Q,,QAQC,COL0919202510242025,,
9/19/25,1:29:00 PM,EST,10/24/25,12:33:00 PM,EST,,,CCV2,,,1,0.034,26,,,Q,Q,,QAQC,COL0919202510242025,,
9/19/25,1:29:00 PM,EST,10/24/25,12:33:00 PM,EST,,,MLBK3,,,1,0,1,,,QTI,Q,TI,QAQC,COL0919202510242025,,
9/19/25,1:29:00 PM,EST,10/24/25,12:33:00 PM,EST,Orange,Waumpi,1,7/21/25,,1,0.026,20,,,,,,Sample,COL0919202510242025,,
9/19/25,1:29:00 PM,EST,10/24/25,12:33:00 PM,EST,Pinellas,Autumn,1,7/25/25,,1,0.088,66,,,,,,Sample,COL0919202510242025,,
9/19/25,1:29:00 PM,EST,10/24/25,12:33:00 PM,EST,Pinellas,Crescent,1,7/9/25,,1,0.041,31,,,,,,Sample,COL0919202510242025,,
9/19/25,1:29:00 PM,EST,10/24/25,12:33:00 PM,EST,Pinellas,Salt Creek-1,1,7/12/25,,1,0.087,65,,,,,,Sample,COL0919202510242025,,
9/19/25,1:29:00 PM,EST,10/24/25,12:33:00 PM,EST,Pinellas,Salt Creek-2,1,7/12/25,,1,0.114,85,,,,,,Sample,COL0919202510242025,,
9/19/25,1:29:00 PM,EST,10/24/25,12:33:00 PM,EST,Pinellas,Salt Creek-3,1,7/12/25,,1,0.048,36,,,,,,Sample,COL0919202510242025,,
9/19/25,1:29:00 PM,EST,10/24/25,12:33:00 PM,EST,Pinellas,Salt Creek-4,1,7/12/25,,1,0.059,44,,,,,,Sample,COL0919202510242025,,
9/19/25,1:29:00 PM,EST,10/24/25,12:33:00 PM,EST,Pinellas,Saundra,1,7/2/25,,1,0.049,37,,,,,,Sample,COL0919202510242025,,
9/19/25,1:29:00 PM,EST,10/24/25,12:33:00 PM,EST,Pinellas,Seminole,1,7/7/25,,1,0.043,32,,,,,,Sample,COL0919202510242025,,
9/19/25,1:29:00 PM,EST,10/24/25,12:33:00 PM,EST,Polk,Daisy,1,7/21/25,,1,0.02,15,,,,,,Sample,COL0919202510242025,,
9/19/25,1:29:00 PM,EST,10/24/25,12:33:00 PM,EST,Polk,Fannie,1,7/3/25,,1,0.057,43,,,,,,Sample,COL0919202510242025,,
9/19/25,1:29:00 PM,EST,10/24/25,12:33:00 PM,EST,Polk,Saddlebag,1,7/22/25,,1,0.027,21,,,,,,Sample,COL0919202510242025,,
9/19/25,1:29:00 PM,EST,10/24/25,12:33:00 PM,EST,Polk,Whistler,1,7/20/25,,1,0.024,18,,,,,,Sample,COL0919202510242025,,
9/19/25,1:29:00 PM,EST,10/24/25,12:33:00 PM,EST,Seminole,Brantley,1,7/20/25,,1,0.023,18,,,,,,Sample,COL0919202510242025,,
9/19/25,1:29:00 PM,EST,10/24/25,12:33:00 PM,EST,Seminole,Clear,1,7/24/25,,1,0.108,81,,,,,,Sample,COL0919202510242025,,
9/19/25,1:29:00 PM,EST,10/24/25,12:33:00 PM,EST,Seminole,Crescent,1,7/20/25,,1,0.057,43,,,,,,Sample,COL0919202510242025,,
9/19/25,1:29:00 PM,EST,10/24/25,12:33:00 PM,EST,Seminole,Crystal Bowl,1,7/30/25,,1,0.029,22,,,,,,Sample,COL0919202510242025,,
9/19/25,1:29:00 PM,EST,10/24/25,12:33:00 PM,EST,Seminole,Cub,1,4/30/25,,1,0.035,26,,,Q,Q,,Sample,COL0919202510242025,,
9/19/25,1:29:00 PM,EST,10/24/25,12:33:00 PM,EST,Seminole,Cub,1,7/31/25,,1,0.031,23,,,,,,Sample,COL0919202510242025,,
9/19/25,1:29:00 PM,EST,10/24/25,12:33:00 PM,EST,Seminole,Cub,DUP3,7/31/25,,1,0.031,23,,,,,,QAQC,COL0919202510242025,,
9/19/25,1:29:00 PM,EST,10/24/25,12:33:00 PM,EST,,,ALTQC3,,,1,0.025,19,,,Q,Q,,QAQC,COL0919202510242025,,
9/19/25,1:29:00 PM,EST,10/24/25,12:33:00 PM,EST,,,CCV3,,,1,0.034,26,,,Q,Q,,QAQC,COL0919202510242025,,
9/19/25,1:29:00 PM,EST,10/24/25,12:33:00 PM,EST,,,MLBK4,,,,,0,,,QTI,Q,TI,QAQC,COL0919202510242025,,
9/19/25,1:29:00 PM,EST,10/24/25,12:33:00 PM,EST,,,DUP4,,,,,0,,,QTI,Q,TI,QAQC,COL0919202510242025,,
9/19/25,1:29:00 PM,EST,10/24/25,12:33:00 PM,EST,,,ALTQC4,,,,,0,,J,QTI,Q,TI,QAQC,COL0919202510242025,,
9/19/25,1:29:00 PM,EST,10/24/25,12:33:00 PM,EST,,,CCV4,,,,,0,,J,QTI,Q,TI,QAQC,COL0919202510242025,,
9/19/25,1:29:00 PM,EST,10/24/25,12:33:00 PM,EST,,,MLBK5,,,,,0,,,QTI,Q,TI,QAQC,COL0919202510242025,,
9/19/25,1:29:00 PM,EST,10/24/25,12:33:00 PM,EST,,,DUP5,,,,,0,,,QTI,Q,TI,QAQC,COL0919202510242025,,
9/19/25,1:29:00 PM,EST,10/24/25,12:33:00 PM,EST,,,ALTQC5,,,,,0,,J,QTI,Q,TI,QAQC,COL0919202510242025,,
9/19/25,1:29:00 PM,EST,10/24/25,12:33:00 PM,EST,,,CCV5,,,,,0,,J,QTI,Q,TI,QAQC,COL0919202510242025,,
10/28/25,12:00:00 PM,EST,10/29/25,4:02:00 PM,EST,,,MBLK1,,,1,0,0,,,QTI,Q,TI,QAQC,COL1028202510292025,,
10/28/25,12:00:00 PM,EST,10/29/25,4:02:00 PM,EST,Alachua,Elizabeth,1,7/30/25,,1,0.053,39,,,,,,Sample,COL1028202510292025,,
10/28/25,12:00:00 PM,EST,10/29/25,4:02:00 PM,EST,Alachua,Little Santa Fe,2,8/26/25,,1,0.033,24,,,,,,Sample,COL1028202510292025,,
10/28/25,12:00:00 PM,EST,10/29/25,4:02:00 PM,EST,Alachua,Melrose Bay,2,8/26/25,,1,0.025,18,,,,,,Sample,COL1028202510292025,,
10/28/25,12:00:00 PM,EST,10/29/25,4:02:00 PM,EST,Alachua,Santa Fe,2,8/26/25,,1,0.024,17,,,,,,Sample,COL1028202510292025,,
10/28/25,12:00:00 PM,EST,10/29/25,4:02:00 PM,EST,Alachua,Santa Fe-barricade,1,8/26/25,,1,0.036,26,,,,,,Sample,COL1028202510292025,,
10/28/25,12:00:00 PM,EST,10/29/25,4:02:00 PM,EST,Alachua,Santa Fe-Blue Bayou,1,8/26/25,,1,0.023,17,,,,,,Sample,COL1028202510292025,,
10/28/25,12:00:00 PM,EST,10/29/25,4:02:00 PM,EST,Alachua,Santa Fe-canal mouth,1,8/26/25,,1,0.024,17,,,,,,Sample,COL1028202510292025,,
10/28/25,12:00:00 PM,EST,10/29/25,4:02:00 PM,EST,Alachua,Santa Fe-Painter Canal,1,8/26/25,,1,0.038,28,,,,,,Sample,COL1028202510292025,,
10/28/25,12:00:00 PM,EST,10/29/25,4:02:00 PM,EST,Alachua,Holden,1,7/31/25,,1,0.087,64,,,,,,Sample,COL1028202510292025,,
10/28/25,12:00:00 PM,EST,10/29/25,4:02:00 PM,EST,Alachua,Little Orange,1,7/31/25,,1,0.124,91,,,,,,Sample,COL1028202510292025,,
10/28/25,12:00:00 PM,EST,10/29/25,4:02:00 PM,EST,Alachua,Moss,1,7/31/25,,1,0.063,46,,,,,,Sample,COL1028202510292025,,
10/28/25,12:00:00 PM,EST,10/29/25,4:02:00 PM,EST,Alachua,Orange,2,7/11/25,,4,0.124,363,,,,,,Sample,COL1028202510292025,,Student sample
10/28/25,12:00:00 PM,EST,10/29/25,4:02:00 PM,EST,Bay,Deer Point,1,7/30/25,,1,0.059,43,,,,,,Sample,COL1028202510292025,,
10/28/25,12:00:00 PM,EST,10/29/25,4:02:00 PM,EST,Bay,Marin,1,7/16/25,,1,0.005,3,,,,,,Sample,COL1028202510292025,,
10/28/25,12:00:00 PM,EST,10/29/25,4:02:00 PM,EST,Bay,Powell,1,7/9/25,,1,0.078,57,,,,,,Sample,COL1028202510292025,,
10/28/25,12:00:00 PM,EST,10/29/25,4:02:00 PM,EST,Bay,Powell Creek East-1,1,7/9/25,,2,0.15,220,,,,,,Sample,COL1028202510292025,,
10/28/25,12:00:00 PM,EST,10/29/25,4:02:00 PM,EST,Bay,Powell Creek East-2,1,7/9/25,,2,0.165,242,,,,,,Sample,COL1028202510292025,,
10/28/25,12:00:00 PM,EST,10/29/25,4:02:00 PM,EST,Brevard,Blue Trail-1,1,7/24/25,,1,0.031,23,,,,,,Sample,COL1028202510292025,,
10/28/25,12:00:00 PM,EST,10/29/25,4:02:00 PM,EST,Charlotte,WF-6,1,4/22/25,,1,0.123,90,,,Q,Q,,Sample,COL1028202510292025,,
10/28/25,12:00:00 PM,EST,10/29/25,4:02:00 PM,EST,Charlotte,WF-6,DUP1,4/22/25,,1,0.123,90,,,Q,Q,,QAQC,COL1028202510292025,,
10/28/25,12:00:00 PM,EST,10/29/25,4:02:00 PM,EST,,,ALTQC1,,,1,0.024,17,,,Q,Q,,QAQC,COL1028202510292025,,
10/28/25,12:00:00 PM,EST,10/29/25,4:02:00 PM,EST,,,CCV1,,,1,0.036,26,,,Q,Q,,QAQC,COL1028202510292025,,
10/28/25,12:00:00 PM,EST,10/29/25,4:02:00 PM,EST,,,MBLK2,,,1,0,0,,,QTI,Q,TI,QAQC,COL1028202510292025,,
10/28/25,12:00:00 PM,EST,10/29/25,4:02:00 PM,EST,Citrus,Floral City,1,4/5/25,,2,0.12,176,,,Q,Q,,Sample,COL1028202510292025,,
10/28/25,12:00:00 PM,EST,10/29/25,4:02:00 PM,EST,Collier,IFAS Collier Pond,1,7/21/25,,1,0.032,23,,,,,,Sample,COL1028202510292025,,
10/28/25,12:00:00 PM,EST,10/29/25,4:02:00 PM,EST,Collier,Islandwalk,1,7/16/25,,1,0.049,36,,,,,,Sample,COL1028202510292025,,
10/28/25,12:00:00 PM,EST,10/29/25,4:02:00 PM,EST,Collier,Saddlebrook,1,7/30/25,,1,0.03,22,,,,,,Sample,COL1028202510292025,,
10/28/25,12:00:00 PM,EST,10/29/25,4:02:00 PM,EST,Escambia,Perdido Bay-1,1,4/2/25,,1,0.024,17,,,Q,Q,,Sample,COL1028202510292025,,
10/28/25,12:00:00 PM,EST,10/29/25,4:02:00 PM,EST,Escambia,Perdido Bay-2,1,4/2/25,,1,0.019,14,,,Q,Q,,Sample,COL1028202510292025,,
10/28/25,12:00:00 PM,EST,10/29/25,4:02:00 PM,EST,Escambia,Perdido Bay-3,1,4/2/25,,1,0.018,13,,,Q,Q,,Sample,COL1028202510292025,,
10/28/25,12:00:00 PM,EST,10/29/25,4:02:00 PM,EST,Franklin,Alligator Harbor-1,1,7/9/25,,1,0.01,7,,,,,,Sample,COL1028202510292025,,
10/28/25,12:00:00 PM,EST,10/29/25,4:02:00 PM,EST,Franklin,Alligator Harbor-2,1,7/9/25,,1,0.01,7,,,,,,Sample,COL1028202510292025,,
10/28/25,12:00:00 PM,EST,10/29/25,4:02:00 PM,EST,Franklin,Alligator Harbor-3,1,7/9/25,,1,0.013,9,,,,,,Sample,COL1028202510292025,,
10/28/25,12:00:00 PM,EST,10/29/25,4:02:00 PM,EST,Franklin,Alligator Harbor-4,1,7/9/25,,1,0.014,10,,,,,,Sample,COL1028202510292025,,
10/28/25,12:00:00 PM,EST,10/29/25,4:02:00 PM,EST,Franklin,Alligator Harbor-5,1,7/9/25,,1,0.01,7,,,,,,Sample,COL1028202510292025,,
10/28/25,12:00:00 PM,EST,10/29/25,4:02:00 PM,EST,Franklin,Alligator Harbor-6,1,7/9/25,,1,0.016,12,,,,,,Sample,COL1028202510292025,,
10/28/25,12:00:00 PM,EST,10/29/25,4:02:00 PM,EST,Franklin,Alligator Harbor-7,1,7/9/25,,1,0.007,5,,,,,,Sample,COL1028202510292025,,
10/28/25,12:00:00 PM,EST,10/29/25,4:02:00 PM,EST,Gilchrist,Gilchrist Blue Spring Run-1,1,7/17/25,,1,0.003,2,,,,,,Sample,COL1028202510292025,,
10/28/25,12:00:00 PM,EST,10/29/25,4:02:00 PM,EST,Highlands,Catfish Creek-3,1,4/22/25,,1,0.059,43,,,Q,Q,,Sample,COL1028202510292025,,
10/28/25,12:00:00 PM,EST,10/29/25,4:02:00 PM,EST,Highlands,Lynn,1,4/30/25,,1,0.006,4,,,Q,Q,,Sample,COL1028202510292025,,
10/28/25,12:00:00 PM,EST,10/29/25,4:02:00 PM,EST,Hillsborough,Alice,1,7/21/25,,1,0.017,12,,,,,,Sample,COL1028202510292025,,
10/28/25,12:00:00 PM,EST,10/29/25,4:02:00 PM,EST,Hillsborough,Elizabeth,1,7/3/25,,1,0.041,30,,,,,,Sample,COL1028202510292025,,
10/28/25,12:00:00 PM,EST,10/29/25,4:02:00 PM,EST,Hillsborough,Elizabeth,DUP2,7/3/25,,1,0.041,30,,,,,,QAQC,COL1028202510292025,,
10/28/25,12:00:00 PM,EST,10/29/25,4:02:00 PM,EST,,,ALTQC2,,,1,0.024,17,,,Q,Q,,QAQC,COL1028202510292025,,
10/28/25,12:00:00 PM,EST,10/29/25,4:02:00 PM,EST,,,CCV2,,,1,0.034,25,,,Q,Q,,QAQC,COL1028202510292025,,
10/28/25,12:00:00 PM,EST,10/29/25,4:02:00 PM,EST,,,MBLK3,,,1,0,0,,,QTI,Q,TI,QAQC,COL1028202510292025,,
10/28/25,12:00:00 PM,EST,10/29/25,4:02:00 PM,EST,Hillsborough,Osceola,1,4/28/25,,1,0.026,19,,,Q,Q,,Sample,COL1028202510292025,,
10/28/25,12:00:00 PM,EST,10/29/25,4:02:00 PM,EST,Hillsborough,West Meadows-3,1,4/4/25,,1,0.06,44,,,Q,Q,,Sample,COL1028202510292025,,
10/28/25,12:00:00 PM,EST,10/29/25,4:02:00 PM,EST,Hillsborough,West Meadows-15,1,4/4/25,,1,0.017,12,,,Q,Q,,Sample,COL1028202510292025,,
10/28/25,12:00:00 PM,EST,10/29/25,4:02:00 PM,EST,Hillsborough,Zambito East,1,4/20/25,,1,0.098,72,,,Q,Q,,Sample,COL1028202510292025,,
10/28/25,12:00:00 PM,EST,10/29/25,4:02:00 PM,EST,Okaloosa,CBA Niceville-5,1,4/10/25,,1,0.011,8,,,Q,Q,,Sample,COL1028202510292025,,
10/28/25,12:00:00 PM,EST,10/29/25,4:02:00 PM,EST,Pinellas,Hewitt,1,1/30/25,,1,0.02,14,,,Q,Q,,Sample,COL1028202510292025,,
10/28/25,12:00:00 PM,EST,10/29/25,4:02:00 PM,EST,Pinellas,Hewitt,1,4/30/25,,1,0.018,13,,,Q,Q,,Sample,COL1028202510292025,,
10/28/25,12:00:00 PM,EST,10/29/25,4:02:00 PM,EST,Pinellas,Hewitt,1,7/30/25,,1,0.019,14,,,,,,Sample,COL1028202510292025,,
10/28/25,12:00:00 PM,EST,10/29/25,4:02:00 PM,EST,Putnam,Fanny,1,7/26/25,,1,0.027,20,,,,,,Sample,COL1028202510292025,,
10/28/25,12:00:00 PM,EST,10/29/25,4:02:00 PM,EST,Putnam,Susan,1,7/7/25,,1,0.021,15,,,,,,Sample,COL1028202510292025,,
10/28/25,12:00:00 PM,EST,10/29/25,4:02:00 PM,EST,Santa Rosa,Ski Watch,1,4/11/25,,1,0.011,8,,,Q,Q,,Sample,COL1028202510292025,,
10/28/25,12:00:00 PM,EST,10/29/25,4:02:00 PM,EST,Sarasota,Lake G-20,1,4/4/25,,1,0.038,28,,,Q,Q,,Sample,COL1028202510292025,,
10/28/25,12:00:00 PM,EST,10/29/25,4:02:00 PM,EST,Sarasota,Lake G-20,1,7/17/25,,1,0.038,28,,,,,,Sample,COL1028202510292025,,
10/28/25,12:00:00 PM,EST,10/29/25,4:02:00 PM,EST,Sarasota,Lake 37,1,4/4/25,,1,0.032,23,,,Q,Q,,Sample,COL1028202510292025,,
10/28/25,12:00:00 PM,EST,10/29/25,4:02:00 PM,EST,Sarasota,Lake 37,1,7/17/25,,1,0.04,29,,,,,,Sample,COL1028202510292025,,
10/28/25,12:00:00 PM,EST,10/29/25,4:02:00 PM,EST,Sarasota,Lake M-9,1,4/4/25,,1,0.084,61,,,Q,Q,,Sample,COL1028202510292025,,"broken bottle, likely contaminated with tap water"
10/28/25,12:00:00 PM,EST,10/29/25,4:02:00 PM,EST,Sarasota,Lake M-9,1,7/17/25,,1,0.082,60,,,,,,Sample,COL1028202510292025,,
10/28/25,12:00:00 PM,EST,10/29/25,4:02:00 PM,EST,Sarasota,Pinebrook South,1,7/16/25,,1,0.059,43,,,,,,Sample,COL1028202510292025,,
10/28/25,12:00:00 PM,EST,10/29/25,4:02:00 PM,EST,Sarasota,Upper Myakka,1,7/1/25,,4,0.079,231,,,,,,Sample,COL1028202510292025,,
10/28/25,12:00:00 PM,EST,10/29/25,4:02:00 PM,EST,Sarasota,Upper Myakka,DUP3,7/1/25,,4,0.079,231,,,,,,QAQC,COL1028202510292025,,
10/28/25,12:00:00 PM,EST,10/29/25,4:02:00 PM,EST,,,ALTQC3,,,1,0.025,18,,,Q,Q,,QAQC,COL1028202510292025,,
10/28/25,12:00:00 PM,EST,10/29/25,4:02:00 PM,EST,,,CCV3,,,1,0.034,25,,,Q,Q,,QAQC,COL1028202510292025,,
10/28/25,12:00:00 PM,EST,10/29/25,4:02:00 PM,EST,,,MBLK4,,,,,0,,,QTI,Q,TI,QAQC,COL1028202510292025,,
10/28/25,12:00:00 PM,EST,10/29/25,4:02:00 PM,EST,,,DUP4,,,,,0,,,QTI,Q,TI,QAQC,COL1028202510292025,,
10/28/25,12:00:00 PM,EST,10/29/25,4:02:00 PM,EST,,,ALTQC4,,,,,0,,J,QTI,Q,TI,QAQC,COL1028202510292025,,
10/28/25,12:00:00 PM,EST,10/29/25,4:02:00 PM,EST,,,CCV4,,,,,0,,J,QTI,Q,TI,QAQC,COL1028202510292025,,
10/28/25,12:00:00 PM,EST,10/29/25,4:02:00 PM,EST,,,MBLK5,,,,,0,,,QTI,Q,TI,QAQC,COL1028202510292025,,
10/28/25,12:00:00 PM,EST,10/29/25,4:02:00 PM,EST,,,DUP5,,,,,0,,,QTI,Q,TI,QAQC,COL1028202510292025,,
10/28/25,12:00:00 PM,EST,10/29/25,4:02:00 PM,EST,,,ALTQC5,,,,,0,,J,QTI,Q,TI,QAQC,COL1028202510292025,,
10/28/25,12:00:00 PM,EST,10/29/25,4:02:00 PM,EST,,,CCV5,,,,,0,,J,QTI,Q,TI,QAQC,COL1028202510292025,,
10/28/25,2:00:00 PM,EST,10/30/25,2:04:00 PM,EST,,,MBLK1,,,1,0,0,,,QTI,Q,TI,QAQC,COL1028202510302025,,
10/28/25,2:00:00 PM,EST,10/30/25,2:04:00 PM,EST,Charlotte,L-4,1,7/29/25,,1,0.091,67,,,,,,Sample,COL1028202510302025,,
10/28/25,2:00:00 PM,EST,10/30/25,2:04:00 PM,EST,Clay,Lily,1,7/30/25,,1,0.014,10,,,,,,Sample,COL1028202510302025,,
10/28/25,2:00:00 PM,EST,10/30/25,2:04:00 PM,EST,Collier,Harveys,1,7/2/25,,1,0.06,44,,,,,,Sample,COL1028202510302025,,
10/28/25,2:00:00 PM,EST,10/30/25,2:04:00 PM,EST,Collier,SB-61,1,7/18/25,,1,0.024,17,,,,,,Sample,COL1028202510302025,,
10/28/25,2:00:00 PM,EST,10/30/25,2:04:00 PM,EST,Lee,Harborage East,1,7/28/25,,1,0.013,9,,,,,,Sample,COL1028202510302025,,
10/28/25,2:00:00 PM,EST,10/30/25,2:04:00 PM,EST,Lee,Harborage West,1,7/28/25,,1,0.008,5,,,,,,Sample,COL1028202510302025,,
10/28/25,2:00:00 PM,EST,10/30/25,2:04:00 PM,EST,Levy,Cedar Key-1,1,7/28/25,,1,0.026,19,,,,,,Sample,COL1028202510302025,,
10/28/25,2:00:00 PM,EST,10/30/25,2:04:00 PM,EST,Levy,Cedar Key-2,1,7/28/25,,1,0.026,19,,,,,,Sample,COL1028202510302025,,
10/28/25,2:00:00 PM,EST,10/30/25,2:04:00 PM,EST,Marion,Rainbow River-2,1,7/8/25,,1,0.003,2,,,,,,Sample,COL1028202510302025,,
10/28/25,2:00:00 PM,EST,10/30/25,2:04:00 PM,EST,Marion,Rainbow River-3,1,7/8/25,,1,0.001,0,,,TI,,TI,Sample,COL1028202510302025,,
10/28/25,2:00:00 PM,EST,10/30/25,2:04:00 PM,EST,Marion,Withlacoochee River-Dunnellon,1,7/8/25,,1,0.014,10,,,,,,Sample,COL1028202510302025,,
10/28/25,2:00:00 PM,EST,10/30/25,2:04:00 PM,EST,Miami-Dade,Lakeridge,1,4/8/25,,1,0.005,3,,,Q,Q,,Sample,COL1028202510302025,,
10/28/25,2:00:00 PM,EST,10/30/25,2:04:00 PM,EST,Miami-Dade,Oakland,1,7/14/25,,1,0.006,4,,,,,,Sample,COL1028202510302025,,
10/28/25,2:00:00 PM,EST,10/30/25,2:04:00 PM,EST,Monroe,Tarpon Basin-1,1,4/26/25,,1,0.011,8,,,Q,Q,,Sample,COL1028202510302025,,
10/28/25,2:00:00 PM,EST,10/30/25,2:04:00 PM,EST,Monroe,Tarpon Basin-2,1,4/26/25,,1,0.007,5,,,Q,Q,,Sample,COL1028202510302025,,
10/28/25,2:00:00 PM,EST,10/30/25,2:04:00 PM,EST,Monroe,Tarpon Basin-3,1,4/26/25,,1,0.006,4,,,Q,Q,,Sample,COL1028202510302025,,
10/28/25,2:00:00 PM,EST,10/30/25,2:04:00 PM,EST,Monroe,Tarpon Basin-1,1,7/27/25,,1,0.012,8,,,,,,Sample,COL1028202510302025,,
10/28/25,2:00:00 PM,EST,10/30/25,2:04:00 PM,EST,Monroe,Tarpon Basin-2,1,7/28/25,,1,0.025,18,,,,,,Sample,COL1028202510302025,,
10/28/25,2:00:00 PM,EST,10/30/25,2:04:00 PM,EST,Monroe,Tarpon Basin-3,1,7/29/25,,1,0.02,14,,,,,,Sample,COL1028202510302025,,
10/28/25,2:00:00 PM,EST,10/30/25,2:04:00 PM,EST,Monroe,Tarpon Basin-3,DUP1,7/27/25,,1,0.02,14,,,,,,QAQC,COL1028202510302025,,
10/28/25,2:00:00 PM,EST,10/30/25,2:04:00 PM,EST,,,ALTQC1,,,1,0.024,17,,,Q,Q,,QAQC,COL1028202510302025,,
10/28/25,2:00:00 PM,EST,10/30/25,2:04:00 PM,EST,,,CCV1,,,1,0.033,24,,,Q,Q,,QAQC,COL1028202510302025,,
10/28/25,2:00:00 PM,EST,10/30/25,2:04:00 PM,EST,,,MBLK2,,,1,0,0,,,QTI,Q,TI,QAQC,COL1028202510302025,,
10/28/25,2:00:00 PM,EST,10/30/25,2:04:00 PM,EST,Okaloosa,Bass,1,7/31/25,,1,0.019,14,,,,,,Sample,COL1028202510302025,,
10/28/25,2:00:00 PM,EST,10/30/25,2:04:00 PM,EST,Okaloosa,CBA Niceville-5,1,7/1/25,,1,0.015,11,,,,,,Sample,COL1028202510302025,,
10/28/25,2:00:00 PM,EST,10/30/25,2:04:00 PM,EST,Pasco,Buddy,1,7/21/25,,1,0.143,106,,,,,,Sample,COL1028202510302025,,
10/28/25,2:00:00 PM,EST,10/30/25,2:04:00 PM,EST,Palm Beach,Westwood,1,7/30/25,,1,0.024,17,,,,,,Sample,COL1028202510302025,,
10/28/25,2:00:00 PM,EST,10/30/25,2:04:00 PM,EST,Putnam,Camp Branch-1,1,4/29/25,,1,0.028,20,,,Q,Q,,Sample,COL1028202510302025,,
10/28/25,2:00:00 PM,EST,10/30/25,2:04:00 PM,EST,Putnam,Camp Branch-2,1,4/29/25,,1,0.029,21,,,Q,Q,,Sample,COL1028202510302025,,
10/28/25,2:00:00 PM,EST,10/30/25,2:04:00 PM,EST,Putnam,Camp Branch-3,1,4/29/25,,1,0.032,23,,,Q,Q,,Sample,COL1028202510302025,,
10/28/25,2:00:00 PM,EST,10/30/25,2:04:00 PM,EST,Putnam,Camp Branch-4,1,4/29/25,,1,0.041,30,,,Q,Q,,Sample,COL1028202510302025,,
10/28/25,2:00:00 PM,EST,10/30/25,2:04:00 PM,EST,Sarasota,Awesome,1,7/19/25,,1,0.03,22,,,,,,Sample,COL1028202510302025,,
10/28/25,2:00:00 PM,EST,10/30/25,2:04:00 PM,EST,Sarasota,Cormorant,1,7/14/25,,1,0.063,46,,,,,,Sample,COL1028202510302025,,
10/28/25,2:00:00 PM,EST,10/30/25,2:04:00 PM,EST,Sarasota,Knight,1,7/19/25,,1,0.028,20,,,,,,Sample,COL1028202510302025,,
10/28/25,2:00:00 PM,EST,10/30/25,2:04:00 PM,EST,Sarasota,3,1,7/19/25,,1,0.051,37,,,,,,Sample,COL1028202510302025,,
10/28/25,2:00:00 PM,EST,10/30/25,2:04:00 PM,EST,Sarasota,Pelican Cove-1,1,7/30/25,,1,0.022,16,,,,,,Sample,COL1028202510302025,,
10/28/25,2:00:00 PM,EST,10/30/25,2:04:00 PM,EST,Sarasota,Pelican Cove-2,1,7/30/25,,1,0.023,17,,,,,,Sample,COL1028202510302025,,
10/28/25,2:00:00 PM,EST,10/30/25,2:04:00 PM,EST,Sarasota,Pelican Cove-3,1,7/30/25,,1,0.029,21,,,,,,Sample,COL1028202510302025,,
10/28/25,2:00:00 PM,EST,10/30/25,2:04:00 PM,EST,Sarasota,Upper Myakka,1,7/28/25,,4,0.074,218,,,,,,Sample,COL1028202510302025,,
10/28/25,2:00:00 PM,EST,10/30/25,2:04:00 PM,EST,Seminole,Bear,1,7/20/25,,1,0.019,14,,,,,,Sample,COL1028202510302025,,
10/28/25,2:00:00 PM,EST,10/30/25,2:04:00 PM,EST,Seminole,Horseshoe North,1,7/26/25,,1,0.104,77,,,,,,Sample,COL1028202510302025,,
10/28/25,2:00:00 PM,EST,10/30/25,2:04:00 PM,EST,Seminole,Lost,1,4/12/25,,1,0.023,17,,,Q,Q,,Sample,COL1028202510302025,,
10/28/25,2:00:00 PM,EST,10/30/25,2:04:00 PM,EST,Seminole,Lost,DUP2,4/12/25,,1,0.023,17,,,Q,Q,,QAQC,COL1028202510302025,,
10/28/25,2:00:00 PM,EST,10/30/25,2:04:00 PM,EST,,,ALTQC2,,,1,0.024,17,,,Q,Q,,QAQC,COL1028202510302025,,
10/28/25,2:00:00 PM,EST,10/30/25,2:04:00 PM,EST,,,CCV2,,,1,0.035,25,,,Q,Q,,QAQC,COL1028202510302025,,
10/28/25,2:00:00 PM,EST,10/30/25,2:04:00 PM,EST,,,MBLK3,,,1,0,0,,,QTI,Q,TI,QAQC,COL1028202510302025,,
10/28/25,2:00:00 PM,EST,10/30/25,2:04:00 PM,EST,Seminole,Mary,1,7/25/25,,1,0.024,17,,,,,,Sample,COL1028202510302025,,
10/28/25,2:00:00 PM,EST,10/30/25,2:04:00 PM,EST,Seminole,Miami Springs-1,1,4/29/25,,1,0.004,2,,,Q,Q,,Sample,COL1028202510302025,,
10/28/25,2:00:00 PM,EST,10/30/25,2:04:00 PM,EST,Seminole,Miami Springs-2,1,4/29/25,,1,0.004,2,,,Q,Q,,Sample,COL1028202510302025,,
10/28/25,2:00:00 PM,EST,10/30/25,2:04:00 PM,EST,Seminole,Miami Springs-3,1,4/29/25,,1,0.005,3,,,Q,Q,,Sample,COL1028202510302025,,
10/28/25,2:00:00 PM,EST,10/30/25,2:04:00 PM,EST,Seminole,Miami Springs-1,1,7/21/25,,1,0.004,2,,,,,,Sample,COL1028202510302025,,
10/28/25,2:00:00 PM,EST,10/30/25,2:04:00 PM,EST,Seminole,Miami Springs-2,1,7/21/25,,1,0.005,3,,,,,,Sample,COL1028202510302025,,
10/28/25,2:00:00 PM,EST,10/30/25,2:04:00 PM,EST,Seminole,Miami Springs-3,1,7/21/25,,1,0.006,4,,,,,,Sample,COL1028202510302025,,
10/28/25,2:00:00 PM,EST,10/30/25,2:04:00 PM,EST,Seminole,Monroe West,1,4/20/25,,1,0.091,67,,,Q,Q,,Sample,COL1028202510302025,,
10/28/25,2:00:00 PM,EST,10/30/25,2:04:00 PM,EST,Seminole,Monroe West,1,7/20/25,,1,0.091,67,,,,,,Sample,COL1028202510302025,,
10/28/25,2:00:00 PM,EST,10/30/25,2:04:00 PM,EST,Seminole,Silver,1,7/28/25,,1,0.019,14,,,,,,Sample,COL1028202510302025,,
10/28/25,2:00:00 PM,EST,10/30/25,2:04:00 PM,EST,Seminole,Quail Pond,1,4/30/25,,1,0.031,23,,,Q,Q,,Sample,COL1028202510302025,,
10/28/25,2:00:00 PM,EST,10/30/25,2:04:00 PM,EST,Seminole,Quail Pond,1,7/2/25,,1,0.027,20,,,,,,Sample,COL1028202510302025,,
10/28/25,2:00:00 PM,EST,10/30/25,2:04:00 PM,EST,Seminole,Queens Mirror,1,7/27/25,,4,0.061,179,,,,,,Sample,COL1028202510302025,,
10/28/25,2:00:00 PM,EST,10/30/25,2:04:00 PM,EST,Seminole,Rock,1,4/30/25,,1,0.044,32,,,Q,Q,,Sample,COL1028202510302025,,
10/28/25,2:00:00 PM,EST,10/30/25,2:04:00 PM,EST,Seminole,Rock,1,7/31/25,,1,0.049,36,,,,,,Sample,COL1028202510302025,,
10/28/25,2:00:00 PM,EST,10/30/25,2:04:00 PM,EST,Seminole,Wekiva,1,7/21/25,,1,0.035,25,,,,,,Sample,COL1028202510302025,,
10/28/25,2:00:00 PM,EST,10/30/25,2:04:00 PM,EST,Sumter,Big Gant,1,7/1/25,,1,0.034,25,,,,,,Sample,COL1028202510302025,,
10/28/25,2:00:00 PM,EST,10/30/25,2:04:00 PM,EST,Volusia,Lindley,1,7/30/25,,1,0.021,15,,,,,,Sample,COL1028202510302025,,
10/28/25,2:00:00 PM,EST,10/30/25,2:04:00 PM,EST,Volusia,Waterford,1,1/13/25,,1,0.046,34,,,Q,Q,,Sample,COL1028202510302025,,
10/28/25,2:00:00 PM,EST,10/30/25,2:04:00 PM,EST,Volusia,Waterford,DUP3,1/13/25,,1,0.046,34,,,Q,Q,,QAQC,COL1028202510302025,,
10/28/25,2:00:00 PM,EST,10/30/25,2:04:00 PM,EST,,,ALTQC3,,,1,0.024,17,,,Q,Q,,QAQC,COL1028202510302025,,
10/28/25,2:00:00 PM,EST,10/30/25,2:04:00 PM,EST,,,CCV3,,,1,0.034,25,,,Q,Q,,QAQC,COL1028202510302025,,
10/28/25,2:00:00 PM,EST,10/30/25,2:04:00 PM,EST,,,MBLK4,,,1,,0,,,QTI,Q,TI,QAQC,COL1028202510302025,,
10/28/25,2:00:00 PM,EST,10/30/25,2:04:00 PM,EST,,,DUP4,,,1,,0,,,QTI,Q,TI,QAQC,COL1028202510302025,,
10/28/25,2:00:00 PM,EST,10/30/25,2:04:00 PM,EST,,,ALTQC4,,,1,,0,,J,QTI,Q,TI,QAQC,COL1028202510302025,,
10/28/25,2:00:00 PM,EST,10/30/25,2:04:00 PM,EST,,,CCV4,,,1,,0,,J,QTI,Q,TI,QAQC,COL1028202510302025,,
10/28/25,2:00:00 PM,EST,10/30/25,2:04:00 PM,EST,,,MBLK5,,,1,,0,,,QTI,Q,TI,QAQC,COL1028202510302025,,
10/28/25,2:00:00 PM,EST,10/30/25,2:04:00 PM,EST,,,DUP5,,,1,,0,,,QTI,Q,TI,QAQC,COL1028202510302025,,
10/28/25,2:00:00 PM,EST,10/30/25,2:04:00 PM,EST,,,ALTQC5,,,1,,0,,J,QTI,Q,TI,QAQC,COL1028202510302025,,
10/28/25,2:00:00 PM,EST,10/30/25,2:04:00 PM,EST,,,CCV5,,,1,,0,,J,QTI,Q,TI,QAQC,COL1028202510302025,,
9/29/25,1:29:00 PM,EST,9/30/25,10:22:00 AM,EST,,,MBLK1,,,1,0.001,0,,,,,,QAQC,COL0929202509302025,,
9/29/25,1:29:00 PM,EST,9/30/25,10:22:00 AM,EST,Hillsborough,Carroll,1,7/2/25,,1,0.015,11,,,,,,Sample,COL0929202509302025,,
9/29/25,1:29:00 PM,EST,9/30/25,10:22:00 AM,EST,Hillsborough,Carroll,2,7/2/25,,1,0.014,10,,,,,,Sample,COL0929202509302025,,
9/29/25,1:29:00 PM,EST,9/30/25,10:22:00 AM,EST,Hillsborough,Carroll,3,7/2/25,,1,0.013,9,,,,,,Sample,COL0929202509302025,,
9/29/25,1:29:00 PM,EST,9/30/25,10:22:00 AM,EST,Hillsborough,Carrol_Comparision,1,7/2/25,,1,0.015,11,,,,,,Sample,COL0929202509302025,,
9/29/25,1:29:00 PM,EST,9/30/25,10:22:00 AM,EST,Hillsborough,Carrol_Comparision,2,7/2/25,,1,0.014,10,,,,,,Sample,COL0929202509302025,,
9/29/25,1:29:00 PM,EST,9/30/25,10:22:00 AM,EST,Hillsborough,Carrol_Comparision,3,7/2/25,,1,0.014,10,,,,,,Sample,COL0929202509302025,,
9/29/25,1:29:00 PM,EST,9/30/25,10:22:00 AM,EST,Hillsborough,Dead Lady,1,7/9/25,,1,0.103,75,,,,,,Sample,COL0929202509302025,,
9/29/25,1:29:00 PM,EST,9/30/25,10:22:00 AM,EST,Hillsborough,Dead Lady,2,7/9/25,,1,0.102,74,,,,,,Sample,COL0929202509302025,,
9/29/25,1:29:00 PM,EST,9/30/25,10:22:00 AM,EST,Hillsborough,Dead Lady,3,7/9/25,,1,0.107,78,,,,,,Sample,COL0929202509302025,,
9/29/25,1:29:00 PM,EST,9/30/25,10:22:00 AM,EST,Hillsborough,Dead Lady_Comparision,1,7/9/25,,1,0.106,77,,,,,,Sample,COL0929202509302025,,
9/29/25,1:29:00 PM,EST,9/30/25,10:22:00 AM,EST,Hillsborough,Dead Lady_Comparision,2,7/9/25,,1,0.106,77,,,,,,Sample,COL0929202509302025,,
9/29/25,1:29:00 PM,EST,9/30/25,10:22:00 AM,EST,Hillsborough,Dead Lady_Comparision,3,7/9/25,,1,0.115,84,,,,,,Sample,COL0929202509302025,,
9/29/25,1:29:00 PM,EST,9/30/25,10:22:00 AM,EST,Pasco,Jovita,1,7/18/25,,1,0.024,17,,,,,,Sample,COL0929202509302025,,
9/29/25,1:29:00 PM,EST,9/30/25,10:22:00 AM,EST,Pasco,Jovita,2,7/18/25,,1,0.017,12,,,,,,Sample,COL0929202509302025,,
9/29/25,1:29:00 PM,EST,9/30/25,10:22:00 AM,EST,Pasco,Jovita,3,7/18/25,,1,0.016,11,,,,,,Sample,COL0929202509302025,,
9/29/25,1:29:00 PM,EST,9/30/25,10:22:00 AM,EST,Pasco,Jovita_Comparision,1,7/18/25,,1,0.016,11,,,,,,Sample,COL0929202509302025,,
9/29/25,1:29:00 PM,EST,9/30/25,10:22:00 AM,EST,Pasco,Jovita_Comparision,2,7/18/25,,1,0.014,10,,,,,,Sample,COL0929202509302025,,
9/29/25,1:29:00 PM,EST,9/30/25,10:22:00 AM,EST,Pasco,Jovita_Comparision,3,7/18/25,,1,0.014,10,,,,,,Sample,COL0929202509302025,,
9/29/25,1:29:00 PM,EST,9/30/25,10:22:00 AM,EST,Hillsborough,Cooper,1,8/8/25,,1,0.052,38,,,,,,Sample,COL0929202509302025,,
9/29/25,1:29:00 PM,EST,9/30/25,10:22:00 AM,EST,Hillsborough,Cooper,2,8/8/25,,1,0.054,39,,,,,,QAQC,COL0929202509302025,,
9/29/25,1:29:00 PM,EST,9/30/25,10:22:00 AM,EST,Hillsborough,Cooper,DUP1,8/8/25,,1,0.054,39,,,,,,QAQC,COL0929202509302025,,
9/29/25,1:29:00 PM,EST,9/30/25,10:22:00 AM,EST,,,ALTQC1,,,1,0.025,18,,,,,,QAQC,COL0929202509302025,,
9/29/25,1:29:00 PM,EST,9/30/25,10:22:00 AM,EST,,,CCV1,,,1,0.034,25,,,,,,Sample,COL0929202509302025,,
9/29/25,1:29:00 PM,EST,9/30/25,10:22:00 AM,EST,,,MBLK2,,,1,0.001,0,,,,,,Sample,COL0929202509302025,,
9/29/25,1:29:00 PM,EST,9/30/25,10:22:00 AM,EST,Hillsborough,Cooper,3,8/8/25,,1,0.054,39,,,,,,Sample,COL0929202509302025,,
9/29/25,1:29:00 PM,EST,9/30/25,10:22:00 AM,EST,Hillsborough,Cooper_Comparison Study,1,8/8/25,,1,0.057,41,,,,,,Sample,COL0929202509302025,,
9/29/25,1:29:00 PM,EST,9/30/25,10:22:00 AM,EST,Hillsborough,Cooper_Comparison Study,2,8/8/25,,1,0.057,41,,,,,,Sample,COL0929202509302025,,
9/29/25,1:29:00 PM,EST,9/30/25,10:22:00 AM,EST,Hillsborough,Cooper_Comparison Study,3,8/8/25,,1,0.056,41,,,,,,Sample,COL0929202509302025,,
9/29/25,1:29:00 PM,EST,9/30/25,10:22:00 AM,EST,Hillsborough,Keystone,1,8/5/25,,1,0.114,83,,,,,,Sample,COL0929202509302025,,
9/29/25,1:29:00 PM,EST,9/30/25,10:22:00 AM,EST,Hillsborough,Keystone,2,8/5/25,,1,0.1,73,,,,,,Sample,COL0929202509302025,,
9/29/25,1:29:00 PM,EST,9/30/25,10:22:00 AM,EST,Hillsborough,Keystone,3,8/5/25,,1,0.098,71,,,,,,Sample,COL0929202509302025,,
9/29/25,1:29:00 PM,EST,9/30/25,10:22:00 AM,EST,Hillsborough,Keystone_Comparison Study,1,8/5/25,,1,0.121,88,,,,,,Sample,COL0929202509302025,,
9/29/25,1:29:00 PM,EST,9/30/25,10:22:00 AM,EST,Hillsborough,Keystone_Comparison Study,2,8/5/25,,1,0.105,76,,,,,,Sample,COL0929202509302025,,
9/29/25,1:29:00 PM,EST,9/30/25,10:22:00 AM,EST,Hillsborough,Keystone_Comparison Study,3,8/5/25,,1,0.102,74,,,,,,Sample,COL0929202509302025,,
9/29/25,1:29:00 PM,EST,9/30/25,10:22:00 AM,EST,Hillsborough,Twin,1,7/22/25,,1,0.045,33,,,,,,Sample,COL0929202509302025,,
9/29/25,1:29:00 PM,EST,9/30/25,10:22:00 AM,EST,Hillsborough,Twin,2,7/22/25,,1,0.04,29,,,,,,Sample,COL0929202509302025,,
9/29/25,1:29:00 PM,EST,9/30/25,10:22:00 AM,EST,Hillsborough,Twin,3,7/22/25,,1,0.043,31,,,,,,Sample,COL0929202509302025,,
9/29/25,1:29:00 PM,EST,9/30/25,10:22:00 AM,EST,Hillsborough,Twin_Comparison,1,7/22/25,,1,0.041,30,,,,,,Sample,COL0929202509302025,,
9/29/25,1:29:00 PM,EST,9/30/25,10:22:00 AM,EST,Hillsborough,Twin_Comparison,2,7/22/25,,1,0.042,30,,,,,,Sample,COL0929202509302025,,
9/29/25,1:29:00 PM,EST,9/30/25,10:22:00 AM,EST,,,,,,,,0,,,,,,QAQC,COL0929202509302025,,
9/29/25,1:29:00 PM,EST,9/30/25,10:22:00 AM,EST,Hillsborough,Twin_Comparison,3,7/22/25,,1,0.043,31,,,,,,QAQC,COL0929202509302025,,
9/29/25,1:29:00 PM,EST,9/30/25,10:22:00 AM,EST,Hillsborough,Twin_Comparison,DUP2,7/22/25,,1,0.043,31,,,,,,Sample,COL0929202509302025,,
9/29/25,1:29:00 PM,EST,9/30/25,10:22:00 AM,EST,,,ALTQC2,,,1,0.025,18,,,Q,Q,,Sample,COL0929202509302025,,
9/29/25,1:29:00 PM,EST,9/30/25,10:22:00 AM,EST,,,CCV2,,,1,0.034,25,,,Q,Q,,Sample,COL0929202509302025,,
9/29/25,1:29:00 PM,EST,9/30/25,10:22:00 AM,EST,,,MBLK3,,,1,,0,,,QTI,Q,TI,Sample,COL0929202509302025,,
9/29/25,1:29:00 PM,EST,9/30/25,10:22:00 AM,EST,,,DUP3,,,,,0,,,QTI,Q,TI,QAQC,COL0929202509302025,,
9/29/25,1:29:00 PM,EST,9/30/25,10:22:00 AM,EST,,,ALTQC3,,,,,0,,,QTI,Q,TI,QAQC,COL0929202509302025,,
9/29/25,1:29:00 PM,EST,9/30/25,10:22:00 AM,EST,,,CCV3,,,,,0,,,QTI,Q,TI,QAQC,COL0929202509302025,,
9/29/25,1:29:00 PM,EST,9/30/25,10:22:00 AM,EST,,,MLBK4,,,,,0,,,QTI,Q,TI,QAQC,COL0929202509302025,,
9/29/25,1:29:00 PM,EST,9/30/25,10:22:00 AM,EST,,,DUP4,,,,,0,,,QTI,Q,TI,QAQC,COL0929202509302025,,
9/29/25,1:29:00 PM,EST,9/30/25,10:22:00 AM,EST,,,ALTQC4,,,,,0,,J,QTI,Q,TI,QAQC,COL0929202509302025,,
9/29/25,1:29:00 PM,EST,9/30/25,10:22:00 AM,EST,,,CCV4,,,,,0,,J,QTI,Q,TI,QAQC,COL0929202509302025,,
9/29/25,1:29:00 PM,EST,9/30/25,10:22:00 AM,EST,,,MLBK5,,,,,0,,,QTI,Q,TI,QAQC,COL0929202509302025,,
9/29/25,1:29:00 PM,EST,9/30/25,10:22:00 AM,EST,,,DUP5,,,,,0,,,QTI,Q,TI,QAQC,COL0929202509302025,,
9/29/25,1:29:00 PM,EST,9/30/25,10:22:00 AM,EST,,,ALTQC5,,,,,0,,J,QTI,Q,TI,QAQC,COL0929202509302025,,
9/29/25,1:29:00 PM,EST,9/30/25,10:22:00 AM,EST,,,CCV5,,,,,0,,J,QTI,Q,TI,QAQC,COL0929202509302025,,
11/3/25,3:00:00 PM,EST,11/5/25,2:52:00 PM,EST,,,MBLK1,,,1,0,1,,,QTI,Q,TI,QAQC,COL1103202511052025,,
11/3/25,3:00:00 PM,EST,11/5/25,2:52:00 PM,EST,Putnam,Anderson Cue,1,9/2/25,,1,0.005,4,,,,,,Sample,COL1103202511052025,,
11/3/25,3:00:00 PM,EST,11/5/25,2:52:00 PM,EST,Putnam,Anderson Cue,2,9/2/25,,1,0.007,6,,,,,,Sample,COL1103202511052025,,
11/3/25,3:00:00 PM,EST,11/5/25,2:52:00 PM,EST,Putnam,Anderson Cue,3,9/2/25,,1,0.006,5,,,,,,Sample,COL1103202511052025,,
11/3/25,3:00:00 PM,EST,11/5/25,2:52:00 PM,EST,Putnam,Barco,1,9/2/25,,1,0.007,6,,,,,,Sample,COL1103202511052025,,
11/3/25,3:00:00 PM,EST,11/5/25,2:52:00 PM,EST,Putnam,Barco,2,9/2/25,,1,0.008,6,,,,,,Sample,COL1103202511052025,,
11/3/25,3:00:00 PM,EST,11/5/25,2:52:00 PM,EST,Putnam,Barco,3,9/2/25,,1,0.009,7,,,,,,Sample,COL1103202511052025,,
11/3/25,3:00:00 PM,EST,11/5/25,2:52:00 PM,EST,Putnam,Enslow,1,9/2/25,,1,0.03,23,,,,,,Sample,COL1103202511052025,,
11/3/25,3:00:00 PM,EST,11/5/25,2:52:00 PM,EST,Putnam,Enslow,2,9/2/25,,1,0.036,27,,,,,,Sample,COL1103202511052025,,
11/3/25,3:00:00 PM,EST,11/5/25,2:52:00 PM,EST,Putnam,Enslow,3,9/2/25,,1,0.048,36,,,,,,Sample,COL1103202511052025,,
11/3/25,3:00:00 PM,EST,11/5/25,2:52:00 PM,EST,Putnam,Goose,1,9/3/25,,2,0.149,220,,,,,,Sample,COL1103202511052025,,
11/3/25,3:00:00 PM,EST,11/5/25,2:52:00 PM,EST,Putnam,Goose,2,9/3/25,,2,0.152,224,,,,,,Sample,COL1103202511052025,,
11/3/25,3:00:00 PM,EST,11/5/25,2:52:00 PM,EST,Putnam,Goose,3,9/3/25,,2,0.148,218,,,,,,Sample,COL1103202511052025,,
11/3/25,3:00:00 PM,EST,11/5/25,2:52:00 PM,EST,Putnam,McCloud,1,9/2/25,,1,0.018,14,,,,,,Sample,COL1103202511052025,,
11/3/25,3:00:00 PM,EST,11/5/25,2:52:00 PM,EST,Putnam,McCloud,2,9/2/25,,1,0.016,12,,,,,,Sample,COL1103202511052025,,
11/3/25,3:00:00 PM,EST,11/5/25,2:52:00 PM,EST,Putnam,McCloud,3,9/2/25,,1,0.017,13,,,,,,Sample,COL1103202511052025,,
11/3/25,3:00:00 PM,EST,11/5/25,2:52:00 PM,EST,Putnam,Ross,1,9/3/25,,4,0.113,334,,,,,,Sample,COL1103202511052025,,
11/3/25,3:00:00 PM,EST,11/5/25,2:52:00 PM,EST,Putnam,Ross,2,9/3/25,,4,0.117,346,,,,,,Sample,COL1103202511052025,,
11/3/25,3:00:00 PM,EST,11/5/25,2:52:00 PM,EST,Putnam,Ross,3,9/3/25,,4,0.116,343,,,,,,Sample,COL1103202511052025,,
11/3/25,3:00:00 PM,EST,11/5/25,2:52:00 PM,EST,Putnam,Rowan,1,9/2/25,,1,0.098,73,,,,,,Sample,COL1103202511052025,,
11/3/25,3:00:00 PM,EST,11/5/25,2:52:00 PM,EST,Putnam,Rowan,DUP1,9/2/25,,1,0.098,73,,,,,,QAQC,COL1103202511052025,,
11/3/25,3:00:00 PM,EST,11/5/25,2:52:00 PM,EST,,,ALTQC1,,,1,0.024,18,,,Q,Q,,QAQC,COL1103202511052025,,
11/3/25,3:00:00 PM,EST,11/5/25,2:52:00 PM,EST,,,CCV1,,,1,0.033,25,,,Q,Q,,QAQC,COL1103202511052025,,
11/3/25,3:00:00 PM,EST,11/5/25,2:52:00 PM,EST,,,MBLK2,,,1,0,1,,,QTI,Q,TI,QAQC,COL1103202511052025,,
11/3/25,3:00:00 PM,EST,11/5/25,2:52:00 PM,EST,Putnam,Rowan,2,9/2/25,,1,0.098,73,,,,,,Sample,COL1103202511052025,,
11/3/25,3:00:00 PM,EST,11/5/25,2:52:00 PM,EST,Putnam,Rowan,3,9/2/25,,1,0.097,72,,,,,,Sample,COL1103202511052025,,
11/3/25,3:00:00 PM,EST,11/5/25,2:52:00 PM,EST,Putnam,Suggs,1,9/3/25,,2,0.15,221,,,,,,Sample,COL1103202511052025,,
11/3/25,3:00:00 PM,EST,11/5/25,2:52:00 PM,EST,Putnam,Suggs,2,9/3/25,,2,0.143,211,,,,,,Sample,COL1103202511052025,,
11/3/25,3:00:00 PM,EST,11/5/25,2:52:00 PM,EST,Putnam,Suggs,3,9/3/25,,2,0.143,211,,,,,,Sample,COL1103202511052025,,
11/3/25,3:00:00 PM,EST,11/5/25,2:52:00 PM,EST,Charlotte,LC-1,1,7/22/25,,1,0.173,128,,,,,,Sample,COL1103202511052025,,
11/3/25,3:00:00 PM,EST,11/5/25,2:52:00 PM,EST,Charlotte,LC-2,1,7/22/25,,2,0.111,164,,,,,,Sample,COL1103202511052025,,
11/3/25,3:00:00 PM,EST,11/5/25,2:52:00 PM,EST,Charlotte,L-6,1,7/15/25,,1,0.037,28,,,,,,Sample,COL1103202511052025,,
11/3/25,3:00:00 PM,EST,11/5/25,2:52:00 PM,EST,Charlotte,WF-1,1,7/17/25,,1,0.124,92,,,,,,Sample,COL1103202511052025,,
11/3/25,3:00:00 PM,EST,11/5/25,2:52:00 PM,EST,Orange,Big Sand,2,7/21/25,,1,0.018,14,,,,,,Sample,COL1103202511052025,,
11/3/25,3:00:00 PM,EST,11/5/25,2:52:00 PM,EST,Volusia,St. John's Harney-3,1,7/24/25,,4,0.106,314,,,,,,Sample,COL1103202511052025,,
11/3/25,3:00:00 PM,EST,11/5/25,2:52:00 PM,EST,Volusia,St. John's Jesup-1,1,7/24/25,,4,0.112,331,,,,,,Sample,COL1103202511052025,,
11/3/25,3:00:00 PM,EST,11/5/25,2:52:00 PM,EST,Volusia,St. John's Lemon Bluff-2,1,7/24/25,,4,0.123,363,,,,,,Sample,COL1103202511052025,,
11/3/25,3:00:00 PM,EST,11/5/25,2:52:00 PM,EST,Volusia,Mud,1,7/24/25,,4,0.061,181,,,,,,Sample,COL1103202511052025,,
11/3/25,3:00:00 PM,EST,11/5/25,2:52:00 PM,EST,Wakulla,Wakulla River-1,1,4/17/25,,1,0.007,6,,,Q,Q,,Sample,COL1103202511052025,,
11/3/25,3:00:00 PM,EST,11/5/25,2:52:00 PM,EST,Wakulla,Wakulla River-2,1,4/17/25,,1,0.006,5,,,Q,Q,,Sample,COL1103202511052025,,
11/3/25,3:00:00 PM,EST,11/5/25,2:52:00 PM,EST,Wakulla,Wakulla River-3,1,4/17/25,,1,0.007,6,,,Q,Q,,Sample,COL1103202511052025,,
11/3/25,3:00:00 PM,EST,11/5/25,2:52:00 PM,EST,Walton,Allen,1,7/27/25,,1,0.128,95,,,,,,Sample,COL1103202511052025,,
11/3/25,3:00:00 PM,EST,11/5/25,2:52:00 PM,EST,Walton,CBA Mullet Creek-1,1,7/20/25,,1,0.033,25,,,,,,Sample,COL1103202511052025,,
11/3/25,3:00:00 PM,EST,11/5/25,2:52:00 PM,EST,Walton,CBA Mullet Creek-1,DUP2,7/20/25,,1,0.033,25,,,,,,QAQC,COL1103202511052025,,
11/3/25,3:00:00 PM,EST,11/5/25,2:52:00 PM,EST,,,ALTQC2,,,1,0.024,18,,,Q,Q,,QAQC,COL1103202511052025,,
11/3/25,3:00:00 PM,EST,11/5/25,2:52:00 PM,EST,,,CCV2,,,1,0.034,26,,,Q,Q,,QAQC,COL1103202511052025,,
11/3/25,3:00:00 PM,EST,11/5/25,2:52:00 PM,EST,,,MBLK3,,,1,0,1,,,QTI,Q,TI,QAQC,COL1103202511052025,,
11/3/25,3:00:00 PM,EST,11/5/25,2:52:00 PM,EST,Walton,CBA Mullet Creek-2,1,7/20/25,,1,0.033,25,,,,,,Sample,COL1103202511052025,,
11/3/25,3:00:00 PM,EST,11/5/25,2:52:00 PM,EST,Walton,CBA Mullet Creek-3,1,7/20/25,,1,0.034,26,,,,,,Sample,COL1103202511052025,,
11/3/25,3:00:00 PM,EST,11/5/25,2:52:00 PM,EST,Walton,Deer,1,7/25/25,,1,0.087,64,,,,,,Sample,COL1103202511052025,,
11/3/25,3:00:00 PM,EST,11/5/25,2:52:00 PM,EST,Walton,Draper,1,4/24/25,,1,0.024,18,,,Q,Q,,Sample,COL1103202511052025,,
11/3/25,3:00:00 PM,EST,11/5/25,2:52:00 PM,EST,Walton,Draper,1,7/29/25,,1,0.026,20,,,,,,Sample,COL1103202511052025,,
11/3/25,3:00:00 PM,EST,11/5/25,2:52:00 PM,EST,Walton,Eastern,1,7/24/25,,1,0.035,26,,,,,,Sample,COL1103202511052025,,
11/3/25,3:00:00 PM,EST,11/5/25,2:52:00 PM,EST,Walton,Eastern North,1,7/25/25,,1,0.026,20,,,,,,Sample,COL1103202511052025,,
11/3/25,3:00:00 PM,EST,11/5/25,2:52:00 PM,EST,Walton,Fuller,1,7/28/25,,1,0.168,124,,,,,,Sample,COL1103202511052025,,
11/3/25,3:00:00 PM,EST,11/5/25,2:52:00 PM,EST,Walton,Grayton,1,7/22/25,,1,0.055,41,,,,,,Sample,COL1103202511052025,,
11/3/25,3:00:00 PM,EST,11/5/25,2:52:00 PM,EST,Walton,Little Red Fish,2,7/26/25,,1,0.055,41,,,,,,Sample,COL1103202511052025,,
11/3/25,3:00:00 PM,EST,11/5/25,2:52:00 PM,EST,Walton,Morris,1,7/3/25,,1,0.057,42,,,,,,Sample,COL1103202511052025,,
11/3/25,3:00:00 PM,EST,11/5/25,2:52:00 PM,EST,Walton,Oyster,1,7/9/25,,1,0.097,72,,,,,,Sample,COL1103202511052025,,
11/3/25,3:00:00 PM,EST,11/5/25,2:52:00 PM,EST,Walton,Powell,1,7/9/25,,1,0.061,45,,,,,,Sample,COL1103202511052025,,
11/3/25,3:00:00 PM,EST,11/5/25,2:52:00 PM,EST,Walton,Stallworth,3,4/17/25,,1,0.033,25,,,Q,Q,,Sample,COL1103202511052025,,
11/3/25,3:00:00 PM,EST,11/5/25,2:52:00 PM,EST,Walton,Stallworth,1,7/3/25,,1,0.03,23,,,,,,Sample,COL1103202511052025,,
11/3/25,3:00:00 PM,EST,11/5/25,2:52:00 PM,EST,Walton,Tresca,1,7/25/25,,1,0.066,49,,,,,,Sample,COL1103202511052025,,
11/3/25,3:00:00 PM,EST,11/5/25,2:52:00 PM,EST,Walton,Western,1,7/22/25,,1,0.053,39,,,,,,Sample,COL1103202511052025,,
11/3/25,3:00:00 PM,EST,11/5/25,2:52:00 PM,EST,Walton,Western Northeast,1,7/21/25,,1,0.121,89,,,,,,Sample,COL1103202511052025,,
11/3/25,3:00:00 PM,EST,11/5/25,2:52:00 PM,EST,Pasco,Wisteria,1,7/22/25,,1,0.045,34,,,,,,Sample,COL1103202511052025,,
11/3/25,3:00:00 PM,EST,11/5/25,2:52:00 PM,EST,Pasco,Wisteria,DUP3,7/22/25,,1,0.045,34,,,,,,QAQC,COL1103202511052025,,
11/3/25,3:00:00 PM,EST,11/5/25,2:52:00 PM,EST,,,ALTQC3,,,1,0.025,19,,,Q,Q,,QAQC,COL1103202511052025,,
11/3/25,3:00:00 PM,EST,11/5/25,2:52:00 PM,EST,,,CCV3,,,1,0.034,26,,,Q,Q,,QAQC,COL1103202511052025,,
11/3/25,3:00:00 PM,EST,11/5/25,2:52:00 PM,EST,,,MBLK4,,,1,,1,,,QTI,Q,TI,QAQC,COL1103202511052025,,
11/3/25,3:00:00 PM,EST,11/5/25,2:52:00 PM,EST,,,DUP4,,,1,,1,,,QTI,Q,TI,QAQC,COL1103202511052025,,
11/3/25,3:00:00 PM,EST,11/5/25,2:52:00 PM,EST,,,ALTQC4,,,1,,1,,J,QTI,Q,TI,QAQC,COL1103202511052025,,
11/3/25,3:00:00 PM,EST,11/5/25,2:52:00 PM,EST,,,CCV4,,,1,,1,,J,QTI,Q,TI,QAQC,COL1103202511052025,,
11/3/25,3:00:00 PM,EST,11/5/25,2:52:00 PM,EST,,,MBLK5,,,1,,1,,,QTI,Q,TI,QAQC,COL1103202511052025,,
11/3/25,3:00:00 PM,EST,11/5/25,2:52:00 PM,EST,,,DUP5,,,1,,1,,,QTI,Q,TI,QAQC,COL1103202511052025,,
11/3/25,3:00:00 PM,EST,11/5/25,2:52:00 PM,EST,,,ALTQC5,,,1,,1,,J,QTI,Q,TI,QAQC,COL1103202511052025,,
11/3/25,3:00:00 PM,EST,11/5/25,2:52:00 PM,EST,,,CCV5,,,1,,1,,J,QTI,Q,TI,QAQC,COL1103202511052025,,
11/4/25,1:29:00 PM,EST,11/5/25,10:53:00 AM,EST,,,MBLK1,,,1,0.001,0,,,QTI,Q,TI,QAQC,COL1104202511052025,,
11/4/25,1:29:00 PM,EST,11/5/25,10:53:00 AM,EST,Alachua,Little Santa Fe,2,9/23/25,,1,0.037,27,,,,,,Sample,COL1104202511052025,,
11/4/25,1:29:00 PM,EST,11/5/25,10:53:00 AM,EST,Alachua,Melrose Bay,2,9/23/25,,1,0.026,19,,,,,,Sample,COL1104202511052025,,
11/4/25,1:29:00 PM,EST,11/5/25,10:53:00 AM,EST,Alachua,Santa Fe,2,9/23/25,,1,0.026,19,,,,,,Sample,COL1104202511052025,,
11/4/25,1:29:00 PM,EST,11/5/25,10:53:00 AM,EST,Alachua,Santa Fe-barricade,1,9/23/25,,1,0.036,27,,,,,,Sample,COL1104202511052025,,
11/4/25,1:29:00 PM,EST,11/5/25,10:53:00 AM,EST,Alachua,Santa Fe-Blue Bayou,1,9/23/25,,1,0.025,18,,,,,,Sample,COL1104202511052025,,
11/4/25,1:29:00 PM,EST,11/5/25,10:53:00 AM,EST,Alachua,Santa Fe-canal mouth,1,9/23/25,,1,0.024,18,,,,,,Sample,COL1104202511052025,,
11/4/25,1:29:00 PM,EST,11/5/25,10:53:00 AM,EST,Alachua,Santa Fe-Painter Canal,1,9/23/25,,1,0.034,25,,,,,,Sample,COL1104202511052025,,
11/4/25,1:29:00 PM,EST,11/5/25,10:53:00 AM,EST,Alachua,Orange,1,7/11/25,,1,0.168,125,,,,,,Sample,COL1104202511052025,,
11/4/25,1:29:00 PM,EST,11/5/25,10:53:00 AM,EST,Alachua,Orange,3,7/11/25,,2,0.176,263,,,,,,Sample,COL1104202511052025,,
11/4/25,1:29:00 PM,EST,11/5/25,10:53:00 AM,EST,Alachua,Orange,1,8/12/25,,2,0.15,224,,,,,,Sample,COL1104202511052025,,
11/4/25,1:29:00 PM,EST,11/5/25,10:53:00 AM,EST,Alachua,Orange,2,8/12/25,,2,0.127,189,,,,,,Sample,COL1104202511052025,,
11/4/25,1:29:00 PM,EST,11/5/25,10:53:00 AM,EST,Alachua,Orange,3,8/12/25,,2,0.191,285,,,,,,Sample,COL1104202511052025,,
11/4/25,1:29:00 PM,EST,11/5/25,10:53:00 AM,EST,Alachua,Orange,4,8/12/25,,2,0.162,242,,,,,,Sample,COL1104202511052025,,
11/4/25,1:29:00 PM,EST,11/5/25,10:53:00 AM,EST,Alachua,Orange,5,8/12/25,,2,0.121,180,,,,,,Sample,COL1104202511052025,,
11/4/25,1:29:00 PM,EST,11/5/25,10:53:00 AM,EST,Charlotte,Oakland Hills End,1,7/9/25,,1,0.102,76,,,,,,Sample,COL1104202511052025,,
11/4/25,1:29:00 PM,EST,11/5/25,10:53:00 AM,EST,Charlotte,Pine Valley End,1,7/9/25,,1,0.086,64,,,,,,Sample,COL1104202511052025,,
11/4/25,1:29:00 PM,EST,11/5/25,10:53:00 AM,EST,Charlotte,WF-2,1,7/17/25,,1,0.167,125,,,,,,Sample,COL1104202511052025,,
11/4/25,1:29:00 PM,EST,11/5/25,10:53:00 AM,EST,Charlotte,WF-3,1,7/17/25,,1,0.15,112,,,,,,Sample,COL1104202511052025,,
11/4/25,1:29:00 PM,EST,11/5/25,10:53:00 AM,EST,Charlotte,WF-4,1,7/17/25,,1,0.098,73,,,,,,Sample,COL1104202511052025,,
11/4/25,1:29:00 PM,EST,11/5/25,10:53:00 AM,EST,Charlotte,WF-4,DUP1,7/17/25,,1,0.098,73,,,,,,QAQC,COL1104202511052025,,
11/4/25,1:29:00 PM,EST,11/5/25,10:53:00 AM,EST,,,ALTQC1,,,1,0.025,18,,,Q,Q,,QAQC,COL1104202511052025,,
11/4/25,1:29:00 PM,EST,11/5/25,10:53:00 AM,EST,,,CCV1,,,1,0.034,25,,,Q,Q,,QAQC,COL1104202511052025,,
11/4/25,1:29:00 PM,EST,11/5/25,10:53:00 AM,EST,,,MLBK2,,,1,0,0,,,QTI,Q,TI,QAQC,COL1104202511052025,,
11/4/25,1:29:00 PM,EST,11/5/25,10:53:00 AM,EST,Charlotte,WF-5,1,7/17/25,,2,0.135,201,,,,,,Sample,COL1104202511052025,,
11/4/25,1:29:00 PM,EST,11/5/25,10:53:00 AM,EST,Charlotte,WF-6,1,7/17/25,,1,0.127,95,,,,,,Sample,COL1104202511052025,,
11/4/25,1:29:00 PM,EST,11/5/25,10:53:00 AM,EST,Charlotte,White Marsh Inflow,1,7/31/25,,1,0.08,59,,,,,,Sample,COL1104202511052025,,
11/4/25,1:29:00 PM,EST,11/5/25,10:53:00 AM,EST,Columbia,Rum Island Spring-1,1,7/17/25,,1,0.008,6,,,,,,Sample,COL1104202511052025,,
11/4/25,1:29:00 PM,EST,11/5/25,10:53:00 AM,EST,Gilchrist,Ginnie Spring Run-1,1,7/17/25,,1,0.004,3,,,,,,Sample,COL1104202511052025,,
11/4/25,1:29:00 PM,EST,11/5/25,10:53:00 AM,EST,Hillsborough,Cedar West,1,7/26/25,,1,0.043,32,,,,,,Sample,COL1104202511052025,,
11/4/25,1:29:00 PM,EST,11/5/25,10:53:00 AM,EST,Hillsborough,Heather,1,7/3/25,,1,0.0512,38,,,,,,Sample,COL1104202511052025,,
11/4/25,1:29:00 PM,EST,11/5/25,10:53:00 AM,EST,Hillsborough,North Pond,1,7/5/25,,1,0.045,33,,,,,,Sample,COL1104202511052025,,
11/4/25,1:29:00 PM,EST,11/5/25,10:53:00 AM,EST,Lake,Bay,1,7/18/25,,1,0.147,110,,,,,,Sample,COL1104202511052025,,
11/4/25,1:29:00 PM,EST,11/5/25,10:53:00 AM,EST,Lake,Florence,1,7/8/25,,1,0.015,11,,,,,,Sample,COL1104202511052025,,
11/4/25,1:29:00 PM,EST,11/5/25,10:53:00 AM,EST,Leon,Miccusukee,1,8/15/25,,1,0.094,70,,,,,,Sample,COL1104202511052025,,
11/4/25,1:29:00 PM,EST,11/5/25,10:53:00 AM,EST,Leon,Miccusukee,2,8/15/25,,1,0.065,48,,,,,,Sample,COL1104202511052025,,
11/4/25,1:29:00 PM,EST,11/5/25,10:53:00 AM,EST,Leon,Miccusukee,3,8/15/25,,1,0.076,56,,,,,,Sample,COL1104202511052025,,
11/4/25,1:29:00 PM,EST,11/5/25,10:53:00 AM,EST,Leon,Miccusukee,4,8/15/25,,1,0.056,42,,,,,,Sample,COL1104202511052025,,
11/4/25,1:29:00 PM,EST,11/5/25,10:53:00 AM,EST,Leon,Miccusukee,5,8/15/25,,1,0.076,56,,,,,,Sample,COL1104202511052025,,
11/4/25,1:29:00 PM,EST,11/5/25,10:53:00 AM,EST,Orange,Avalon,1,7/26/25,,1,0.06,45,,,,,,Sample,COL1104202511052025,,
11/4/25,1:29:00 PM,EST,11/5/25,10:53:00 AM,EST,Orange,Butler,1,7/27/25,,1,0.015,11,,,,,,Sample,COL1104202511052025,,
11/4/25,1:29:00 PM,EST,11/5/25,10:53:00 AM,EST,Orange,Butler Wetland,1,7/27/25,,1,0.017,12,,,,,,Sample,COL1104202511052025,,
11/4/25,1:29:00 PM,EST,11/5/25,10:53:00 AM,EST,Orange,Claire,1,7/18/25,,1,0.048,36,,,,,,Sample,COL1104202511052025,,
11/4/25,1:29:00 PM,EST,11/5/25,10:53:00 AM,EST,Orange,Claire,DUP2,7/18/25,,1,0.048,36,,,,,,QAQC,COL1104202511052025,,
11/4/25,1:29:00 PM,EST,11/5/25,10:53:00 AM,EST,,,ALTQC2,,,1,0.025,18,,,Q,Q,,QAQC,COL1104202511052025,,
11/4/25,1:29:00 PM,EST,11/5/25,10:53:00 AM,EST,,,CCV2,,,1,0.033,24,,,Q,Q,,QAQC,COL1104202511052025,,
11/4/25,1:29:00 PM,EST,11/5/25,10:53:00 AM,EST,,,MLBK3,,,1,0,0,,,QTI,Q,TI,QAQC,COL1104202511052025,,
11/4/25,1:29:00 PM,EST,11/5/25,10:53:00 AM,EST,Orange,Conway South,1,7/27/25,,1,0.009,6,,,,,,Sample,COL1104202511052025,,
11/4/25,1:29:00 PM,EST,11/5/25,10:53:00 AM,EST,Orange,East,1,7/5/25,,2,0.123,183,,,,,,Sample,COL1104202511052025,,
11/4/25,1:29:00 PM,EST,11/5/25,10:53:00 AM,EST,Orange,Eola,1,7/24/25,,1,0.023,17,,,,,,Sample,COL1104202511052025,,
11/4/25,1:29:00 PM,EST,11/5/25,10:53:00 AM,EST,Orange,Holden,1,7/25/25,,1,0.014,10,,,,,,Sample,COL1104202511052025,,
11/4/25,1:29:00 PM,EST,11/5/25,10:53:00 AM,EST,Orange,Killarney,1,7/26/25,,1,0.013,9,,,,,,Sample,COL1104202511052025,,
11/4/25,1:29:00 PM,EST,11/5/25,10:53:00 AM,EST,Orange,Lee,1,7/24/25,,1,0.032,24,,,,,,Sample,COL1104202511052025,,
11/4/25,1:29:00 PM,EST,11/5/25,10:53:00 AM,EST,Orange,Little Hickorynut,1,7/27/25,,1,0.052,39,,,,,,Sample,COL1104202511052025,,
11/4/25,1:29:00 PM,EST,11/5/25,10:53:00 AM,EST,Orange,Osceola,1,7/28/25,,1,0.016,12,,,,,,Sample,COL1104202511052025,,
11/4/25,1:29:00 PM,EST,11/5/25,10:53:00 AM,EST,Orange,Rose,1,7/16/25,,1,0.075,56,,,,,,Sample,COL1104202511052025,,
11/4/25,1:29:00 PM,EST,11/5/25,10:53:00 AM,EST,Orange,Virginia,1,7/24/25,,1,0.018,13,,,,,,Sample,COL1104202511052025,,
11/4/25,1:29:00 PM,EST,11/5/25,10:53:00 AM,EST,Orange,Waunatta,1,7/24/25,,1,0.026,19,,,,,,Sample,COL1104202511052025,,
11/4/25,1:29:00 PM,EST,11/5/25,10:53:00 AM,EST,Orange,Weldona,1,7/30/25,,1,0.014,10,,,,,,Sample,COL1104202511052025,,
11/4/25,1:29:00 PM,EST,11/5/25,10:53:00 AM,EST,Osceola,Fish,1,7/19/25,,1,0.056,42,,,,,,Sample,COL1104202511052025,,
11/4/25,1:29:00 PM,EST,11/5/25,10:53:00 AM,EST,Palm Beach,Green Cay,1,7/23/25,,1,0.098,73,,,,,,Sample,COL1104202511052025,,
11/4/25,1:29:00 PM,EST,11/5/25,10:53:00 AM,EST,Sarasota,Egret,1,7/14/25,,1,0.046,34,,,,,,Sample,COL1104202511052025,,
11/4/25,1:29:00 PM,EST,11/5/25,10:53:00 AM,EST,Sarasota,Heron,1,7/14/25,,1,0.049,36,,,,,,Sample,COL1104202511052025,,
11/4/25,1:29:00 PM,EST,11/5/25,10:53:00 AM,EST,Sarasota,HO6,1,7/15/25,,1,0.081,60,,,,,,Sample,COL1104202511052025,,
11/4/25,1:29:00 PM,EST,11/5/25,10:53:00 AM,EST,Washington,CBA Holmes Creek-2,1,7/16/25,,1,0.029,21,,,,,,Sample,COL1104202511052025,,
11/4/25,1:29:00 PM,EST,11/5/25,10:53:00 AM,EST,Washington,CBA Holmes Creek-3,1,7/16/25,,1,0.009,6,,,,,,Sample,COL1104202511052025,,
11/4/25,1:29:00 PM,EST,11/5/25,10:53:00 AM,EST,Washington,CBA Holmes Creek-3,DUP3,7/16/25,,1,0.009,6,,,,,,QAQC,COL1104202511052025,,
11/4/25,1:29:00 PM,EST,11/5/25,10:53:00 AM,EST,,,ALTQC3,,,1,0.024,18,,,Q,Q,,QAQC,COL1104202511052025,,
11/4/25,1:29:00 PM,EST,11/5/25,10:53:00 AM,EST,,,CCV3,,,1,0.034,25,,,Q,Q,,QAQC,COL1104202511052025,,
11/4/25,1:29:00 PM,EST,11/5/25,10:53:00 AM,EST,,,MLBK4,,,,,0,,,QTI,Q,TI,QAQC,COL1104202511052025,,
11/4/25,1:29:00 PM,EST,11/5/25,10:53:00 AM,EST,,,DUP4,,,,,0,,,QTI,Q,TI,QAQC,COL1104202511052025,,
11/4/25,1:29:00 PM,EST,11/5/25,10:53:00 AM,EST,,,ALTQC4,,,,,0,,J,QTI,Q,TI,QAQC,COL1104202511052025,,
11/4/25,1:29:00 PM,EST,11/5/25,10:53:00 AM,EST,,,CCV4,,,,,0,,J,QTI,Q,TI,QAQC,COL1104202511052025,,
11/4/25,1:29:00 PM,EST,11/5/25,10:53:00 AM,EST,,,MLBK5,,,,,0,,,QTI,Q,TI,QAQC,COL1104202511052025,,
11/4/25,1:29:00 PM,EST,11/5/25,10:53:00 AM,EST,,,DUP5,,,,,0,,,QTI,Q,TI,QAQC,COL1104202511052025,,
11/4/25,1:29:00 PM,EST,11/5/25,10:53:00 AM,EST,,,ALTQC5,,,,,0,,J,QTI,Q,TI,QAQC,COL1104202511052025,,
11/4/25,1:29:00 PM,EST,11/5/25,10:53:00 AM,EST,,,CCV5,,,,,0,,J,QTI,Q,TI,QAQC,COL1104202511052025,,
11/17/25,11:02:00 AM,EST,11/18/25,11:08:00 AM,EST,,,MBLK1,,,1,0,0,,,TI,,TI,QAQC,COL1117202511182025,,
11/17/25,11:02:00 AM,EST,11/18/25,11:08:00 AM,EST,Alachua,Wauberg,1,10/12/25,,1,0.022,16,,,,,,Sample,COL1117202511182025,,
11/17/25,11:02:00 AM,EST,11/18/25,11:08:00 AM,EST,Citrus,Crystal River-1,1,7/14/25,,1,0.02,15,,,,,,Sample,COL1117202511182025,,
11/17/25,11:02:00 AM,EST,11/18/25,11:08:00 AM,EST,Citrus,Crystal River-6,1,7/19/25,,1,0.014,10,,,,,,Sample,COL1117202511182025,,
11/17/25,11:02:00 AM,EST,11/18/25,11:08:00 AM,EST,Citrus,Crystal River-7,1,7/14/25,,1,0.019,14,,,,,,Sample,COL1117202511182025,,
11/17/25,11:02:00 AM,EST,11/18/25,11:08:00 AM,EST,Clay,Asbury North,1,7/28/25,,1,0.008,6,,,,,,Sample,COL1117202511182025,,
11/17/25,11:02:00 AM,EST,11/18/25,11:08:00 AM,EST,Clay,Fox Valley,1,7/12/25,,1,0.025,19,,,,,,Sample,COL1117202511182025,,
11/17/25,11:02:00 AM,EST,11/18/25,11:08:00 AM,EST,Hernando,Hernando Beach-1,1,7/23/25,,1,0.02,15,,,,,,Sample,COL1117202511182025,,
11/17/25,11:02:00 AM,EST,11/18/25,11:08:00 AM,EST,Hernando,Hernando Beach-3,1,7/23/25,,1,0.02,15,,,,,,Sample,COL1117202511182025,,
11/17/25,11:02:00 AM,EST,11/18/25,11:08:00 AM,EST,Hernando,Hernando Beach-4,1,7/23/25,,1,0.015,11,,,,,,Sample,COL1117202511182025,,
11/17/25,11:02:00 AM,EST,11/18/25,11:08:00 AM,EST,Hernando,Hernando Beach-5,1,7/23/25,,1,0.019,14,,,,,,Sample,COL1117202511182025,,
11/17/25,11:02:00 AM,EST,11/18/25,11:08:00 AM,EST,Hernando,Hernando Beach-6,1,7/23/25,,1,0.012,9,,,,,,Sample,COL1117202511182025,,
11/17/25,11:02:00 AM,EST,11/18/25,11:08:00 AM,EST,Hernando,Hernando Beach-1,1,10/8/25,,1,0.014,10,,,,,,Sample,COL1117202511182025,,
11/17/25,11:02:00 AM,EST,11/18/25,11:08:00 AM,EST,Hernando,Hernando Beach-3,1,10/8/25,,1,0.018,13,,,,,,Sample,COL1117202511182025,,
11/17/25,11:02:00 AM,EST,11/18/25,11:08:00 AM,EST,Hernando,Hernando Beach-5,1,10/8/25,,1,0.021,16,,,,,,Sample,COL1117202511182025,,
11/17/25,11:02:00 AM,EST,11/18/25,11:08:00 AM,EST,Hernando,Hernando Beach-6,1,10/8/25,,1,0.017,13,,,,,,Sample,COL1117202511182025,,
11/17/25,11:02:00 AM,EST,11/18/25,11:08:00 AM,EST,Hernando,Mountain,1,7/27/25,,1,0.1,74,,,,,,Sample,COL1117202511182025,,
11/17/25,11:02:00 AM,EST,11/18/25,11:08:00 AM,EST,Highlands,Clay,1,7/24/25,,1,0.017,13,,,,,,Sample,COL1117202511182025,,
11/17/25,11:02:00 AM,EST,11/18/25,11:08:00 AM,EST,Highlands,Jackson,1,7/14/25,,1,0.013,10,,,,,,Sample,COL1117202511182025,,
11/17/25,11:02:00 AM,EST,11/18/25,11:08:00 AM,EST,Hillsborough,Armistead,1,7/29/25,,1,0.104,77,,,,,,Sample,COL1117202511182025,,
11/17/25,11:02:00 AM,EST,11/18/25,11:08:00 AM,EST,Hillsborough,Armistead,DUP1,7/29/25,,1,0.104,77,,,,,,QAQC,COL1117202511182025,,
11/17/25,11:02:00 AM,EST,11/18/25,11:08:00 AM,EST,,,ALTQC1,,,1,0.024,18,,,,,,QAQC,COL1117202511182025,,
11/17/25,11:02:00 AM,EST,11/18/25,11:08:00 AM,EST,,,CCV1,,,1,0.034,25,,,,,,QAQC,COL1117202511182025,,
11/17/25,11:02:00 AM,EST,11/18/25,11:08:00 AM,EST,,,MBLK2,,,1,-0.001,-1,,,TI,,TI,QAQC,COL1117202511182025,,
11/17/25,11:02:00 AM,EST,11/18/25,11:08:00 AM,EST,Hillsborough,Island Ford,1,10/1/25,,1,0.064,47,,,,,,Sample,COL1117202511182025,,
11/17/25,11:02:00 AM,EST,11/18/25,11:08:00 AM,EST,Lake,Bear,1,10/1/25,,2,0.127,188,,,,,,Sample,COL1117202511182025,,
11/17/25,11:02:00 AM,EST,11/18/25,11:08:00 AM,EST,Lake,Louisa,1,10/1/25,,4,0.118,350,,,,,,Sample,COL1117202511182025,,
11/17/25,11:02:00 AM,EST,11/18/25,11:08:00 AM,EST,Orange,Hickorynut,1,7/27/25,,1,0.048,36,,,,,,Sample,COL1117202511182025,,
11/17/25,11:02:00 AM,EST,11/18/25,11:08:00 AM,EST,Orange,Hickorynut South,1,7/27/25,,1,0.083,62,,,,,,Sample,COL1117202511182025,,
11/17/25,11:02:00 AM,EST,11/18/25,11:08:00 AM,EST,Orange,Ola,1,7/17/25,,1,0.019,14,,,,,,Sample,COL1117202511182025,,
11/17/25,11:02:00 AM,EST,11/18/25,11:08:00 AM,EST,Pasco,Ann,1,10/2/25,,1,0.03,22,,,,,,Sample,COL1117202511182025,,
11/17/25,11:02:00 AM,EST,11/18/25,11:08:00 AM,EST,Pinellas,Bellevue,1,10/16/25,,1,0.039,29,,,,,,Sample,COL1117202511182025,,
11/17/25,11:02:00 AM,EST,11/18/25,11:08:00 AM,EST,Pinellas,Meadow West,1,7/24/25,,1,0.064,47,,,,,,Sample,COL1117202511182025,,
11/17/25,11:02:00 AM,EST,11/18/25,11:08:00 AM,EST,Pinellas,Saundra,1,10/2/25,,1,0.067,50,,,,,,Sample,COL1117202511182025,,
11/17/25,11:02:00 AM,EST,11/18/25,11:08:00 AM,EST,Pinellas,Seminole,1,10/6/25,,1,0.046,34,,,,,,Sample,COL1117202511182025,,
11/17/25,11:02:00 AM,EST,11/18/25,11:08:00 AM,EST,Pinellas,Winston,1,7/20/25,,1,0.063,47,,,,,,Sample,COL1117202511182025,,
11/17/25,11:02:00 AM,EST,11/18/25,11:08:00 AM,EST,Putnam,Anderson Cue,1,10/7/25,,1,0.008,6,,,,,,Sample,COL1117202511182025,,
11/17/25,11:02:00 AM,EST,11/18/25,11:08:00 AM,EST,Putnam,Anderson Cue,2,10/7/25,,1,0.009,7,,,,,,Sample,COL1117202511182025,,
11/17/25,11:02:00 AM,EST,11/18/25,11:08:00 AM,EST,Putnam,Anderson Cue,3,10/7/25,,1,0.009,7,,,,,,Sample,COL1117202511182025,,
11/17/25,11:02:00 AM,EST,11/18/25,11:08:00 AM,EST,Putnam,Barco,1,10/7/25,,1,0.007,5,,,,,,Sample,COL1117202511182025,,
11/17/25,11:02:00 AM,EST,11/18/25,11:08:00 AM,EST,Putnam,Barco,2,10/7/25,,1,0.008,6,,,,,,Sample,COL1117202511182025,,
11/17/25,11:02:00 AM,EST,11/18/25,11:08:00 AM,EST,Putnam,Barco,3,10/7/25,,1,0.008,6,,,,,,Sample,COL1117202511182025,,
11/17/25,11:02:00 AM,EST,11/18/25,11:08:00 AM,EST,Putnam,Blue,1,10/5/25,,1,0.014,10,,,,,,Sample,COL1117202511182025,,
11/17/25,11:02:00 AM,EST,11/18/25,11:08:00 AM,EST,Putnam,Blue,DUP2,10/5/25,,1,0.013,10,,,,,,QAQC,COL1117202511182025,,
11/17/25,11:02:00 AM,EST,11/18/25,11:08:00 AM,EST,,,ALTQC2,,,1,0.025,19,,,,,,QAQC,COL1117202511182025,,
11/17/25,11:02:00 AM,EST,11/18/25,11:08:00 AM,EST,,,CCV2,,,1,0.033,25,,,,,,QAQC,COL1117202511182025,,
11/17/25,11:02:00 AM,EST,11/18/25,11:08:00 AM,EST,,,MBLK3,,,1,-0.001,-1,,,TI,,TI,QAQC,COL1117202511182025,,
11/17/25,11:02:00 AM,EST,11/18/25,11:08:00 AM,EST,Putnam,Enslow,1,10/7/25,,1,0.037,27,,,,,,Sample,COL1117202511182025,,
11/17/25,11:02:00 AM,EST,11/18/25,11:08:00 AM,EST,Putnam,Enslow,2,10/7/25,,1,0.042,31,,,,,,Sample,COL1117202511182025,,
11/17/25,11:02:00 AM,EST,11/18/25,11:08:00 AM,EST,Putnam,Enslow,3,10/7/25,,1,0.049,36,,,,,,Sample,COL1117202511182025,,
11/17/25,11:02:00 AM,EST,11/18/25,11:08:00 AM,EST,Putnam,Fanny,1,10/11/25,,1,0.01,7,,,,,,Sample,COL1117202511182025,,
11/17/25,11:02:00 AM,EST,11/18/25,11:08:00 AM,EST,Putnam,Goose,1,10/8/25,,4,0.065,193,,,,,,Sample,COL1117202511182025,,
11/17/25,11:02:00 AM,EST,11/18/25,11:08:00 AM,EST,Putnam,Goose,2,10/8/25,,4,0.067,199,,,,,,Sample,COL1117202511182025,,
11/17/25,11:02:00 AM,EST,11/18/25,11:08:00 AM,EST,Putnam,Goose,3,10/8/25,,4,0.064,190,,,,,,Sample,COL1117202511182025,,
11/17/25,11:02:00 AM,EST,11/18/25,11:08:00 AM,EST,Putnam,McCloud,1,10/7/25,,1,0.015,11,,,,,,Sample,COL1117202511182025,,
11/17/25,11:02:00 AM,EST,11/18/25,11:08:00 AM,EST,Putnam,McCloud,2,10/7/25,,1,0.011,8,,,,,,Sample,COL1117202511182025,,
11/17/25,11:02:00 AM,EST,11/18/25,11:08:00 AM,EST,Putnam,McCloud,3,10/7/25,,1,0.025,19,,,,,,Sample,COL1117202511182025,,
11/17/25,11:02:00 AM,EST,11/18/25,11:08:00 AM,EST,Putnam,Ross,1,10/8/25,,4,0.111,329,,,,,,Sample,COL1117202511182025,,
11/17/25,11:02:00 AM,EST,11/18/25,11:08:00 AM,EST,Putnam,Ross,2,10/8/25,,4,0.104,308,,,,,,Sample,COL1117202511182025,,
11/17/25,11:02:00 AM,EST,11/18/25,11:08:00 AM,EST,Putnam,Ross,3,10/8/25,,4,0.101,299,,,,,,Sample,COL1117202511182025,,
11/17/25,11:02:00 AM,EST,11/18/25,11:08:00 AM,EST,Putnam,Rowan,1,10/7/25,,1,0.089,66,,,,,,Sample,COL1117202511182025,,
11/17/25,11:02:00 AM,EST,11/18/25,11:08:00 AM,EST,Putnam,Rowan,2,10/7/25,,1,0.092,68,,,,,,Sample,COL1117202511182025,,
11/17/25,11:02:00 AM,EST,11/18/25,11:08:00 AM,EST,Putnam,Rowan,3,10/7/25,,1,0.087,65,,,,,,Sample,COL1117202511182025,,
11/17/25,11:02:00 AM,EST,11/18/25,11:08:00 AM,EST,Putnam,Suggs,1,10/8/25,,4,0.069,205,,,,,,Sample,COL1117202511182025,,
11/17/25,11:02:00 AM,EST,11/18/25,11:08:00 AM,EST,Putnam,Suggs,2,10/8/25,,4,0.07,208,,,,,,Sample,COL1117202511182025,,
11/17/25,11:02:00 AM,EST,11/18/25,11:08:00 AM,EST,Putnam,Suggs,3,10/8/25,,4,0.071,211,,,,,,Sample,COL1117202511182025,,
11/17/25,11:02:00 AM,EST,11/18/25,11:08:00 AM,EST,Putnam,Suggs,DUP3,10/8/25,,4,0.07,208,,,,,,QAQC,COL1117202511182025,,
11/17/25,11:02:00 AM,EST,11/18/25,11:08:00 AM,EST,,,ALTQC3,,,1,0.024,18,,,,,,QAQC,COL1117202511182025,,
11/17/25,11:02:00 AM,EST,11/18/25,11:08:00 AM,EST,,,CCV3,,,1,0.032,24,,,,,,QAQC,COL1117202511182025,,
11/17/25,11:02:00 AM,EST,11/18/25,11:08:00 AM,EST,,,MBLK4,,,,,0,,,TI,,TI,QAQC,COL1117202511182025,,
11/17/25,11:02:00 AM,EST,11/18/25,11:08:00 AM,EST,,,DUP4,,,,,0,,,QTI,Q,TI,QAQC,COL1117202511182025,,
11/17/25,11:02:00 AM,EST,11/18/25,11:08:00 AM,EST,,,ALTQC4,,,,,0,,J,QTI,Q,TI,QAQC,COL1117202511182025,,
11/17/25,11:02:00 AM,EST,11/18/25,11:08:00 AM,EST,,,CCV4,,,,,0,,J,QTI,Q,TI,QAQC,COL1117202511182025,,
11/17/25,11:02:00 AM,EST,11/18/25,11:08:00 AM,EST,,,MBLK5,,,,,0,,,QTI,Q,TI,QAQC,COL1117202511182025,,
11/17/25,11:02:00 AM,EST,11/18/25,11:08:00 AM,EST,,,DUP5,,,,,0,,,QTI,Q,TI,QAQC,COL1117202511182025,,
11/17/25,11:02:00 AM,EST,11/18/25,11:08:00 AM,EST,,,ALTQC5,,,,,0,,J,QTI,Q,TI,QAQC,COL1117202511182025,,
11/17/25,11:02:00 AM,EST,11/18/25,11:08:00 AM,EST,,,CCV5,,,,,0,,J,QTI,Q,TI,QAQC,COL1117202511182025,,