Preparation_Date,Preparation_Time,Preparation_Time_Zone,Analysis_Date,Analysis_Time,Analysis_Time_Zone,County,Lake,Station,Activity_Start_Date,Tube_Number,Dilution,Org_Result_Value,Org_Result_Unit,Result_Comments,QAQC_Qualifier,WIN_Value_Qualifier,Holding_Qualifier,MDL_PQL_Qualifier,Data_Category,Run_ID,LWID,Comments
01/02/2008,12:00:00 AM,0,09/25/2028,8:30:00 AM,EDT,Alachua,Alice,1,08/01/2028,,,187.5,uS/cm,,,Q,Q,,Sample,COND0924202409242024,,
09/14/2028,3:06:00 PM,EDT,09/17/2028,10:17:00 AM,EDT,Alachua,Alto,1,07/20/2028,,1,70.1,uS/cm,,,Q,Q,,Sample,COND91320249162024,,
11/13/2028,2:36:00 PM,EST,11/15/2028,7:37:00 AM,EST,Alachua,Blues Creek-1,1,07/16/2028,,1,229.3,uS/cm,,,,,,Sample,COND1112202411142024,,
11/13/2028,2:36:00 PM,EST,11/15/2028,7:37:00 AM,EST,Alachua,Blues Creek-2,1,07/16/2028,,1,263.9,uS/cm,,,,,,Sample,COND1112202411142024,,
11/13/2028,2:36:00 PM,EST,11/15/2028,7:37:00 AM,EST,Alachua,Cellon Creek-2,1,07/16/2028,,1,313.7,uS/cm,,,,,,Sample,COND1112202411142024,,
11/13/2028,2:36:00 PM,EST,11/15/2028,7:37:00 AM,EST,Alachua,Cellon Creek-4,1,07/16/2028,,1,358.5,uS/cm,,,,,,Sample,COND1112202411142024,,
09/04/2028,10:35:00 AM,EDT,09/06/2028,8:01:00 AM,EDT,Alachua,Deer Run,1,04/16/2028,,1,519,uS/cm,,,,,,Sample,COND932024952024,,
10/18/2028,2:10:00 PM,EDT,10/23/2028,2:10:00 PM,EDT,Alachua,Elizabeth,1,07/29/2028,,1,61.9,uS/cm,,,Q,Q,,Sample,COND10172024COND10222024,,
01/02/2008,12:00:00 AM,0,09/25/2028,8:30:00 AM,EDT,Alachua,Kingswood,1,08/01/2028,,,85.6,uS/cm,,,Q,Q,,Sample,COND0924202409242024,,
08/24/2028,3:00:00 PM,EDT,08/28/2028,3:00:00 PM,EDT,Alachua,Little Santa Fe,2,05/29/2028,,1,69.9,uS/cm,,,Q,Q,,Sample,COND802324082724,,
08/24/2028,3:00:00 PM,EDT,08/28/2028,3:00:00 PM,EDT,Alachua,Little Santa Fe,2,06/26/2028,,1,68.6,uS/cm,,,Q,Q,,Sample,COND802324082724,,
01/02/2008,12:00:00 AM,0,09/25/2028,8:30:00 AM,EDT,Alachua,Little Santa Fe,2,07/30/2028,,,69.5,uS/cm,,,,,,Sample,COND0924202409242024,,
09/14/2028,3:06:00 PM,EDT,09/17/2028,10:17:00 AM,EDT,Alachua,Little Santa Fe,2,08/20/2028,,1,71.2,uS/cm,,,,,,Sample,COND91320249162024,,
11/16/2028,10:25:00 AM,EST,11/16/2028,10:25:00 AM,EST,Alachua,Little Santa Fe,2,10/01/2028,,1,64.6,uS/cm,,,Q,Q,,Sample,COND11152024,,
11/16/2028,10:25:00 AM,EST,11/16/2028,10:25:00 AM,EST,Alachua,Little Santa Fe,2,10/29/2028,,1,64.4,uS/cm,,,Q,Q,,Sample,COND11152024,,
01/02/2008,12:00:00 AM,0,09/25/2028,8:30:00 AM,EDT,Alachua,Lochloosa,1,07/11/2028,,,117.2,uS/cm,,,,,,Sample,COND0924202409242024,,
11/13/2028,2:36:00 PM,EST,11/15/2028,7:37:00 AM,EST,Alachua,Lochloosa_Lynch_Student Project,L1,10/25/2028,,1,101.2,uS/cm,,,,,,Sample,COND1112202411142024,,
11/13/2028,2:36:00 PM,EST,11/15/2028,7:37:00 AM,EST,Alachua,Lochloosa_Lynch_Student Project,L3,10/25/2028,,1,99.8,uS/cm,,,,,,Sample,COND1112202411142024,,
11/13/2028,2:36:00 PM,EST,11/15/2028,7:37:00 AM,EST,Alachua,Lochloosa_Lynch_Student Project,OD,10/25/2028,,1,101.7,uS/cm,,,Q,Q,,Sample,COND1112202411142024,,
11/13/2028,2:36:00 PM,EST,11/15/2028,7:37:00 AM,EST,Alachua,Lochloosa_Lynch_Student Project,OS,10/25/2028,,1,100.5,uS/cm,,,Q,Q,,Sample,COND1112202411142024,,
08/24/2028,3:00:00 PM,EDT,08/28/2028,3:00:00 PM,EDT,Alachua,Melrose Bay,2,06/26/2028,,1,72.3,uS/cm,,,,,,Sample,COND802324082724,,
01/02/2008,12:00:00 AM,0,09/25/2028,8:30:00 AM,EDT,Alachua,Melrose Bay,2,07/30/2028,,,70.7,uS/cm,,,,,,Sample,COND0924202409242024,,
09/14/2028,3:06:00 PM,EDT,09/17/2028,10:17:00 AM,EDT,Alachua,Melrose Bay,2,08/20/2028,,1,70,uS/cm,,,,,,Sample,COND91320249162024,,
11/16/2028,10:25:00 AM,EST,11/16/2028,10:25:00 AM,EST,Alachua,Melrose Bay,2,10/01/2028,,1,68.8,uS/cm,,,,,,Sample,COND11152024,,
11/16/2028,10:25:00 AM,EST,11/16/2028,10:25:00 AM,EST,Alachua,Melrose Bay,2,10/29/2028,,1,69.4,uS/cm,,,,,,Sample,COND11152024,,
01/02/2008,12:00:00 AM,0,09/25/2028,8:30:00 AM,EDT,Alachua,Newnan,1,07/19/2028,,,97.6,uS/cm,,,,,,Sample,COND0924202409242024,,
01/02/2008,12:00:00 AM,0,09/25/2028,8:30:00 AM,EDT,Alachua,Orange,1,07/11/2028,,,115.7,uS/cm,,,,,,Sample,COND0924202409242024,,
08/24/2028,3:00:00 PM,EDT,08/28/2028,3:00:00 PM,EDT,Alachua,Santa Fe,2,06/26/2028,,1,70.9,uS/cm,,,,,,Sample,COND802324082724,,
01/02/2008,12:00:00 AM,0,09/25/2028,8:30:00 AM,EDT,Alachua,Santa Fe,2,07/30/2028,,,86.5,uS/cm,,,,,,Sample,COND0924202409242024,,
09/14/2028,3:06:00 PM,EDT,09/17/2028,10:17:00 AM,EDT,Alachua,Santa Fe,2,08/20/2028,,1,69.7,uS/cm,,,,,,Sample,COND91320249162024,,
11/16/2028,10:25:00 AM,EST,11/16/2028,10:25:00 AM,EST,Alachua,Santa Fe,2,10/01/2028,,1,69.1,uS/cm,,,,,,Sample,COND11152024,,
11/16/2028,10:25:00 AM,EST,11/16/2028,10:25:00 AM,EST,Alachua,Santa Fe,2,10/29/2028,,1,68.3,uS/cm,,,,,,Sample,COND11152024,,
08/24/2028,3:00:00 PM,EDT,08/28/2028,3:00:00 PM,EDT,Alachua,Santa Fe-barricade,1,06/26/2028,,1,72.8,uS/cm,,,,,,Sample,COND802324082724,,
01/02/2008,12:00:00 AM,0,09/25/2028,8:30:00 AM,EDT,Alachua,Santa Fe-barricade,1,07/30/2028,,,71.5,uS/cm,,,,,,Sample,COND0924202409242024,,
09/14/2028,3:06:00 PM,EDT,09/17/2028,10:17:00 AM,EDT,Alachua,Santa Fe-barricade,1,08/20/2028,,1,69.7,uS/cm,,,Q,Q,,Sample,COND91320249162024,,
11/16/2028,10:25:00 AM,EST,11/16/2028,10:25:00 AM,EST,Alachua,Santa Fe-barricade,1,10/01/2028,,1,68.1,uS/cm,,,,,,Sample,COND11152024,,
11/16/2028,10:25:00 AM,EST,11/16/2028,10:25:00 AM,EST,Alachua,Santa Fe-barricade,1,10/29/2028,,1,75.6,uS/cm,,,,,,Sample,COND11152024,,
11/16/2028,10:25:00 AM,EST,11/16/2028,10:25:00 AM,EST,Alachua,Santa Fe-Blue Bayou,1,10/01/2028,,1,68.3,uS/cm,,,,,,Sample,COND11152024,,
11/16/2028,10:25:00 AM,EST,11/16/2028,10:25:00 AM,EST,Alachua,Santa Fe-Blue Bayou,1,10/29/2028,,1,71.3,uS/cm,,,,,,Sample,COND11152024,,
09/14/2028,3:06:00 PM,EDT,09/17/2028,10:17:00 AM,EDT,Alachua,Santa Fe-Blue Bayou Canal,1,08/20/2028,,1,74.9,uS/cm,,,,,,Sample,COND91320249162024,,
01/02/2008,12:00:00 AM,0,09/25/2028,8:30:00 AM,EDT,Alachua,Santa Fe-Blue bayou canal mouth,1,07/30/2028,,,71.9,uS/cm,,,,,,Sample,COND0924202409242024,,
08/24/2028,3:00:00 PM,EDT,08/28/2028,3:00:00 PM,EDT,Alachua,Santa Fe-canal mouth,1,06/26/2028,,1,71.8,uS/cm,,,,,,Sample,COND802324082724,,
01/02/2008,12:00:00 AM,0,09/25/2028,8:30:00 AM,EDT,Alachua,Santa Fe-canal mouth,1,07/30/2028,,,70.6,uS/cm,,,,,,Sample,COND0924202409242024,,
09/14/2028,3:06:00 PM,EDT,09/17/2028,10:17:00 AM,EDT,Alachua,Santa Fe-canal mouth,1,08/20/2028,,1,73.8,uS/cm,,,,,,Sample,COND91320249162024,,
11/16/2028,10:25:00 AM,EST,11/16/2028,10:25:00 AM,EST,Alachua,Santa Fe-canal mouth,1,10/01/2028,,1,68.9,uS/cm,,,,,,Sample,COND11152024,,
11/16/2028,10:25:00 AM,EST,11/16/2028,10:25:00 AM,EST,Alachua,Santa Fe-canal mouth,1,10/29/2028,,1,74,uS/cm,,,,,,Sample,COND11152024,,
08/24/2028,3:00:00 PM,EDT,08/28/2028,3:00:00 PM,EDT,Alachua,Santa Fe-Painter Canal,1,06/26/2028,,1,71,uS/cm,,,,,,Sample,COND802324082724,,
01/02/2008,12:00:00 AM,0,09/25/2028,8:30:00 AM,EDT,Alachua,Santa Fe-Painter Canal,1,07/30/2028,,,69.2,uS/cm,,,,,,Sample,COND0924202409242024,,
09/14/2028,3:06:00 PM,EDT,09/17/2028,10:17:00 AM,EDT,Alachua,Santa Fe-Painter Canal,1,08/20/2028,,1,70.3,uS/cm,,,,,,Sample,COND91320249162024,,
11/16/2028,10:25:00 AM,EST,11/16/2028,10:25:00 AM,EST,Alachua,Santa Fe-Painter Canal,1,10/01/2028,,1,68.5,uS/cm,,,,,,Sample,COND11152024,,
11/16/2028,10:25:00 AM,EST,11/16/2028,10:25:00 AM,EST,Alachua,Santa Fe-Painter Canal,1,10/29/2028,,1,76.5,uS/cm,,,,,,Sample,COND11152024,,
11/13/2028,2:36:00 PM,EST,11/15/2028,7:37:00 AM,EST,Alachua,Turkey Creek-1,1,07/16/2028,,1,332.5,uS/cm,,,,,,Sample,COND1112202411142024,,
11/13/2028,2:36:00 PM,EST,11/15/2028,7:37:00 AM,EST,Alachua,Turkey Creek-2,1,07/16/2028,,1,316.6,uS/cm,,,,,,Sample,COND1112202411142024,,
01/02/2008,12:00:00 AM,0,09/25/2028,8:30:00 AM,EDT,Alachua,Wauberg,1,07/15/2028,,,92.3,uS/cm,,,,,,Sample,COND0924202409242024,,
10/16/2028,10:19:00 AM,EDT,10/17/2028,8:20:00 AM,EDT,Bay,Deer Point,1,07/30/2028,,1,84.2,uS/cm,,,Q,Q,,Sample,COND1015202410162024,,
10/16/2028,10:19:00 AM,EDT,10/17/2028,8:20:00 AM,EDT,Bay,Marin,1,07/25/2028,,1,81.1,uS/cm,,,Q,Q,,Sample,COND1015202410162024,,
10/16/2028,10:19:00 AM,EDT,10/17/2028,8:20:00 AM,EDT,Bay,Martin-1,1,07/04/2028,,1,278.1,uS/cm,,,,,,Sample,COND1015202410162024,,
10/16/2028,10:19:00 AM,EDT,10/17/2028,8:20:00 AM,EDT,Bay,Powell,1,07/11/2028,,1,25.91,mS/cm,,,,,,Sample,COND1015202410162024,,
10/16/2028,10:19:00 AM,EDT,10/17/2028,8:20:00 AM,EDT,Bay,Powell Creek East-1,1,07/11/2028,,1,18.04,mS/cm,,,,,,Sample,COND1015202410162024,,
10/18/2028,2:10:00 PM,EDT,10/23/2028,2:10:00 PM,EDT,Brevard,Fox,1,07/22/2028,,1,733,uS/cm,,,Q,Q,,Sample,COND10172024COND10222024,,
10/18/2028,2:10:00 PM,EDT,10/23/2028,2:10:00 PM,EDT,Brevard,Washington,1,07/30/2028,,1,389.4,uS/cm,,,,,,Sample,COND10172024COND10222024,,
08/24/2028,3:00:00 PM,EDT,08/28/2028,3:00:00 PM,EDT,Charlotte,L-4,1,04/27/2028,,1,320.1,uS/cm,,,,,,Sample,COND802324082724,,
08/24/2028,3:00:00 PM,EDT,08/28/2028,3:00:00 PM,EDT,Charlotte,L-6,1,04/26/2028,,1,655,uS/cm,,,,,,Sample,COND802324082724,,
08/24/2028,3:00:00 PM,EDT,08/28/2028,3:00:00 PM,EDT,Charlotte,LC-1,1,04/24/2028,,1,36.75,mS/cm,,,,,,Sample,COND802324082724,,
08/24/2028,3:00:00 PM,EDT,08/28/2028,3:00:00 PM,EDT,Charlotte,LC-2,1,04/24/2028,,1,42.83,mS/cm,,,,,,Sample,COND802324082724,,
08/24/2028,3:00:00 PM,EDT,08/28/2028,3:00:00 PM,EDT,Charlotte,LC-3,1,04/24/2028,,1,39.26,mS/cm,,,,,,Sample,COND802324082724,,
08/30/2028,3:19:00 PM,EDT,08/31/2028,7:33:00 AM,EDT,Charlotte,Oakland Hills End,1,04/25/2028,,1,950,uS/cm,,,Q,Q,,Sample,COND8292483024,,
08/30/2028,3:19:00 PM,EDT,08/31/2028,7:33:00 AM,EDT,Charlotte,Pine Valley End,1,04/26/2028,,1,1138,uS/cm,,,Q,Q,,Sample,COND8292483024,,
08/30/2028,3:19:00 PM,EDT,08/31/2028,7:33:00 AM,EDT,Charlotte,Redfish,1,04/16/2028,,1,215,uS/cm,,,,,,Sample,COND8292483024,,
08/24/2028,3:00:00 PM,EDT,08/28/2028,3:00:00 PM,EDT,Charlotte,Sturgeon,1,04/14/2028,,1,250.3,uS/cm,,,,,,Sample,COND802324082724,,
08/24/2028,3:00:00 PM,EDT,08/28/2028,3:00:00 PM,EDT,Charlotte,Sunapee,1,04/14/2028,,1,206.9,uS/cm,,,,,,Sample,COND802324082724,,
08/24/2028,3:00:00 PM,EDT,08/28/2028,3:00:00 PM,EDT,Charlotte,WF-1,1,04/24/2028,,1,464.8,uS/cm,,,,,,Sample,COND802324082724,,
08/24/2028,3:00:00 PM,EDT,08/28/2028,3:00:00 PM,EDT,Charlotte,WF-2,1,04/24/2028,,1,887,uS/cm,,,,,,Sample,COND802324082724,,
08/24/2028,3:00:00 PM,EDT,08/28/2028,3:00:00 PM,EDT,Charlotte,WF-3,1,04/24/2028,,1,578,uS/cm,,,,,,Sample,COND802324082724,,
08/24/2028,3:00:00 PM,EDT,08/28/2028,3:00:00 PM,EDT,Charlotte,WF-4,1,04/24/2028,,1,624,uS/cm,,,,,,Sample,COND802324082724,,
08/24/2028,3:00:00 PM,EDT,08/28/2028,3:00:00 PM,EDT,Charlotte,WF-5,1,04/24/2028,,1,262.4,uS/cm,,,,,,Sample,COND802324082724,,
08/30/2028,3:19:00 PM,EDT,08/31/2028,7:33:00 AM,EDT,Charlotte,WF-6,1,04/24/2028,,1,837,uS/cm,,,,,,Sample,COND8292483024,,
09/04/2028,10:35:00 AM,EDT,09/06/2028,8:01:00 AM,EDT,Charlotte,WF-6,1,04/24/2028,,1,852,uS/cm,,,,,,Sample,COND932024952024,,
08/30/2028,3:19:00 PM,EDT,08/31/2028,7:33:00 AM,EDT,Charlotte,White Marsh Inflow,1,05/01/2028,,1,1118,uS/cm,,,,,,Sample,COND8292483024,,
10/16/2028,10:19:00 AM,EDT,10/17/2028,8:20:00 AM,EDT,Citrus,Crystal River-1,1,07/18/2028,,1,13.83,mS/cm,,,,,,Sample,COND1015202410162024,,
10/16/2028,10:19:00 AM,EDT,10/17/2028,8:20:00 AM,EDT,Citrus,Crystal River-6,1,07/27/2028,,1,4667,uS/cm,,,,,,Sample,COND1015202410162024,,
10/16/2028,10:19:00 AM,EDT,10/17/2028,8:20:00 AM,EDT,Citrus,Crystal River-7,1,07/18/2028,,1,7.74,mS/cm,,,,,,Sample,COND1015202410162024,,
10/16/2028,10:19:00 AM,EDT,10/17/2028,8:20:00 AM,EDT,Citrus,Floral City,1,07/31/2028,,1,157.7,uS/cm,,,,,,Sample,COND1015202410162024,,
10/16/2028,10:19:00 AM,EDT,10/17/2028,8:20:00 AM,EDT,Citrus,Floral City North,1,07/31/2028,,1,167.8,uS/cm,,,,,,Sample,COND1015202410162024,,
10/16/2028,10:19:00 AM,EDT,10/17/2028,8:20:00 AM,EDT,Citrus,Fort Cooper,1,07/23/2028,,1,232.3,uS/cm,,,,,,Sample,COND1015202410162024,,
10/16/2028,10:19:00 AM,EDT,10/17/2028,8:20:00 AM,EDT,Citrus,Hampton,1,07/31/2028,,1,108,uS/cm,,,,,,Sample,COND1015202410162024,,
10/16/2028,10:19:00 AM,EDT,10/17/2028,8:20:00 AM,EDT,Citrus,Magnolia Creek-1,1,07/20/2028,,1,312.7,uS/cm,,,,,,Sample,COND1015202410162024,,
10/16/2028,10:19:00 AM,EDT,10/17/2028,8:20:00 AM,EDT,Citrus,Magnolia Creek-2,1,07/20/2028,,1,692,uS/cm,,,,,,Sample,COND1015202410162024,,
10/16/2028,10:19:00 AM,EDT,10/17/2028,8:20:00 AM,EDT,Citrus,Magnolia Creek-3,1,07/20/2028,,1,973,uS/cm,,,,,,Sample,COND1015202410162024,,
10/16/2028,10:19:00 AM,EDT,10/17/2028,8:20:00 AM,EDT,Citrus,Magnolia Creek-4,1,07/20/2028,,1,242.3,uS/cm,,,,,,Sample,COND1015202410162024,,
10/16/2028,10:19:00 AM,EDT,10/17/2028,8:20:00 AM,EDT,Citrus,Magnolia Creek-mullet hole,1,07/20/2028,,1,6.9,mS/cm,,,,,,Sample,COND1015202410162024,,
10/16/2028,10:19:00 AM,EDT,10/17/2028,8:20:00 AM,EDT,Citrus,Tsala Apopka South,1,07/31/2028,,1,1414.7,uS/cm,,,,,,Sample,COND1015202410162024,,
08/30/2028,3:19:00 PM,EDT,08/31/2028,7:33:00 AM,EDT,Clay,Asbury North,1,01/25/2028,,1,138,uS/cm,,,Q,Q,,Sample,COND8292483024,,
08/30/2028,3:19:00 PM,EDT,08/31/2028,7:33:00 AM,EDT,Clay,Deer,1,04/13/2028,,1,20.62,uS/cm,,,,,,Sample,COND8292483024,,
09/14/2028,12:00:00 AM,EDT,09/26/2028,9:57:00 AM,EDT,Clay,Deer,1,07/12/2028,,,21.39,uS/cm,,,Q,Q,,Sample,COND08252024,,
09/04/2028,10:35:00 AM,EDT,09/06/2028,8:01:00 AM,EDT,Clay,Flemingbrook-5,1,04/05/2028,,1,111.7,uS/cm,,,Q,Q,,Sample,COND932024952024,,
09/04/2028,10:35:00 AM,EDT,09/06/2028,8:01:00 AM,EDT,Clay,Flemingbrook-6,1,04/06/2028,,1,232.8,uS/cm,,,Q,Q,,Sample,COND932024952024,,
08/30/2028,3:19:00 PM,EDT,08/31/2028,7:33:00 AM,EDT,Clay,Gold Head Branch-1,1,04/13/2028,,1,22.16,uS/cm,,,,,,Sample,COND8292483024,,
09/14/2028,12:00:00 AM,EDT,09/26/2028,9:57:00 AM,EDT,Clay,Gold Head Branch-1,1,07/12/2028,,,22.77,uS/cm,,,Q,Q,,Sample,COND08252024,,
08/30/2028,3:19:00 PM,EDT,08/31/2028,7:33:00 AM,EDT,Clay,Gold Head Branch-2,1,04/13/2028,,1,22.52,uS/cm,,,,,,Sample,COND8292483024,,
09/14/2028,12:00:00 AM,EDT,09/26/2028,9:57:00 AM,EDT,Clay,Gold Head Branch-2,1,07/12/2028,,,22.04,uS/cm,,,,,,Sample,COND08252024,,
08/30/2028,3:19:00 PM,EDT,08/31/2028,7:33:00 AM,EDT,Clay,Johnson,1,04/13/2028,,1,22.35,uS/cm,,,,,,Sample,COND8292483024,,
09/14/2028,12:00:00 AM,EDT,09/26/2028,9:57:00 AM,EDT,Clay,Johnson,1,07/12/2028,,,26.44,uS/cm,,,,,,Sample,COND08252024,,
10/18/2028,2:10:00 PM,EDT,10/23/2028,2:10:00 PM,EDT,Clay,Lily,1,07/29/2028,,1,60.8,uS/cm,,,,,,Sample,COND10172024COND10222024,,
08/30/2028,3:19:00 PM,EDT,08/31/2028,7:33:00 AM,EDT,Clay,Little Johnson,1,04/13/2028,,1,20.88,uS/cm,,,,,,Sample,COND8292483024,,
09/14/2028,12:00:00 AM,EDT,09/26/2028,9:57:00 AM,EDT,Clay,Little Johnson,1,07/12/2028,,,21.46,uS/cm,,,,,,Sample,COND08252024,,
08/30/2028,3:19:00 PM,EDT,08/31/2028,7:33:00 AM,EDT,Clay,Sheelar,1,04/13/2028,,1,52.4,uS/cm,,,,,,Sample,COND8292483024,,
09/14/2028,12:00:00 AM,EDT,09/26/2028,9:57:00 AM,EDT,Clay,Sheelar,1,07/12/2028,,,20.28,uS/cm,,,,,,Sample,COND08252024,,
08/24/2028,3:00:00 PM,EDT,08/28/2028,3:00:00 PM,EDT,Collier,Eagle,1,04/19/2028,,1,309.2,uS/cm,,,,,,Sample,COND802324082724,,
08/24/2028,3:00:00 PM,EDT,08/28/2028,3:00:00 PM,EDT,Collier,Harveys,1,04/06/2028,,1,943,uS/cm,,,,,,Sample,COND802324082724,,
08/24/2028,3:00:00 PM,EDT,08/28/2028,3:00:00 PM,EDT,Collier,IFAS Collier Pond,1,04/19/2028,,1,264.5,uS/cm,,,,,,Sample,COND802324082724,,
08/24/2028,3:00:00 PM,EDT,08/28/2028,3:00:00 PM,EDT,Collier,Islandwalk,1,04/16/2028,,1,428.7,uS/cm,,,,,,Sample,COND802324082724,,
08/30/2028,3:19:00 PM,EDT,08/31/2028,7:33:00 AM,EDT,Collier,PCL-16,1,04/25/2028,,1,440,uS/cm,,,,,,Sample,COND8292483024,,
08/24/2028,3:00:00 PM,EDT,08/28/2028,3:00:00 PM,EDT,Collier,PCL-2,1,04/25/2028,,1,340.8,uS/cm,,,,,,Sample,COND802324082724,,
08/24/2028,3:00:00 PM,EDT,08/28/2028,3:00:00 PM,EDT,Collier,PCL-5,1,01/25/2028,,1,449.8,uS/cm,,,Q,Q,,Sample,COND802324082724,,
08/24/2028,3:00:00 PM,EDT,08/28/2028,3:00:00 PM,EDT,Collier,PCL-5,1,04/25/2028,,1,416.4,uS/cm,,,,,,Sample,COND802324082724,,
08/30/2028,3:19:00 PM,EDT,08/31/2028,7:33:00 AM,EDT,Collier,Saddlebrook,1,04/24/2028,,1,324,uS/cm,,,,,,Sample,COND8292483024,,
08/30/2028,3:19:00 PM,EDT,08/31/2028,7:33:00 AM,EDT,Collier,SB-61,1,04/20/2028,,1,135,uS/cm,,,,,,Sample,COND8292483024,,
09/04/2028,10:35:00 AM,EDT,09/06/2028,8:01:00 AM,EDT,Collier,Seacrest 1,1,05/01/2028,,1,892,uS/cm,,,,,,Sample,COND932024952024,,
09/04/2028,10:35:00 AM,EDT,09/06/2028,8:01:00 AM,EDT,Collier,Seacrest 2,1,05/01/2028,,1,705,uS/cm,,,,,,Sample,COND932024952024,,
08/30/2028,3:19:00 PM,EDT,08/31/2028,7:33:00 AM,EDT,Columbia,Jeffery,1,04/28/2028,,1,77.1,uS/cm,,,,,,Sample,COND8292483024,,
09/04/2028,10:35:00 AM,EDT,09/06/2028,8:01:00 AM,EDT,Columbia,Rum Island Spring-1,1,04/19/2028,,1,324.7,uS/cm,,,,,,Sample,COND932024952024,,
10/30/2028,9:30:00 AM,EDT,10/30/2028,11:23:00 AM,EDT,Columbia,Rum Island Spring-1,1,07/25/2028,,1,297.7,uS/cm,,,Q,Q,,Sample,COND1029202410292024,,
08/30/2028,3:19:00 PM,EDT,08/31/2028,7:33:00 AM,EDT,Duval,Hidden,1,01/27/2028,,1,323.6,uS/cm,,,Q,Q,,Sample,COND8292483024,,
09/14/2028,3:06:00 PM,EDT,09/17/2028,10:17:00 AM,EDT,Duval,Hidden,1,07/23/2028,,1,340.9,uS/cm,,,,,,Sample,COND91320249162024,,
10/16/2028,10:19:00 AM,EDT,10/17/2028,8:20:00 AM,EDT,Flagler,Cheyenne Cove,1,07/22/2028,,1,38.94,mS/cm,,,,,,Sample,COND1015202410162024,,
10/16/2028,10:19:00 AM,EDT,10/17/2028,8:20:00 AM,EDT,Flagler,Disston,1,07/09/2028,,1,85.5,uS/cm,,,,,,Sample,COND1015202410162024,,
11/01/2028,3:08:00 PM,EDT,11/02/2028,8:14:00 AM,EDT,Franklin,Alligator Harbor-1,1,07/16/2028,,1,50.6,mS/cm,,,Q,Q,,Sample,COND1031202411012024,,
11/01/2028,3:08:00 PM,EDT,11/02/2028,8:14:00 AM,EDT,Franklin,Alligator Harbor-2,1,07/19/2028,,1,40.25,mS/cm,,,,,,Sample,COND1031202411012024,,
11/01/2028,3:08:00 PM,EDT,11/02/2028,8:14:00 AM,EDT,Franklin,Alligator Harbor-3,1,07/16/2028,,1,46.02,mS/cm,,,,,,Sample,COND1031202411012024,,
11/01/2028,3:08:00 PM,EDT,11/02/2028,8:14:00 AM,EDT,Franklin,Alligator Harbor-4,1,07/19/2028,,1,45.56,mS/cm,,,,,,Sample,COND1031202411012024,,
11/01/2028,3:08:00 PM,EDT,11/02/2028,8:14:00 AM,EDT,Franklin,Alligator Harbor-5,1,07/19/2028,,1,48.88,mS/cm,,,,,,Sample,COND1031202411012024,,
11/01/2028,3:08:00 PM,EDT,11/02/2028,8:14:00 AM,EDT,Franklin,Alligator Harbor-6,1,07/19/2028,,1,46.71,mS/cm,,,,,,Sample,COND1031202411012024,,
11/01/2028,3:08:00 PM,EDT,11/02/2028,8:14:00 AM,EDT,Franklin,Alligator Harbor-7,1,07/16/2028,,1,45.71,mS/cm,,,,,,Sample,COND1031202411012024,,
10/25/2028,12:02:00 PM,EDT,10/29/2028,11:29:00 AM,EDT,Gadsden,Talquin,1,07/02/2028,,1,62.3,uS/cm,,,Q,Q,,Sample,COND1024202410282024,,
09/04/2028,10:35:00 AM,EDT,09/06/2028,8:01:00 AM,EDT,Gilchrist,Gilchrist Blue Spring Run-1,1,04/19/2028,,1,278.2,uS/cm,,,,,,Sample,COND932024952024,,
10/30/2028,9:30:00 AM,EDT,10/30/2028,11:23:00 AM,EDT,Gilchrist,Gilchrist Blue Spring Run-1,1,07/25/2028,,1,274.8,uS/cm,,,Q,Q,,Sample,COND1029202410292024,,
09/04/2028,10:35:00 AM,EDT,09/06/2028,8:01:00 AM,EDT,Gilchrist,Ginnie Spring Run-1,1,04/19/2028,,1,281.7,uS/cm,,,,,,Sample,COND932024952024,,
10/30/2028,9:30:00 AM,EDT,10/30/2028,11:23:00 AM,EDT,Gilchrist,Ginnie Spring Run-1,1,07/25/2028,,1,251.5,uS/cm,,,,,,Sample,COND1029202410292024,,
10/16/2028,10:19:00 AM,EDT,10/17/2028,8:20:00 AM,EDT,Gulf,Cattledip,1,04/10/2028,,1,481.1,uS/cm,,,Q,Q,,Sample,COND1015202410162024,,
10/16/2028,10:19:00 AM,EDT,10/17/2028,8:20:00 AM,EDT,Gulf,Depot Creek-1,1,04/10/2028,,1,57.6,uS/cm,,,Q,Q,,Sample,COND1015202410162024,,
10/16/2028,10:19:00 AM,EDT,10/17/2028,8:20:00 AM,EDT,Gulf,Dove Field-1,1,04/10/2028,,1,50.8,uS/cm,,,Q,Q,,Sample,COND1015202410162024,,
10/16/2028,10:19:00 AM,EDT,10/17/2028,8:20:00 AM,EDT,Gulf,Money Bayou-1,1,04/10/2028,,1,1751,uS/cm,,,Q,Q,,Sample,COND1015202410162024,,
10/16/2028,10:19:00 AM,EDT,10/17/2028,8:20:00 AM,EDT,Gulf,Pond Road,1,04/10/2028,,1,145.4,uS/cm,,,Q,Q,,Sample,COND1015202410162024,,
10/16/2028,10:19:00 AM,EDT,10/17/2028,8:20:00 AM,EDT,Gulf,Simmons Bayou-1,1,04/10/2028,,1,38.33,mS/cm,,,Q,Q,,Sample,COND1015202410162024,,
10/16/2028,10:19:00 AM,EDT,10/17/2028,8:20:00 AM,EDT,Gulf,South Gate,1,04/10/2028,,1,1707,uS/cm,,,Q,Q,,Sample,COND1015202410162024,,
11/01/2028,3:08:00 PM,EDT,11/02/2028,8:14:00 AM,EDT,Gulf,St. Joseph Bay-1,1,07/27/2028,,1,50.1,mS/cm,,,,,,Sample,COND1031202411012024,,
11/01/2028,3:08:00 PM,EDT,11/02/2028,8:14:00 AM,EDT,Gulf,St. Joseph Bay-2,1,07/27/2028,,1,46.36,mS/cm,,,,,,Sample,COND1031202411012024,,
11/01/2028,3:08:00 PM,EDT,11/02/2028,8:14:00 AM,EDT,Gulf,St. Joseph Bay-3,1,07/27/2028,,1,49.58,mS/cm,,,,,,Sample,COND1031202411012024,,
11/01/2028,3:08:00 PM,EDT,11/02/2028,8:14:00 AM,EDT,Gulf,St. Joseph Bay-4,1,07/27/2028,,1,45.19,mS/cm,,,,,,Sample,COND1031202411012024,,
11/01/2028,3:08:00 PM,EDT,11/02/2028,8:14:00 AM,EDT,Gulf,St. Joseph Bay-5,1,07/27/2028,,1,55.6,mS/cm,,,,,,Sample,COND1031202411012024,,
11/01/2028,3:08:00 PM,EDT,11/02/2028,8:14:00 AM,EDT,Gulf,St. Joseph Bay-6,1,07/27/2028,,1,46.08,mS/cm,,,,,,Sample,COND1031202411012024,,
11/01/2028,3:08:00 PM,EDT,11/02/2028,8:14:00 AM,EDT,Gulf,St. Joseph Bay-7,1,07/27/2028,,1,53.1,mS/cm,,,,,,Sample,COND1031202411012024,,
11/01/2028,3:08:00 PM,EDT,11/02/2028,8:14:00 AM,EDT,Gulf,St. Joseph Bay-8,1,07/27/2028,,1,24.68,mS/cm,,,,,,Sample,COND1031202411012024,,
11/01/2028,3:08:00 PM,EDT,11/02/2028,8:14:00 AM,EDT,Gulf,St. Joseph Bay-9,1,07/27/2028,,1,44.47,mS/cm,,,,,,Sample,COND1031202411012024,,
10/30/2028,9:30:00 AM,EDT,10/30/2028,11:23:00 AM,EDT,Hernando,Arepika Channel,1,07/31/2028,,1,47.7,mS/cm,,,,,,Sample,COND1029202410292024,,
10/30/2028,9:30:00 AM,EDT,10/30/2028,11:23:00 AM,EDT,Hernando,Chassahowitzka Channel,1,07/31/2028,,1,45.45,mS/cm,,,,,,Sample,COND1029202410292024,,
10/30/2028,9:30:00 AM,EDT,10/30/2028,11:23:00 AM,EDT,Hernando,Cutter Rock,1,07/31/2028,,1,52.4,mS/cm,,,,,,Sample,COND1029202410292024,,
10/30/2028,9:30:00 AM,EDT,10/30/2028,11:23:00 AM,EDT,Hernando,Hernando Beach Waters,1,07/31/2028,,1,36.61,mS/cm,,,,,,Sample,COND1029202410292024,,
08/24/2028,3:00:00 PM,EDT,08/28/2028,3:00:00 PM,EDT,Hernando,Hernando Beach-1,1,05/01/2028,,1,9.29,mS/cm,,,,,,Sample,COND802324082724,,
08/24/2028,3:00:00 PM,EDT,08/28/2028,3:00:00 PM,EDT,Hernando,Hernando Beach-2,1,05/01/2028,,1,36.6,mS/cm,,,,,,Sample,COND802324082724,,
08/24/2028,3:00:00 PM,EDT,08/28/2028,3:00:00 PM,EDT,Hernando,Hernando Beach-3,1,05/01/2028,,1,26.7,mS/cm,,,,,,Sample,COND802324082724,,
08/24/2028,3:00:00 PM,EDT,08/28/2028,3:00:00 PM,EDT,Hernando,Hernando Beach-4,1,05/01/2028,,1,25.36,mS/cm,,,,,,Sample,COND802324082724,,
08/24/2028,3:00:00 PM,EDT,08/28/2028,3:00:00 PM,EDT,Hernando,Hernando Beach-6,1,05/01/2028,,1,9.31,mS/cm,,,,,,Sample,COND802324082724,,
10/16/2028,10:19:00 AM,EDT,10/17/2028,8:20:00 AM,EDT,Hernando,Hunter,1,04/20/2028,,1,147.2,uS/cm,,,Q,Q,,Sample,COND1015202410162024,,
08/24/2028,3:00:00 PM,EDT,08/28/2028,3:00:00 PM,EDT,Hernando,Mountain,1,04/22/2028,,1,128.9,uS/cm,,,,,,Sample,COND802324082724,,
10/16/2028,10:19:00 AM,EDT,10/17/2028,8:20:00 AM,EDT,Hernando,Mountain,1,04/29/2028,,1,133.8,uS/cm,,,Q,Q,,Sample,COND1015202410162024,,
10/30/2028,9:30:00 AM,EDT,10/30/2028,11:23:00 AM,EDT,Hernando,North Rack,1,07/31/2028,,1,49.7,mS/cm,,,,,,Sample,COND1029202410292024,,
10/30/2028,9:30:00 AM,EDT,10/30/2028,11:23:00 AM,EDT,Hernando,Pine Island,1,07/31/2028,,1,49,mS/cm,,,,,,Sample,COND1029202410292024,,
09/14/2028,12:00:00 AM,EDT,09/26/2028,9:57:00 AM,EDT,Hernando,Weeki Wachee-1,1,04/07/2028,,,240.2,uS/cm,,,Q,Q,,Sample,COND08252024,,
11/01/2028,3:08:00 PM,EDT,11/02/2028,8:14:00 AM,EDT,Hernando,Weeki Wachee-1,1,07/15/2028,,1,175.3,uS/cm,,,,,,Sample,COND1031202411012024,,
09/14/2028,12:00:00 AM,EDT,09/26/2028,9:57:00 AM,EDT,Hernando,Weeki Wachee-2,1,04/07/2028,,,245.4,uS/cm,,,Q,Q,,Sample,COND08252024,,
11/01/2028,3:08:00 PM,EDT,11/02/2028,8:14:00 AM,EDT,Hernando,Weeki Wachee-2,1,07/15/2028,,1,220.1,uS/cm,,,,,,Sample,COND1031202411012024,,
09/14/2028,12:00:00 AM,EDT,09/26/2028,9:57:00 AM,EDT,Hernando,Weeki Wachee-3,1,04/07/2028,,,1692,uS/cm,,,Q,Q,,Sample,COND08252024,,
11/01/2028,3:08:00 PM,EDT,11/02/2028,8:14:00 AM,EDT,Hernando,Weeki Wachee-3,1,07/15/2028,,1,689,uS/cm,,,,,,Sample,COND1031202411012024,,
09/14/2028,12:00:00 AM,EDT,09/26/2028,9:57:00 AM,EDT,Highlands,Annie,1,07/19/2028,,,41.92,uS/cm,,,,,,Sample,COND08252024,,
09/14/2028,12:00:00 AM,EDT,09/26/2028,9:57:00 AM,EDT,Highlands,Apthorpe,1,07/26/2028,,,201.3,uS/cm,,,,,,Sample,COND08252024,,
09/14/2028,12:00:00 AM,EDT,09/26/2028,9:57:00 AM,EDT,Highlands,Catfish Creek-1,1,07/24/2028,,,140.3,uS/cm,,,,,,Sample,COND08252024,,
09/14/2028,12:00:00 AM,EDT,09/26/2028,9:57:00 AM,EDT,Highlands,Catfish Creek-2,1,07/24/2028,,,129.3,uS/cm,,,,,,Sample,COND08252024,,
09/14/2028,12:00:00 AM,EDT,09/26/2028,9:57:00 AM,EDT,Highlands,Clay,1,07/26/2028,,,187.1,uS/cm,,,,,,Sample,COND08252024,,
09/14/2028,12:00:00 AM,EDT,09/26/2028,9:57:00 AM,EDT,Highlands,Damon,1,07/11/2028,,,213.9,uS/cm,,,,,,Sample,COND08252024,,
10/25/2028,12:02:00 PM,EDT,10/29/2028,11:29:00 AM,EDT,Highlands,Dinner,1,07/27/2028,,1,154,uS/cm,,,Q,Q,,Sample,COND1024202410282024,,
09/04/2028,10:35:00 AM,EDT,09/06/2028,8:01:00 AM,EDT,Highlands,Grassy,1,04/21/2028,,1,201.6,uS/cm,,,,,,Sample,COND932024952024,,
09/14/2028,12:00:00 AM,EDT,09/26/2028,9:57:00 AM,EDT,Highlands,Huntley,1,07/29/2028,,,175.8,uS/cm,,,,,,Sample,COND08252024,,
09/04/2028,10:35:00 AM,EDT,09/06/2028,8:01:00 AM,EDT,Highlands,Jackson,1,01/28/2028,,1,149.5,uS/cm,,,Q,Q,,Sample,COND932024952024,,
09/04/2028,10:35:00 AM,EDT,09/06/2028,8:01:00 AM,EDT,Highlands,Jackson,1,04/18/2028,,1,146.2,uS/cm,,,,,,Sample,COND932024952024,,
09/14/2028,12:00:00 AM,EDT,09/26/2028,9:57:00 AM,EDT,Highlands,June,1,07/24/2028,,,180.9,uS/cm,,,,,,Sample,COND08252024,,
09/14/2028,3:06:00 PM,EDT,09/17/2028,10:17:00 AM,EDT,Highlands,June North,1,07/24/2028,,1,181.1,uS/cm,,,,,,Sample,COND91320249162024,,
10/25/2028,12:02:00 PM,EDT,10/29/2028,11:29:00 AM,EDT,Highlands,Little Jackson,1,07/04/2028,,1,149.5,uS/cm,,,,,,Sample,COND1024202410282024,,
09/14/2028,3:06:00 PM,EDT,09/17/2028,10:17:00 AM,EDT,Highlands,Lotela,1,07/24/2028,,1,156.2,uS/cm,,,,,,Sample,COND91320249162024,,
10/25/2028,12:02:00 PM,EDT,10/29/2028,11:29:00 AM,EDT,Highlands,Olivia,1,07/19/2028,,1,142.2,uS/cm,,,,,,Sample,COND1024202410282024,,
09/14/2028,3:06:00 PM,EDT,09/17/2028,10:17:00 AM,EDT,Highlands,Persimmon,1,07/26/2028,,1,291,uS/cm,,,,,,Sample,COND91320249162024,,
10/25/2028,12:02:00 PM,EDT,10/29/2028,11:29:00 AM,EDT,Highlands,Pythias,1,07/09/2028,,1,175,uS/cm,,,,,,Sample,COND1024202410282024,,
10/25/2028,12:02:00 PM,EDT,10/29/2028,11:29:00 AM,EDT,Highlands,Red Beach,1,07/27/2028,,1,68.3,uS/cm,,,,,,Sample,COND1024202410282024,,
10/25/2028,12:02:00 PM,EDT,10/29/2028,11:29:00 AM,EDT,Highlands,Sebring,1,07/30/2028,,1,133.1,uS/cm,,,,,,Sample,COND1024202410282024,,
09/04/2028,10:35:00 AM,EDT,09/06/2028,8:01:00 AM,EDT,Hillsborough,Armistead,1,04/17/2028,,1,228.5,uS/cm,,,,,,Sample,COND932024952024,,
09/04/2028,10:35:00 AM,EDT,09/06/2028,8:01:00 AM,EDT,Hillsborough,Brant,1,04/30/2028,,1,245.7,uS/cm,,,,,,Sample,COND932024952024,,
09/13/2028,3:45:00 PM,EDT,09/14/2028,8:22:00 AM,EDT,Hillsborough,Brant,1,07/25/2028,,1,248.7,uS/cm,,,Q,Q,,Sample,COND91320249132024,,
09/13/2028,3:45:00 PM,EDT,09/14/2028,8:22:00 AM,EDT,Hillsborough,Brant,2,07/25/2028,,1,247.1,uS/cm,,,Q,Q,,Sample,COND91320249132024,,
09/13/2028,3:45:00 PM,EDT,09/14/2028,8:22:00 AM,EDT,Hillsborough,Brant,3,07/25/2028,,1,249.2,uS/cm,,,,,,Sample,COND91320249132024,,
09/13/2028,3:45:00 PM,EDT,09/14/2028,8:22:00 AM,EDT,Hillsborough,Brant - special,1,07/25/2028,,1,251.3,uS/cm,,,,,,Sample,COND91320249132024,,
09/13/2028,3:45:00 PM,EDT,09/14/2028,8:22:00 AM,EDT,Hillsborough,Brant - special,2,07/25/2028,,1,250.8,uS/cm,,,,,,Sample,COND91320249132024,,
09/13/2028,3:45:00 PM,EDT,09/14/2028,8:22:00 AM,EDT,Hillsborough,Brant - special,3,07/25/2028,,1,249.5,uS/cm,,,,,,Sample,COND91320249132024,,
09/04/2028,10:35:00 AM,EDT,09/06/2028,8:01:00 AM,EDT,Hillsborough,Breakenridge,1,04/21/2028,,1,185.2,uS/cm,,,,,,Sample,COND932024952024,,
10/30/2028,9:30:00 AM,EDT,10/30/2028,11:23:00 AM,EDT,Hillsborough,Breakenridge,1,07/18/2028,,1,189.5,uS/cm,,,,,,Sample,COND1029202410292024,,
09/04/2028,10:35:00 AM,EDT,09/06/2028,8:01:00 AM,EDT,Hillsborough,Carroll,1,04/15/2028,,1,219.9,uS/cm,,,,,,Sample,COND932024952024,,
09/04/2028,10:35:00 AM,EDT,09/06/2028,8:01:00 AM,EDT,Hillsborough,Church,1,04/27/2028,,1,191,uS/cm,,,,,,Sample,COND932024952024,,
10/30/2028,9:30:00 AM,EDT,10/30/2028,11:23:00 AM,EDT,Hillsborough,Church,1,07/24/2028,,1,210.5,uS/cm,,,,,,Sample,COND1029202410292024,,
09/13/2028,3:45:00 PM,EDT,09/14/2028,8:22:00 AM,EDT,Hillsborough,Church,1,08/21/2028,,1,197,uS/cm,,,,,,Sample,COND91320249132024,,
09/13/2028,3:45:00 PM,EDT,09/14/2028,8:22:00 AM,EDT,Hillsborough,Church,2,08/21/2028,,1,208.1,uS/cm,,,,,,Sample,COND91320249132024,,
09/13/2028,3:45:00 PM,EDT,09/14/2028,8:22:00 AM,EDT,Hillsborough,Church,3,08/21/2028,,1,211.8,uS/cm,,,,,,Sample,COND91320249132024,,
09/13/2028,3:45:00 PM,EDT,09/14/2028,8:22:00 AM,EDT,Hillsborough,Church - special,1,08/21/2028,,1,197.8,uS/cm,,,,,,Sample,COND91320249132024,,
09/13/2028,3:45:00 PM,EDT,09/14/2028,8:22:00 AM,EDT,Hillsborough,Church - special,2,08/21/2028,,1,194.9,uS/cm,,,,,,Sample,COND91320249132024,,
09/13/2028,3:45:00 PM,EDT,09/14/2028,8:22:00 AM,EDT,Hillsborough,Church - special,3,08/21/2028,,1,195.6,uS/cm,,,,,,Sample,COND91320249132024,,
09/04/2028,10:35:00 AM,EDT,09/06/2028,8:01:00 AM,EDT,Hillsborough,Cooper,1,04/15/2028,,1,252.5,uS/cm,,,,,,Sample,COND932024952024,,
10/30/2028,9:30:00 AM,EDT,10/30/2028,11:23:00 AM,EDT,Hillsborough,Cooper,1,07/28/2028,,1,251.8,uS/cm,,,,,,Sample,COND1029202410292024,,
09/04/2028,10:35:00 AM,EDT,09/06/2028,8:01:00 AM,EDT,Hillsborough,Crystal,1,04/22/2028,,1,240.2,uS/cm,,,,,,Sample,COND932024952024,,
11/01/2028,3:08:00 PM,EDT,11/02/2028,8:14:00 AM,EDT,Hillsborough,Crystal,1,07/29/2028,,1,235.5,uS/cm,,,,,,Sample,COND1031202411012024,,
10/30/2028,9:30:00 AM,EDT,10/30/2028,11:23:00 AM,EDT,Hillsborough,Cypress Creek-122-1,1,07/31/2028,,1,410,uS/cm,,,,,,Sample,COND1029202410292024,,
10/30/2028,9:30:00 AM,EDT,10/30/2028,11:23:00 AM,EDT,Hillsborough,Cypress Creek-122-2,1,07/31/2028,,1,452.7,uS/cm,,,,,,Sample,COND1029202410292024,,
10/30/2028,9:30:00 AM,EDT,10/30/2028,11:23:00 AM,EDT,Hillsborough,Dan,1,07/31/2028,,1,131.1,uS/cm,,,,,,Sample,COND1029202410292024,,
09/04/2028,10:35:00 AM,EDT,09/06/2028,8:01:00 AM,EDT,Hillsborough,Dead Lady,1,04/18/2028,,1,232.4,uS/cm,,,,,,Sample,COND932024952024,,
09/04/2028,10:35:00 AM,EDT,09/06/2028,8:01:00 AM,EDT,Hillsborough,Dosson,1,04/02/2028,,1,169,uS/cm,,,Q,Q,,Sample,COND932024952024,,
11/01/2028,3:08:00 PM,EDT,11/02/2028,8:14:00 AM,EDT,Hillsborough,Dosson,1,07/02/2028,,1,167.7,uS/cm,,,,,,Sample,COND1031202411012024,,
10/30/2028,9:30:00 AM,EDT,10/30/2028,11:23:00 AM,EDT,Hillsborough,Dosson,1,07/30/2028,,1,177.1,uS/cm,,,,,,Sample,COND1029202410292024,,
10/30/2028,9:30:00 AM,EDT,10/30/2028,11:23:00 AM,EDT,Hillsborough,East,1,07/25/2028,,1,134.7,uS/cm,,,,,,Sample,COND1029202410292024,,
10/30/2028,9:30:00 AM,EDT,10/30/2028,11:23:00 AM,EDT,Hillsborough,Elizabeth,1,07/13/2028,,1,179.4,uS/cm,,,,,,Sample,COND1029202410292024,,
09/04/2028,10:35:00 AM,EDT,09/06/2028,8:01:00 AM,EDT,Hillsborough,Estes,1,04/11/2028,,1,280.5,uS/cm,,,,,,Sample,COND932024952024,,
10/30/2028,9:30:00 AM,EDT,10/30/2028,11:23:00 AM,EDT,Hillsborough,Flynn,1,07/31/2028,,1,70.1,uS/cm,,,,,,Sample,COND1029202410292024,,
10/30/2028,9:30:00 AM,EDT,10/30/2028,11:23:00 AM,EDT,Hillsborough,Francis,1,07/31/2028,,1,55.9,uS/cm,,,,,,Sample,COND1029202410292024,,
09/04/2028,10:35:00 AM,EDT,09/06/2028,8:01:00 AM,EDT,Hillsborough,Hiawatha,1,04/02/2028,,1,164.5,uS/cm,,,Q,Q,,Sample,COND932024952024,,
09/04/2028,10:35:00 AM,EDT,09/06/2028,8:01:00 AM,EDT,Hillsborough,Hobbs,1,04/29/2028,,1,169,uS/cm,,,,,,Sample,COND932024952024,,
11/01/2028,3:08:00 PM,EDT,11/02/2028,8:14:00 AM,EDT,Hillsborough,Hobbs,1,07/29/2028,,1,174.3,uS/cm,,,,,,Sample,COND1031202411012024,,
09/04/2028,10:35:00 AM,EDT,09/06/2028,8:01:00 AM,EDT,Hillsborough,Hog Island,1,04/16/2028,,1,217.6,uS/cm,,,,,,Sample,COND932024952024,,
10/30/2028,9:30:00 AM,EDT,10/30/2028,11:23:00 AM,EDT,Hillsborough,Hog Island,1,07/14/2028,,1,226.2,uS/cm,,,,,,Sample,COND1029202410292024,,
09/04/2028,10:35:00 AM,EDT,09/06/2028,8:01:00 AM,EDT,Hillsborough,Island Ford,1,04/02/2028,,1,100.4,uS/cm,,,Q,Q,,Sample,COND932024952024,,
10/18/2028,2:10:00 PM,EDT,10/23/2028,2:10:00 PM,EDT,Hillsborough,Island Ford,1,07/02/2028,,1,88,uS/cm,,,,,,Sample,COND10172024COND10222024,,
10/30/2028,9:30:00 AM,EDT,10/30/2028,11:23:00 AM,EDT,Hillsborough,James,1,07/24/2028,,1,181.8,uS/cm,,,,,,Sample,COND1029202410292024,,
09/13/2028,3:45:00 PM,EDT,09/14/2028,8:22:00 AM,EDT,Hillsborough,James,1,08/21/2028,,1,172.3,uS/cm,,,,,,Sample,COND91320249132024,,
09/13/2028,3:45:00 PM,EDT,09/14/2028,8:22:00 AM,EDT,Hillsborough,James,2,08/21/2028,,1,198.8,uS/cm,,,,,,Sample,COND91320249132024,,
09/13/2028,3:45:00 PM,EDT,09/14/2028,8:22:00 AM,EDT,Hillsborough,James,3,08/21/2028,,1,172.2,uS/cm,,,,,,Sample,COND91320249132024,,
09/13/2028,3:45:00 PM,EDT,09/14/2028,8:22:00 AM,EDT,Hillsborough,James - special,1,08/21/2028,,1,171.5,uS/cm,,,,,,Sample,COND91320249132024,,
09/13/2028,3:45:00 PM,EDT,09/14/2028,8:22:00 AM,EDT,Hillsborough,James - special,2,08/21/2028,,1,171.5,uS/cm,,,,,,Sample,COND91320249132024,,
09/13/2028,3:45:00 PM,EDT,09/14/2028,8:22:00 AM,EDT,Hillsborough,James - special,3,08/21/2028,,1,171.5,uS/cm,,,,,,Sample,COND91320249132024,,
09/04/2028,10:35:00 AM,EDT,09/06/2028,8:01:00 AM,EDT,Hillsborough,June,1,04/03/2028,,1,201,uS/cm,,,Q,Q,,Sample,COND932024952024,,
10/30/2028,9:30:00 AM,EDT,10/30/2028,11:23:00 AM,EDT,Hillsborough,Keystone,1,07/06/2028,,1,176.4,uS/cm,,,,,,Sample,COND1029202410292024,,
11/01/2028,3:08:00 PM,EDT,11/02/2028,8:14:00 AM,EDT,Hillsborough,Lutz,1,08/01/2028,,1,239.9,uS/cm,,,,,,Sample,COND1031202411012024,,
09/04/2028,10:35:00 AM,EDT,09/06/2028,8:01:00 AM,EDT,Hillsborough,Lykes Lane Pond,1,04/04/2028,,1,30.53,mS/cm,,,Q,Q,,Sample,COND932024952024,,
09/04/2028,10:35:00 AM,EDT,09/06/2028,8:01:00 AM,EDT,Hillsborough,Magdalene,1,04/26/2028,,1,300.1,uS/cm,,,,,,Sample,COND932024952024,,
11/01/2028,3:08:00 PM,EDT,11/02/2028,8:14:00 AM,EDT,Hillsborough,Magdalene,1,07/28/2028,,1,285.4,uS/cm,,,,,,Sample,COND1031202411012024,,
10/30/2028,9:30:00 AM,EDT,10/30/2028,11:23:00 AM,EDT,Hillsborough,Maurine,1,07/26/2028,,1,307.6,uS/cm,,,,,,Sample,COND1029202410292024,,
11/01/2028,3:08:00 PM,EDT,11/02/2028,8:14:00 AM,EDT,Hillsborough,Mid,1,07/15/2028,,1,229.1,uS/cm,,,,,,Sample,COND1031202411012024,,
09/04/2028,10:35:00 AM,EDT,09/06/2028,8:01:00 AM,EDT,Hillsborough,Newlands,1,04/26/2028,,1,259.6,uS/cm,,,,,,Sample,COND932024952024,,
10/30/2028,9:30:00 AM,EDT,10/30/2028,11:23:00 AM,EDT,Hillsborough,Newlands,1,07/31/2028,,1,193.4,uS/cm,,,,,,Sample,COND1029202410292024,,
09/04/2028,10:35:00 AM,EDT,09/06/2028,8:01:00 AM,EDT,Hillsborough,North Pond,1,04/08/2028,,1,230.8,uS/cm,,,Q,Q,,Sample,COND932024952024,,
11/01/2028,3:08:00 PM,EDT,11/02/2028,8:14:00 AM,EDT,Hillsborough,North Pond,1,07/20/2028,,1,180.5,uS/cm,,,,,,Sample,COND1031202411012024,,
09/04/2028,10:35:00 AM,EDT,09/06/2028,8:01:00 AM,EDT,Hillsborough,Osceola,1,04/07/2028,,1,279.2,uS/cm,,,Q,Q,,Sample,COND932024952024,,
09/14/2028,3:06:00 PM,EDT,09/17/2028,10:17:00 AM,EDT,Hillsborough,Osceola,1,07/29/2028,,1,284.5,uS/cm,,,,,,Sample,COND91320249162024,,
09/13/2028,3:45:00 PM,EDT,09/14/2028,8:22:00 AM,EDT,Hillsborough,Osceola,1,08/16/2028,,1,269.4,uS/cm,,,,,,Sample,COND91320249132024,,
09/13/2028,3:45:00 PM,EDT,09/14/2028,8:22:00 AM,EDT,Hillsborough,Osceola,2,08/16/2028,,1,267.8,uS/cm,,,,,,Sample,COND91320249132024,,
09/13/2028,3:45:00 PM,EDT,09/14/2028,8:22:00 AM,EDT,Hillsborough,Osceola,3,08/16/2028,,1,276.5,uS/cm,,,,,,Sample,COND91320249132024,,
09/13/2028,3:45:00 PM,EDT,09/14/2028,8:22:00 AM,EDT,Hillsborough,Osceola - special,1,08/16/2028,,1,268.6,uS/cm,,,,,,Sample,COND91320249132024,,
09/13/2028,3:45:00 PM,EDT,09/14/2028,8:22:00 AM,EDT,Hillsborough,Osceola - special,2,08/16/2028,,1,271,uS/cm,,,,,,Sample,COND91320249132024,,
09/13/2028,3:45:00 PM,EDT,09/14/2028,8:22:00 AM,EDT,Hillsborough,Osceola - special,3,08/16/2028,,1,268.7,uS/cm,,,,,,Sample,COND91320249132024,,
09/04/2028,10:35:00 AM,EDT,09/06/2028,8:01:00 AM,EDT,Hillsborough,Pine,1,04/21/2028,,1,203.2,uS/cm,,,,,,Sample,COND932024952024,,
11/01/2028,3:08:00 PM,EDT,11/02/2028,8:14:00 AM,EDT,Hillsborough,Pine,1,07/15/2028,,1,176.6,uS/cm,,,,,,Sample,COND1031202411012024,,
09/04/2028,10:35:00 AM,EDT,09/06/2028,8:01:00 AM,EDT,Hillsborough,Platt,1,04/21/2028,,1,227.4,uS/cm,,,,,,Sample,COND932024952024,,
11/01/2028,3:08:00 PM,EDT,11/02/2028,8:14:00 AM,EDT,Hillsborough,Round,1,07/15/2028,,1,201.6,uS/cm,,,,,,Sample,COND1031202411012024,,
09/04/2028,10:35:00 AM,EDT,09/06/2028,8:01:00 AM,EDT,Hillsborough,Silver,1,04/22/2028,,1,233.2,uS/cm,,,,,,Sample,COND932024952024,,
11/01/2028,3:08:00 PM,EDT,11/02/2028,8:14:00 AM,EDT,Hillsborough,Silver,1,07/24/2028,,1,209.3,uS/cm,,,,,,Sample,COND1031202411012024,,
09/04/2028,10:35:00 AM,EDT,09/06/2028,8:01:00 AM,EDT,Hillsborough,Strawberry,1,04/29/2028,,1,250.9,uS/cm,,,,,,Sample,COND932024952024,,
09/13/2028,3:45:00 PM,EDT,09/14/2028,8:22:00 AM,EDT,Hillsborough,Strawberry,1,07/25/2028,,1,226.5,uS/cm,,,,,,Sample,COND91320249132024,,
09/13/2028,3:45:00 PM,EDT,09/14/2028,8:22:00 AM,EDT,Hillsborough,Strawberry,2,07/25/2028,,1,230.1,uS/cm,,,,,,Sample,COND91320249132024,,
09/13/2028,3:45:00 PM,EDT,09/14/2028,8:22:00 AM,EDT,Hillsborough,Strawberry,3,07/25/2028,,1,223.4,uS/cm,,,,,,Sample,COND91320249132024,,
09/13/2028,3:45:00 PM,EDT,09/14/2028,8:22:00 AM,EDT,Hillsborough,Strawberry - special,1,07/25/2028,,1,224.8,uS/cm,,,,,,Sample,COND91320249132024,,
09/13/2028,3:45:00 PM,EDT,09/14/2028,8:22:00 AM,EDT,Hillsborough,Strawberry - special,2,07/25/2028,,1,229.7,uS/cm,,,,,,Sample,COND91320249132024,,
09/13/2028,3:45:00 PM,EDT,09/14/2028,8:22:00 AM,EDT,Hillsborough,Strawberry - special,3,07/25/2028,,1,223.7,uS/cm,,,,,,Sample,COND91320249132024,,
11/01/2028,3:08:00 PM,EDT,11/02/2028,8:14:00 AM,EDT,Hillsborough,Taylor,1,07/31/2028,,1,200.3,mS/cm,,,Q,Q,,Sample,COND1031202411012024,,
09/04/2028,10:35:00 AM,EDT,09/06/2028,8:01:00 AM,EDT,Hillsborough,Twin,1,04/26/2028,,1,254.4,uS/cm,,,,,,Sample,COND932024952024,,
09/04/2028,10:35:00 AM,EDT,09/06/2028,8:01:00 AM,EDT,Hillsborough,White Trout,1,04/17/2028,,1,262,uS/cm,,,,,,Sample,COND932024952024,,
01/02/2008,12:00:00 AM,0,09/25/2028,8:30:00 AM,EDT,Holmes,CBA Pea River-1,1,07/13/2028,,,101.3,uS/cm,,,,,,Sample,COND0924202409242024,,
01/02/2008,12:00:00 AM,0,09/25/2028,8:30:00 AM,EDT,Holmes,CBA River-7,1,07/13/2028,,,99.2,uS/cm,,,,,,Sample,COND0924202409242024,,
01/02/2008,12:00:00 AM,0,09/25/2028,8:30:00 AM,EDT,Holmes,CBA River-8,1,07/13/2028,,,93.5,uS/cm,,,,,,Sample,COND0924202409242024,,
01/02/2008,12:00:00 AM,0,09/25/2028,8:30:00 AM,EDT,Holmes,CBA River-9,1,07/13/2028,,,88.3,uS/cm,,,,,,Sample,COND0924202409242024,,
10/18/2028,2:10:00 PM,EDT,10/23/2028,2:10:00 PM,EDT,Indian River,Blue Cypress,1,07/31/2028,,1,175.7,uS/cm,,,,,,Sample,COND10172024COND10222024,,
10/30/2028,9:30:00 AM,EDT,10/30/2028,11:23:00 AM,EDT,Lake,Bay,1,07/15/2028,,1,96.6,uS/cm,,,,,,Sample,COND1029202410292024,,
10/16/2028,10:19:00 AM,EDT,10/17/2028,8:20:00 AM,EDT,Lake,Bear,1,07/03/2028,,1,102.7,uS/cm,,,,,,Sample,COND1015202410162024,,
10/30/2028,9:30:00 AM,EDT,10/30/2028,11:23:00 AM,EDT,Lake,Bugg Springs,1,07/15/2028,,1,212.1,uS/cm,,,,,,Sample,COND1029202410292024,,
10/25/2028,12:02:00 PM,EDT,10/29/2028,11:29:00 AM,EDT,Lake,Crescent,1,05/01/2028,,1,108.8,uS/cm,,,Q,Q,,Sample,COND1024202410282024,,
10/16/2028,10:19:00 AM,EDT,10/17/2028,8:20:00 AM,EDT,Lake,Crescent,1,08/01/2028,,1,108.7,uS/cm,,,,,,Sample,COND1015202410162024,,
08/30/2028,3:19:00 PM,EDT,08/31/2028,7:33:00 AM,EDT,Lake,Crown,1,04/11/2028,,1,105.3,uS/cm,,,,,,Sample,COND8292483024,,
11/13/2028,2:36:00 PM,EST,11/15/2028,7:37:00 AM,EST,Lake,Crown,1,07/23/2028,,1,113.4,uS/cm,,,,,,Sample,COND1112202411142024,,
10/30/2028,9:30:00 AM,EDT,10/30/2028,11:23:00 AM,EDT,Lake,Dora West,3,07/25/2028,,1,344.2,uS/cm,,,,,,Sample,COND1029202410292024,,
08/30/2028,3:19:00 PM,EDT,08/31/2028,7:33:00 AM,EDT,Lake,Dorr,1,07/15/2028,,1,368,uS/cm,,,,,,Sample,COND8292483024,,
10/30/2028,9:30:00 AM,EDT,10/30/2028,11:23:00 AM,EDT,Lake,Dorr,1,07/24/2028,,1,54.6,uS/cm,,,,,,Sample,COND1029202410292024,,
11/13/2028,2:36:00 PM,EST,11/15/2028,7:37:00 AM,EST,Lake,Emma,1,07/29/2028,,1,101.9,uS/cm,,,,,,Sample,COND1112202411142024,,
10/16/2028,10:19:00 AM,EDT,10/17/2028,8:20:00 AM,EDT,Lake,Florence,1,07/10/2028,,1,272.5,uS/cm,,,,,,Sample,COND1015202410162024,,
10/25/2028,12:02:00 PM,EDT,10/29/2028,11:29:00 AM,EDT,Lake,Griffin West,1,07/22/2028,,1,172.3,uS/cm,,,,,,Sample,COND1024202410282024,,
10/30/2028,9:30:00 AM,EDT,10/30/2028,11:23:00 AM,EDT,Lake,Harris West,1,07/29/2028,,1,239.9,uS/cm,,,,,,Sample,COND1029202410292024,,
10/30/2028,9:30:00 AM,EDT,10/30/2028,11:23:00 AM,EDT,Lake,Hiawatha,1,07/10/2028,,1,69.5,uS/cm,,,,,,Sample,COND1029202410292024,,
08/30/2028,3:19:00 PM,EDT,08/31/2028,7:33:00 AM,EDT,Lake,Jewel,1,04/11/2028,,1,103.3,uS/cm,,,,,,Sample,COND8292483024,,
10/30/2028,9:30:00 AM,EDT,10/30/2028,11:23:00 AM,EDT,Lake,Jewel,1,07/23/2028,,1,95.6,uS/cm,,,,,,Sample,COND1029202410292024,,
10/16/2028,10:19:00 AM,EDT,10/17/2028,8:20:00 AM,EDT,Lake,Joanna,1,07/13/2028,,1,226.4,uS/cm,,,,,,Sample,COND1015202410162024,,
10/16/2028,10:19:00 AM,EDT,10/17/2028,8:20:00 AM,EDT,Lake,Lorraine,1,07/30/2028,,1,145.9,uS/cm,,,,,,Sample,COND1015202410162024,,
10/16/2028,10:19:00 AM,EDT,10/17/2028,8:20:00 AM,EDT,Lake,Louisa,1,07/03/2028,,1,97.8,uS/cm,,,,,,Sample,COND1015202410162024,,
11/13/2028,2:36:00 PM,EST,11/15/2028,7:37:00 AM,EST,Lake,Palatlakaha,1,07/10/2028,,1,104.4,uS/cm,,,,,,Sample,COND1112202411142024,,
08/30/2028,3:19:00 PM,EDT,08/31/2028,7:33:00 AM,EDT,Lake,Royal,1,04/11/2028,,1,100.6,uS/cm,,,,,,Sample,COND8292483024,,
10/30/2028,9:30:00 AM,EDT,10/30/2028,11:23:00 AM,EDT,Lake,Royal,1,07/23/2028,,1,82.9,uS/cm,,,,,,Sample,COND1029202410292024,,
10/16/2028,10:19:00 AM,EDT,10/17/2028,8:20:00 AM,EDT,Lake,Saunders,1,07/02/2028,,1,164.5,uS/cm,,,,,,Sample,COND1015202410162024,,
10/30/2028,9:30:00 AM,EDT,10/30/2028,11:23:00 AM,EDT,Lake,Sellers,1,07/24/2028,,1,53.5,uS/cm,,,,,,Sample,COND1029202410292024,,
10/30/2028,9:30:00 AM,EDT,10/30/2028,11:23:00 AM,EDT,Lake,Wildcat,1,07/24/2028,,1,27.15,uS/cm,,,,,,Sample,COND1029202410292024,,
10/30/2028,9:30:00 AM,EDT,10/30/2028,11:23:00 AM,EDT,Lake,Winona,1,07/10/2028,,1,105,uS/cm,,,,,,Sample,COND1029202410292024,,
09/04/2028,10:35:00 AM,EDT,09/06/2028,8:01:00 AM,EDT,Lee,Harborage East,1,04/30/2028,,1,5.04,mS/cm,,,,,,Sample,COND932024952024,,
09/04/2028,10:35:00 AM,EDT,09/06/2028,8:01:00 AM,EDT,Lee,Harborage West,1,04/30/2028,,1,12.21,mS/cm,,,,,,Sample,COND932024952024,,
10/30/2028,9:30:00 AM,EDT,10/30/2028,11:23:00 AM,EDT,Leon,Blue Heron,1,08/01/2028,,1,67.9,uS/cm,,,,,,Sample,COND1029202410292024,,
10/30/2028,9:30:00 AM,EDT,10/30/2028,11:23:00 AM,EDT,Leon,Bradford,1,07/15/2028,,1,33.8,uS/cm,,,,,,Sample,COND1029202410292024,,
10/30/2028,9:30:00 AM,EDT,10/30/2028,11:23:00 AM,EDT,Leon,Lafayette,1,07/07/2028,,1,108.9,uS/cm,,,,,,Sample,COND1029202410292024,,
10/30/2028,9:30:00 AM,EDT,10/30/2028,11:23:00 AM,EDT,Leon,Munson,1,07/07/2028,,1,85.5,uS/cm,,,,,,Sample,COND1029202410292024,,
11/13/2028,2:36:00 PM,EST,11/15/2028,7:37:00 AM,EST,Levy,Cedar Key-1,1,04/29/2028,,1,41.58,mS/cm,,,Q,Q,,Sample,COND1112202411142024,,
11/13/2028,2:36:00 PM,EST,11/15/2028,7:37:00 AM,EST,Levy,Cedar Key-1,1,08/01/2028,,1,52.4,mS/cm,,,,,,Sample,COND1112202411142024,,
11/13/2028,2:36:00 PM,EST,11/15/2028,7:37:00 AM,EST,Levy,Cedar Key-2,1,04/29/2028,,1,43,mS/cm,,,Q,Q,,Sample,COND1112202411142024,,
11/13/2028,2:36:00 PM,EST,11/15/2028,7:37:00 AM,EST,Levy,Cedar Key-2,1,08/01/2028,,1,50.7,mS/cm,,,,,,Sample,COND1112202411142024,,
11/13/2028,2:36:00 PM,EST,11/15/2028,7:37:00 AM,EST,Levy,Cedar Key-4,1,04/29/2028,,1,40.11,mS/cm,,,Q,Q,,Sample,COND1112202411142024,,
11/13/2028,2:36:00 PM,EST,11/15/2028,7:37:00 AM,EST,Levy,Cedar Key-4,1,08/01/2028,,1,46.7,mS/cm,,,,,,Sample,COND1112202411142024,,
10/30/2028,9:30:00 AM,EDT,10/30/2028,11:23:00 AM,EDT,Marion,Charles,1,07/24/2028,,1,94.3,uS/cm,,,,,,Sample,COND1029202410292024,,
10/30/2028,9:30:00 AM,EDT,10/30/2028,11:23:00 AM,EDT,Marion,Deerback,1,07/08/2028,,1,24.63,uS/cm,,,,,,Sample,COND1029202410292024,,
10/30/2028,9:30:00 AM,EDT,10/30/2028,11:23:00 AM,EDT,Marion,Halfmoon,1,07/24/2028,,1,70.7,uS/cm,,,,,,Sample,COND1029202410292024,,
10/30/2028,9:30:00 AM,EDT,10/30/2028,11:23:00 AM,EDT,Marion,Little Weir,1,07/07/2028,,1,191,uS/cm,,,,,,Sample,COND1029202410292024,,
10/16/2028,10:19:00 AM,EDT,10/18/2028,8:08:00 AM,EDT,Marion,Lou,1,07/24/2028,,1,52.2,uS/cm,,,Q,Q,,Sample,COND1015202410172024,,
11/13/2028,2:36:00 PM,EST,11/15/2028,7:37:00 AM,EST,Marion,Ocklawaha River_Belchior_Student Project,Ponar 1,10/23/2028,,1,305.5,uS/cm,,,,,,Sample,COND1112202411142024,,
11/13/2028,2:36:00 PM,EST,11/15/2028,7:37:00 AM,EST,Marion,Ocklawaha River_Belchior_Student Project,Ponar 2,10/23/2028,,1,257.1,uS/cm,,,,,,Sample,COND1112202411142024,,
11/13/2028,2:36:00 PM,EST,11/15/2028,7:37:00 AM,EST,Marion,Ocklawaha River_Belchior_Student Project,Ponar 3,10/23/2028,,1,324.5,uS/cm,,,,,,Sample,COND1112202411142024,,
11/13/2028,2:36:00 PM,EST,11/15/2028,7:37:00 AM,EST,Marion,Ocklawaha River_Belchior_Student Project,Reservoir 2,10/23/2028,,1,269,uS/cm,,,,,,Sample,COND1112202411142024,,
11/13/2028,2:36:00 PM,EST,11/15/2028,7:37:00 AM,EST,Marion,Ocklawaha River_Belchior_Student Project,Canal 1,10/24/2028,,1,267.1,uS/cm,,,,,,Sample,COND1112202411142024,,
11/13/2028,2:36:00 PM,EST,11/15/2028,7:37:00 AM,EST,Marion,Ocklawaha River_Belchior_Student Project,Canal 2,10/24/2028,,1,278.8,uS/cm,,,,,,Sample,COND1112202411142024,,
11/13/2028,2:36:00 PM,EST,11/15/2028,7:37:00 AM,EST,Marion,Ocklawaha River_Belchior_Student Project,Canal 3,10/24/2028,,1,262.1,uS/cm,,,,,,Sample,COND1112202411142024,,
11/13/2028,2:36:00 PM,EST,11/15/2028,7:37:00 AM,EST,Marion,Ocklawaha River_Belchior_Student Project,Downstream 1,10/24/2028,,1,233,uS/cm,,,,,,Sample,COND1112202411142024,,
11/13/2028,2:36:00 PM,EST,11/15/2028,7:37:00 AM,EST,Marion,Ocklawaha River_Belchior_Student Project,Downstream 2,10/24/2028,,1,178.3,uS/cm,,,,,,Sample,COND1112202411142024,,
11/13/2028,2:36:00 PM,EST,11/15/2028,7:37:00 AM,EST,Marion,Ocklawaha River_Belchior_Student Project,Downstream 3,10/24/2028,,1,645,uS/cm,,,,,,Sample,COND1112202411142024,,
11/13/2028,2:36:00 PM,EST,11/15/2028,7:37:00 AM,EST,Marion,Ocklawaha River_Belchior_Student Project,Downstream 4,10/24/2028,,1,452.2,uS/cm,,,,,,Sample,COND1112202411142024,,
11/13/2028,2:36:00 PM,EST,11/15/2028,7:37:00 AM,EST,Marion,Ocklawaha River_Belchior_Student Project,Downstream 5,10/24/2028,,1,704,uS/cm,,,,,,Sample,COND1112202411142024,,
11/13/2028,2:36:00 PM,EST,11/15/2028,7:37:00 AM,EST,Marion,Ocklawaha River_Belchior_Student Project,Downstream 6,10/24/2028,,1,620,uS/cm,,,,,,Sample,COND1112202411142024,,
11/13/2028,2:36:00 PM,EST,11/15/2028,7:37:00 AM,EST,Marion,Ocklawaha River_Belchior_Student Project,Reservoir 3,10/24/2028,,1,360.2,uS/cm,,,,,,Sample,COND1112202411142024,,
09/04/2028,10:35:00 AM,EDT,09/06/2028,8:01:00 AM,EDT,Marion,Sunset Harbor,1,04/16/2028,,1,230.2,uS/cm,,,,,,Sample,COND932024952024,,
09/04/2028,10:35:00 AM,EDT,09/06/2028,8:01:00 AM,EDT,Marion,Weir,1,04/07/2028,,1,235.5,uS/cm,,,Q,Q,,Sample,COND932024952024,,
10/18/2028,2:10:00 PM,EDT,10/23/2028,2:10:00 PM,EDT,Miami-Dade,Oakland,1,07/06/2028,,1,220.8,uS/cm,,,,,,Sample,COND10172024COND10222024,,
10/18/2028,2:10:00 PM,EDT,10/23/2028,2:10:00 PM,EDT,Miami-Dade,Saga,1,04/29/2028,,1,120.3,uS/cm,,,Q,Q,,Sample,COND10172024COND10222024,,
10/18/2028,2:10:00 PM,EDT,10/23/2028,2:10:00 PM,EDT,Monroe,Desbiens,1,08/01/2028,,1,2809,uS/cm,,,,,,Sample,COND10172024COND10222024,,
10/18/2028,2:10:00 PM,EDT,10/23/2028,2:10:00 PM,EDT,Monroe,Northside,2,08/01/2028,,1,3843,uS/cm,,,,,,Sample,COND10172024COND10222024,,
11/13/2028,2:36:00 PM,EST,11/15/2028,7:37:00 AM,EST,Monroe,Stock Island-3,1,08/01/2028,,1,3474,uS/cm,,,,,,Sample,COND1112202411142024,,
10/18/2028,2:10:00 PM,EDT,10/23/2028,2:10:00 PM,EDT,Monroe,Tom's Harbor-1,1,07/13/2028,,1,56.1,mS/cm,,,,,,Sample,COND10172024COND10222024,,
10/18/2028,2:10:00 PM,EDT,10/23/2028,2:10:00 PM,EDT,Monroe,Tom's Harbor-2,1,07/13/2028,,1,52.6,mS/cm,,,,,,Sample,COND10172024COND10222024,,
10/18/2028,2:10:00 PM,EDT,10/23/2028,2:10:00 PM,EDT,Monroe,Tom's Harbor-3,1,07/13/2028,,1,56.1,mS/cm,,,,,,Sample,COND10172024COND10222024,,
10/18/2028,2:10:00 PM,EDT,10/23/2028,2:10:00 PM,EDT,Monroe,Tom's Harbor-4,1,07/27/2028,,1,58.2,mS/cm,,,,,,Sample,COND10172024COND10222024,,
10/18/2028,2:10:00 PM,EDT,10/23/2028,2:10:00 PM,EDT,Monroe,Tom's Harbor-5,1,07/27/2028,,1,56.3,mS/cm,,,,,,Sample,COND10172024COND10222024,,
10/18/2028,2:10:00 PM,EDT,10/23/2028,2:10:00 PM,EDT,Monroe,Tom's Harbor-6,1,07/27/2028,,1,57.6,mS/cm,,,,,,Sample,COND10172024COND10222024,,
01/02/2008,12:00:00 AM,0,09/25/2028,8:30:00 AM,EDT,Okaloosa,Bass,1,08/01/2028,,,110.7,uS/cm,,,,,,Sample,COND0924202409242024,,
09/14/2028,3:06:00 PM,EDT,09/17/2028,10:17:00 AM,EDT,Okaloosa,CBA Destin-1,1,07/27/2028,,1,31.22,mS/cm,,,,,,Sample,COND91320249162024,,
09/14/2028,3:06:00 PM,EDT,09/17/2028,10:17:00 AM,EDT,Okaloosa,CBA Destin-2,1,07/27/2028,,1,31.67,mS/cm,,,,,,Sample,COND91320249162024,,
09/14/2028,3:06:00 PM,EDT,09/17/2028,10:17:00 AM,EDT,Okaloosa,CBA Destin-3,1,07/27/2028,,1,34.33,mS/cm,,,,,,Sample,COND91320249162024,,
09/14/2028,3:06:00 PM,EDT,09/17/2028,10:17:00 AM,EDT,Okaloosa,CBA Destin-4,1,07/27/2028,,1,26.99,mS/cm,,,,,,Sample,COND91320249162024,,
01/02/2008,12:00:00 AM,0,09/25/2028,8:30:00 AM,EDT,Okaloosa,CBA Ft. Walton Beach-1,1,07/26/2028,,,28.45,mS/cm,,,,,,Sample,COND0924202409242024,,
01/02/2008,12:00:00 AM,0,09/25/2028,8:30:00 AM,EDT,Okaloosa,CBA Ft. Walton Beach-10,1,07/17/2028,,,42.95,mS/cm,,,,,,Sample,COND0924202409242024,,
01/02/2008,12:00:00 AM,0,09/25/2028,8:30:00 AM,EDT,Okaloosa,CBA Ft. Walton Beach-16,1,07/26/2028,,,31.45,mS/cm,,,,,,Sample,COND0924202409242024,,
01/02/2008,12:00:00 AM,0,09/25/2028,8:30:00 AM,EDT,Okaloosa,CBA Ft. Walton Beach-19,1,07/06/2028,,,34.66,mS/cm,,,,,,Sample,COND0924202409242024,,
01/02/2008,12:00:00 AM,0,09/25/2028,8:30:00 AM,EDT,Okaloosa,CBA Ft. Walton Beach-2,1,07/26/2028,,,35.19,mS/cm,,,,,,Sample,COND0924202409242024,,
01/02/2008,12:00:00 AM,0,09/25/2028,8:30:00 AM,EDT,Okaloosa,CBA Ft. Walton Beach-3,1,07/26/2028,,,28.09,mS/cm,,,,,,Sample,COND0924202409242024,,
01/02/2008,12:00:00 AM,0,09/25/2028,8:30:00 AM,EDT,Okaloosa,CBA Ft. Walton Beach-4,1,07/26/2028,,,33.98,mS/cm,,,,,,Sample,COND0924202409242024,,
01/02/2008,12:00:00 AM,0,09/25/2028,8:30:00 AM,EDT,Okaloosa,CBA Ft. Walton Beach-5,1,07/26/2028,,,35.3,mS/cm,,,,,,Sample,COND0924202409242024,,
01/02/2008,12:00:00 AM,0,09/25/2028,8:30:00 AM,EDT,Okaloosa,CBA Ft. Walton Beach-6,1,07/26/2028,,,30.25,mS/cm,,,,,,Sample,COND0924202409242024,,
01/02/2008,12:00:00 AM,0,09/25/2028,8:30:00 AM,EDT,Okaloosa,CBA Ft. Walton Beach-7,1,07/26/2028,,,22.21,mS/cm,,,,,,Sample,COND0924202409242024,,
01/02/2008,12:00:00 AM,0,09/25/2028,8:30:00 AM,EDT,Okaloosa,CBA Ft. Walton Beach-8,1,07/17/2028,,,54.1,mS/cm,,,,,,Sample,COND0924202409242024,,
01/02/2008,12:00:00 AM,0,09/25/2028,8:30:00 AM,EDT,Okaloosa,CBA Ft. Walton Beach-9,1,07/17/2028,,,43.38,mS/cm,,,,,,Sample,COND0924202409242024,,
01/02/2008,12:00:00 AM,0,09/25/2028,8:30:00 AM,EDT,Okaloosa,CBA GAP-1,1,07/10/2028,,,120.3,uS/cm,,,,,,Sample,COND0924202409242024,,
01/02/2008,12:00:00 AM,0,09/25/2028,8:30:00 AM,EDT,Okaloosa,CBA GAP-1,1,07/30/2028,,,117.4,uS/cm,,,,,,Sample,COND0924202409242024,,
01/02/2008,12:00:00 AM,0,09/25/2028,8:30:00 AM,EDT,Okaloosa,CBA GAP-2,1,07/10/2028,,,116.4,uS/cm,,,,,,Sample,COND0924202409242024,,
01/02/2008,12:00:00 AM,0,09/25/2028,8:30:00 AM,EDT,Okaloosa,CBA GAP-2,1,07/30/2028,,,71.1,uS/cm,,,,,,Sample,COND0924202409242024,,
01/02/2008,12:00:00 AM,0,09/25/2028,8:30:00 AM,EDT,Okaloosa,CBA GAP-3,1,07/10/2028,,,12.15,mS/cm,,,,,,Sample,COND0924202409242024,,
01/02/2008,12:00:00 AM,0,09/25/2028,8:30:00 AM,EDT,Okaloosa,CBA GAP-3,1,07/30/2028,,,2438,uS/cm,,,,,,Sample,COND0924202409242024,,
09/14/2028,3:06:00 PM,EDT,09/17/2028,10:17:00 AM,EDT,Okaloosa,CBA Niceville-1,1,07/02/2028,,1,20.84,mS/cm,,,,,,Sample,COND91320249162024,,
09/14/2028,3:06:00 PM,EDT,09/17/2028,10:17:00 AM,EDT,Okaloosa,CBA Niceville-10,1,07/31/2028,,1,18.79,mS/cm,,,,,,Sample,COND91320249162024,,
09/14/2028,3:06:00 PM,EDT,09/17/2028,10:17:00 AM,EDT,Okaloosa,CBA Niceville-2,1,07/02/2028,,1,31.28,mS/cm,,,,,,Sample,COND91320249162024,,
09/14/2028,3:06:00 PM,EDT,09/17/2028,10:17:00 AM,EDT,Okaloosa,CBA Niceville-3,1,07/02/2028,,1,32.35,mS/cm,,,,,,Sample,COND91320249162024,,
09/14/2028,3:06:00 PM,EDT,09/17/2028,10:17:00 AM,EDT,Okaloosa,CBA Niceville-4,1,07/02/2028,,1,34.91,mS/cm,,,,,,Sample,COND91320249162024,,
09/14/2028,3:06:00 PM,EDT,09/17/2028,10:17:00 AM,EDT,Okaloosa,CBA Niceville-5,1,07/06/2028,,1,22.28,mS/cm,,,,,,Sample,COND91320249162024,,
09/14/2028,3:06:00 PM,EDT,09/17/2028,10:17:00 AM,EDT,Okaloosa,CBA Niceville-6,1,07/06/2028,,1,22.49,mS/cm,,,,,,Sample,COND91320249162024,,
09/14/2028,3:06:00 PM,EDT,09/17/2028,10:17:00 AM,EDT,Okaloosa,CBA Niceville-7,1,07/31/2028,,1,22.79,mS/cm,,,,,,Sample,COND91320249162024,,
09/14/2028,3:06:00 PM,EDT,09/17/2028,10:17:00 AM,EDT,Okaloosa,CBA Niceville-8,1,07/31/2028,,1,8.78,mS/cm,,,,,,Sample,COND91320249162024,,
09/14/2028,3:06:00 PM,EDT,09/17/2028,10:17:00 AM,EDT,Okaloosa,CBA Niceville-9,1,07/31/2028,,1,12.49,mS/cm,,,,,,Sample,COND91320249162024,,
01/02/2008,12:00:00 AM,0,09/25/2028,8:30:00 AM,EDT,Okaloosa,CBA TKY-1,1,07/25/2028,,,11.81,uS/cm,,,,,,Sample,COND0924202409242024,,
01/02/2008,12:00:00 AM,0,09/25/2028,8:30:00 AM,EDT,Okaloosa,CBA TKY-2,1,07/25/2028,,,12.85,uS/cm,,,,,,Sample,COND0924202409242024,,
01/02/2008,12:00:00 AM,0,09/25/2028,8:30:00 AM,EDT,Okaloosa,CBA TKY-3,1,07/25/2028,,,13.33,uS/cm,,,,,,Sample,COND0924202409242024,,
01/02/2008,12:00:00 AM,0,09/25/2028,8:30:00 AM,EDT,Okaloosa,Roberts,1,07/13/2028,,,21.4,uS/cm,,,,,,Sample,COND0924202409242024,,
01/02/2008,12:00:00 AM,0,09/25/2028,8:30:00 AM,EDT,Okaloosa,Swift Creek-1,1,07/12/2028,,,29.8,uS/cm,,,,,,Sample,COND0924202409242024,,
01/02/2008,12:00:00 AM,0,09/25/2028,8:30:00 AM,EDT,Okaloosa,Swift Creek-2,1,07/12/2028,,,47.47,uS/cm,,,,,,Sample,COND0924202409242024,,
01/02/2008,12:00:00 AM,0,09/25/2028,8:30:00 AM,EDT,Okaloosa,Swift Creek-3,1,07/12/2028,,,58.1,uS/cm,,,,,,Sample,COND0924202409242024,,
01/02/2008,12:00:00 AM,0,09/25/2028,8:30:00 AM,EDT,Okaloosa,Swift Creek-4,1,07/12/2028,,,672,uS/cm,,,,,,Sample,COND0924202409242024,,
10/16/2028,10:19:00 AM,EDT,10/18/2028,8:08:00 AM,EDT,Orange,Adair,1,07/08/2028,,1,178.9,uS/cm,,,Q,Q,,Sample,COND1015202410172024,,
10/25/2028,12:02:00 PM,EDT,10/29/2028,11:29:00 AM,EDT,Orange,Avalon,1,04/25/2028,,1,128.3,uS/cm,,,Q,Q,,Sample,COND1024202410282024,,
10/16/2028,10:19:00 AM,EDT,10/18/2028,8:08:00 AM,EDT,Orange,Baldwin,1,07/14/2028,,1,289.2,uS/cm,,,,,,Sample,COND1015202410172024,,
10/25/2028,12:02:00 PM,EDT,10/29/2028,11:29:00 AM,EDT,Orange,Bessie,1,04/14/2028,,1,417.6,uS/cm,,,Q,Q,,Sample,COND1024202410282024,,
09/04/2028,10:35:00 AM,EDT,09/06/2028,8:01:00 AM,EDT,Orange,Butler,1,04/22/2028,,1,201.6,uS/cm,,,,,,Sample,COND932024952024,,
10/16/2028,10:19:00 AM,EDT,10/18/2028,8:08:00 AM,EDT,Orange,Butler,1,07/15/2028,,1,203.9,uS/cm,,,,,,Sample,COND1015202410172024,,
11/13/2028,2:36:00 PM,EST,11/15/2028,7:37:00 AM,EST,Orange,Butler,1,07/15/2028,,1,233.1,uS/cm,,,,,,Sample,COND1112202411142024,,
09/04/2028,10:35:00 AM,EDT,09/06/2028,8:01:00 AM,EDT,Orange,Butler Wetland,1,04/22/2028,,1,281.1,uS/cm,,,,,,Sample,COND932024952024,,
10/16/2028,10:19:00 AM,EDT,10/18/2028,8:08:00 AM,EDT,Orange,Butler Wetland,1,07/15/2028,,1,188.5,uS/cm,,,,,,Sample,COND1015202410172024,,
10/18/2028,2:10:00 PM,EDT,10/23/2028,2:10:00 PM,EDT,Orange,Cane,1,08/01/2028,,1,199.4,uS/cm,,,,,,Sample,COND10172024COND10222024,,
10/16/2028,10:19:00 AM,EDT,10/18/2028,8:08:00 AM,EDT,Orange,Cherokee,1,07/14/2028,,1,213.2,uS/cm,,,,,,Sample,COND1015202410172024,,
10/18/2028,2:10:00 PM,EDT,10/23/2028,2:10:00 PM,EDT,Orange,Claire,1,07/19/2028,,1,196.3,uS/cm,,,,,,Sample,COND10172024COND10222024,,
10/18/2028,2:10:00 PM,EDT,10/23/2028,2:10:00 PM,EDT,Orange,Clear,1,07/26/2028,,1,176.5,uS/cm,,,,,,Sample,COND10172024COND10222024,,
10/25/2028,12:02:00 PM,EDT,10/29/2028,11:29:00 AM,EDT,Orange,Conway South,1,04/15/2028,,1,229.1,uS/cm,,,Q,Q,,Sample,COND1024202410282024,,
10/16/2028,10:19:00 AM,EDT,10/18/2028,8:08:00 AM,EDT,Orange,Conway South,1,07/08/2028,,1,172.2,uS/cm,,,,,,Sample,COND1015202410172024,,
10/25/2028,12:02:00 PM,EDT,10/29/2028,11:29:00 AM,EDT,Orange,Crystal,1,05/01/2028,,1,160.4,uS/cm,,,#VALUE!,#VALUE!,,Sample,COND1024202410282024,,
10/16/2028,10:19:00 AM,EDT,10/18/2028,8:08:00 AM,EDT,Orange,Davis,1,07/14/2028,,1,309.4,uS/cm,,,,,,Sample,COND1015202410172024,,
10/18/2028,2:10:00 PM,EDT,10/23/2028,2:10:00 PM,EDT,Orange,Down,1,07/13/2028,,1,301.9,uS/cm,,,,,,Sample,COND10172024COND10222024,,
10/16/2028,10:19:00 AM,EDT,10/18/2028,8:08:00 AM,EDT,Orange,East,1,07/09/2028,,1,126.3,uS/cm,,,,,,Sample,COND1015202410172024,,
10/16/2028,10:19:00 AM,EDT,10/18/2028,8:08:00 AM,EDT,Orange,Eola,1,07/13/2028,,1,205.4,uS/cm,,,,,,Sample,COND1015202410172024,,
10/16/2028,10:19:00 AM,EDT,10/18/2028,8:08:00 AM,EDT,Orange,Fairview,1,07/22/2028,,1,150,uS/cm,,,,,,Sample,COND1015202410172024,,
10/16/2028,10:19:00 AM,EDT,10/18/2028,8:08:00 AM,EDT,Orange,Fairview South,1,07/22/2028,,1,214.1,uS/cm,,,,,,Sample,COND1015202410172024,,
10/18/2028,2:10:00 PM,EDT,10/23/2028,2:10:00 PM,EDT,Orange,Formosa,1,04/07/2028,,1,183.7,uS/cm,,,Q,Q,,Sample,COND10172024COND10222024,,
10/16/2028,10:19:00 AM,EDT,10/18/2028,8:08:00 AM,EDT,Orange,Gatlin,1,07/06/2028,,1,167.8,uS/cm,,,,,,Sample,COND1015202410172024,,
10/18/2028,2:10:00 PM,EDT,10/23/2028,2:10:00 PM,EDT,Orange,Gatlin,1,07/28/2028,,1,183.5,uS/cm,,,,,,Sample,COND10172024COND10222024,,
10/18/2028,2:10:00 PM,EDT,10/23/2028,2:10:00 PM,EDT,Orange,Holden,1,04/25/2028,,1,177.8,uS/cm,,,Q,Q,,Sample,COND10172024COND10222024,,
10/18/2028,2:10:00 PM,EDT,10/23/2028,2:10:00 PM,EDT,Orange,Holden,1,07/28/2028,,1,185.4,uS/cm,,,,,,Sample,COND10172024COND10222024,,
10/18/2028,2:10:00 PM,EDT,10/23/2028,2:10:00 PM,EDT,Orange,Holden Canal-1,1,04/25/2028,,1,190.7,uS/cm,,,Q,Q,,Sample,COND10172024COND10222024,,
10/18/2028,2:10:00 PM,EDT,10/23/2028,2:10:00 PM,EDT,Orange,Holden Canal-1,1,07/28/2028,,1,183.6,uS/cm,,,,,,Sample,COND10172024COND10222024,,
09/14/2028,12:00:00 AM,EDT,09/26/2028,9:57:00 AM,EDT,Orange,Irma,1,07/16/2028,,,133.2,uS/cm,,,,,,Sample,COND08252024,,
09/04/2028,10:35:00 AM,EDT,09/06/2028,8:01:00 AM,EDT,Orange,Lee,1,04/09/2028,,1,173.7,uS/cm,,,,,,Sample,COND932024952024,,
10/18/2028,2:10:00 PM,EDT,10/23/2028,2:10:00 PM,EDT,Orange,Lee,1,07/26/2028,,1,181.3,uS/cm,,,,,,Sample,COND10172024COND10222024,,
10/18/2028,2:10:00 PM,EDT,10/23/2028,2:10:00 PM,EDT,Orange,O'Dell,1,08/01/2028,,1,129.2,uS/cm,,,,,,Sample,COND10172024COND10222024,,
10/16/2028,10:19:00 AM,EDT,10/18/2028,8:08:00 AM,EDT,Orange,Olympia,1,07/13/2028,,1,224.7,uS/cm,,,,,,Sample,COND1015202410172024,,
10/18/2028,2:10:00 PM,EDT,10/23/2028,2:10:00 PM,EDT,Orange,Rose,1,07/24/2028,,1,165.5,uS/cm,,,,,,Sample,COND10172024COND10222024,,
10/18/2028,2:10:00 PM,EDT,10/23/2028,2:10:00 PM,EDT,Orange,Sue,1,04/14/2028,,1,189.1,uS/cm,,,Q,Q,,Sample,COND10172024COND10222024,,
10/18/2028,2:10:00 PM,EDT,10/23/2028,2:10:00 PM,EDT,Orange,Virginia,1,07/20/2028,,1,184.1,uS/cm,,,,,,Sample,COND10172024COND10222024,,
09/04/2028,10:35:00 AM,EDT,09/06/2028,8:01:00 AM,EDT,Orange,Waumpi,1,04/17/2028,,1,247,uS/cm,,,,,,Sample,COND932024952024,,
10/30/2028,9:30:00 AM,EDT,10/30/2028,11:23:00 AM,EDT,Orange,Waumpi,1,07/16/2028,,1,209.6,uS/cm,,,,,,Sample,COND1029202410292024,,
10/18/2028,2:10:00 PM,EDT,10/23/2028,2:10:00 PM,EDT,Orange,Waunatta,1,07/27/2028,,1,152.8,uS/cm,,,,,,Sample,COND10172024COND10222024,,
09/04/2028,10:35:00 AM,EDT,09/06/2028,8:01:00 AM,EDT,Orange,Weldona,1,04/24/2028,,1,245.4,uS/cm,,,,,,Sample,COND932024952024,,
10/18/2028,2:10:00 PM,EDT,10/23/2028,2:10:00 PM,EDT,Orange,Weldona,1,07/30/2028,,1,160.1,uS/cm,,,,,,Sample,COND10172024COND10222024,,
10/25/2028,12:02:00 PM,EDT,10/29/2028,11:29:00 AM,EDT,Orange,Weldona,1,07/30/2028,,1,151,uS/cm,,,,,,Sample,COND1024202410282024,,
10/25/2028,12:02:00 PM,EDT,10/29/2028,11:29:00 AM,EDT,Osceola,Alligator,1,07/07/2028,,1,155.2,uS/cm,,,,,,Sample,COND1024202410282024,,
10/25/2028,12:02:00 PM,EDT,10/29/2028,11:29:00 AM,EDT,Osceola,Alligator canal-1,1,07/07/2028,,1,214.3,uS/cm,,,,,,Sample,COND1024202410282024,,
10/25/2028,12:02:00 PM,EDT,10/29/2028,11:29:00 AM,EDT,Osceola,Alligator canal-2,1,07/07/2028,,1,155.9,uS/cm,,,,,,Sample,COND1024202410282024,,
10/25/2028,12:02:00 PM,EDT,10/29/2028,11:29:00 AM,EDT,Osceola,Bellalago,1,07/25/2028,,1,291.7,uS/cm,,,,,,Sample,COND1024202410282024,,
10/16/2028,10:19:00 AM,EDT,10/18/2028,8:08:00 AM,EDT,Osceola,Buck,1,07/14/2028,,1,184.1,uS/cm,,,,,,Sample,COND1015202410172024,,
10/16/2028,10:19:00 AM,EDT,10/18/2028,8:08:00 AM,EDT,Osceola,Center,1,07/12/2028,,1,142.2,uS/cm,,,,,,Sample,COND1015202410172024,,
10/16/2028,10:19:00 AM,EDT,10/18/2028,8:08:00 AM,EDT,Osceola,Coon,1,07/12/2028,,1,136.6,uS/cm,,,,,,Sample,COND1015202410172024,,
10/25/2028,12:02:00 PM,EDT,10/29/2028,11:29:00 AM,EDT,Osceola,Fish,1,07/23/2028,,1,244.1,uS/cm,,,,,,Sample,COND1024202410282024,,
10/25/2028,12:02:00 PM,EDT,10/29/2028,11:29:00 AM,EDT,Osceola,Tohopekaliga East,1,07/26/2028,,1,163.5,uS/cm,,,,,,Sample,COND1024202410282024,,
10/30/2028,9:30:00 AM,EDT,10/30/2028,11:23:00 AM,EDT,Osceola,Tohopekaliga-Middle,1,07/25/2028,,1,203.7,uS/cm,,,,,,Sample,COND1029202410292024,,
10/18/2028,2:10:00 PM,EDT,10/23/2028,2:10:00 PM,EDT,Palm Beach,Westwood,1,07/30/2028,,1,202.1,uS/cm,,,,,,Sample,COND10172024COND10222024,,
11/13/2028,2:36:00 PM,EST,11/15/2028,7:37:00 AM,EST,Pasco,Bird,1,07/14/2028,,1,292.4,uS/cm,,,,,,Sample,COND1112202411142024,,
11/13/2028,2:36:00 PM,EST,11/15/2028,7:37:00 AM,EST,Pasco,Conley,1,04/20/2028,,1,2189,uS/cm,,,Q,Q,,Sample,COND1112202411142024,,
11/13/2028,2:36:00 PM,EST,11/15/2028,7:37:00 AM,EST,Pasco,Conley,1,07/02/2028,,1,1936,uS/cm,,,,,,Sample,COND1112202411142024,,
11/13/2028,2:36:00 PM,EST,11/15/2028,7:37:00 AM,EST,Pasco,East,1,07/20/2028,,1,523,uS/cm,,,,,,Sample,COND1112202411142024,,
11/01/2028,3:08:00 PM,EDT,11/02/2028,8:14:00 AM,EDT,Pasco,Jovita,1,07/16/2028,,1,71.5,uS/cm,,,,,,Sample,COND1031202411012024,,
08/30/2028,3:19:00 PM,EDT,08/31/2028,7:33:00 AM,EDT,Pinellas,Autumn,1,04/14/2028,,1,615,uS/cm,,,,,,Sample,COND8292483024,,
11/13/2028,2:36:00 PM,EST,11/15/2028,7:37:00 AM,EST,Pinellas,Autumn,1,07/19/2028,,1,571,uS/cm,,,,,,Sample,COND1112202411142024,,
11/13/2028,2:36:00 PM,EST,11/15/2028,7:37:00 AM,EST,Pinellas,Bellevue,1,07/19/2028,,1,200.8,uS/cm,,,,,,Sample,COND1112202411142024,,
10/16/2028,10:19:00 AM,EDT,10/18/2028,8:08:00 AM,EDT,Pinellas,Hewitt,1,01/31/2028,,1,687,uS/cm,,,Q,Q,,Sample,COND1015202410172024,,
09/14/2028,12:00:00 AM,EDT,09/26/2028,9:57:00 AM,EDT,Pinellas,Hewitt,1,04/30/2028,,,730,uS/cm,,,,,,Sample,COND08252024,,
09/14/2028,12:00:00 AM,EDT,09/26/2028,9:57:00 AM,EDT,Pinellas,Hewitt,1,08/01/2028,,,610,uS/cm,,,,,,Sample,COND08252024,,
11/13/2028,2:36:00 PM,EST,11/15/2028,7:37:00 AM,EST,Pinellas,Jungle,5,07/04/2028,,1,601,uS/cm,,,,,,Sample,COND1112202411142024,,
11/13/2028,2:36:00 PM,EST,11/15/2028,7:37:00 AM,EST,Pinellas,Jungle North Inlet,1,07/04/2028,,1,677,uS/cm,,,,,,Sample,COND1112202411142024,,
11/13/2028,2:36:00 PM,EST,11/15/2028,7:37:00 AM,EST,Pinellas,Jungle Outlet,1,07/04/2028,,1,584,uS/cm,,,,,,Sample,COND1112202411142024,,
11/13/2028,2:36:00 PM,EST,11/15/2028,7:37:00 AM,EST,Pinellas,Jungle South Inlet,1,07/04/2028,,1,702,uS/cm,,,,,,Sample,COND1112202411142024,,
08/30/2028,3:19:00 PM,EDT,08/31/2028,7:33:00 AM,EDT,Pinellas,Salt Creek-1,1,04/07/2028,,1,5.01,mS/cm,,,,,,Sample,COND8292483024,,
10/30/2028,9:30:00 AM,EDT,10/30/2028,11:23:00 AM,EDT,Pinellas,Salt Creek-1,1,07/07/2028,,1,32.58,mS/cm,,,,,,Sample,COND1029202410292024,,
08/30/2028,3:19:00 PM,EDT,08/31/2028,7:33:00 AM,EDT,Pinellas,Salt Creek-2,1,04/07/2028,,1,31.29,mS/cm,,,,,,Sample,COND8292483024,,
10/30/2028,9:30:00 AM,EDT,10/30/2028,11:23:00 AM,EDT,Pinellas,Salt Creek-2,1,07/07/2028,,1,45.3,mS/cm,,,,,,Sample,COND1029202410292024,,
08/30/2028,3:19:00 PM,EDT,08/31/2028,7:33:00 AM,EDT,Pinellas,Salt Creek-3,1,04/07/2028,,1,32.29,mS/cm,,,,,,Sample,COND8292483024,,
10/30/2028,9:30:00 AM,EDT,10/30/2028,11:23:00 AM,EDT,Pinellas,Salt Creek-3,1,07/07/2028,,1,43.8,mS/cm,,,,,,Sample,COND1029202410292024,,
08/30/2028,3:19:00 PM,EDT,08/31/2028,7:33:00 AM,EDT,Pinellas,Salt Creek-4,1,04/07/2028,,1,41.32,mS/cm,,,,,,Sample,COND8292483024,,
10/30/2028,9:30:00 AM,EDT,10/30/2028,11:23:00 AM,EDT,Pinellas,Salt Creek-4,1,07/07/2028,,1,44.3,mS/cm,,,,,,Sample,COND1029202410292024,,
08/30/2028,3:19:00 PM,EDT,08/31/2028,7:33:00 AM,EDT,Pinellas,Saundra,1,04/05/2028,,1,940,uS/cm,,,,,,Sample,COND8292483024,,
10/30/2028,9:30:00 AM,EDT,10/30/2028,11:23:00 AM,EDT,Pinellas,Saundra,1,07/10/2028,,1,897,uS/cm,,,,,,Sample,COND1029202410292024,,
10/30/2028,9:30:00 AM,EDT,10/30/2028,11:23:00 AM,EDT,Pinellas,Seminole,1,07/11/2028,,1,838,uS/cm,,,,,,Sample,COND1029202410292024,,
09/04/2028,10:35:00 AM,EDT,09/06/2028,8:01:00 AM,EDT,Polk,Arietta,1,04/14/2028,,1,232.8,uS/cm,,,,,,Sample,COND932024952024,,
09/04/2028,10:35:00 AM,EDT,09/06/2028,8:01:00 AM,EDT,Polk,Big Bass,1,04/13/2028,,1,169.2,uS/cm,,,,,,Sample,COND932024952024,,
11/13/2028,2:36:00 PM,EST,11/15/2028,7:37:00 AM,EST,Polk,Big Bass,1,07/17/2028,,1,160.9,uS/cm,,,,,,Sample,COND1112202411142024,,
09/04/2028,10:35:00 AM,EDT,09/06/2028,8:01:00 AM,EDT,Polk,Boca Cove,1,04/13/2028,,1,167.6,uS/cm,,,,,,Sample,COND932024952024,,
11/01/2028,3:08:00 PM,EDT,11/02/2028,8:14:00 AM,EDT,Polk,Boca Cove,1,07/17/2028,,1,160.2,uS/cm,,,,,,Sample,COND1031202411012024,,
09/04/2028,10:35:00 AM,EDT,09/06/2028,8:01:00 AM,EDT,Polk,Crooked,1,04/27/2028,,1,92.5,uS/cm,,,,,,Sample,COND932024952024,,
09/04/2028,10:35:00 AM,EDT,09/06/2028,8:01:00 AM,EDT,Polk,Crooked-Babson Park,1,04/27/2028,,1,91.2,uS/cm,,,,,,Sample,COND932024952024,,
09/04/2028,10:35:00 AM,EDT,09/06/2028,8:01:00 AM,EDT,Polk,Crooked-Seminole Rd. drain,1,04/27/2028,,1,102.5,uS/cm,,,,,,Sample,COND932024952024,,
09/14/2028,3:06:00 PM,EDT,09/17/2028,10:17:00 AM,EDT,Polk,Daisy,1,04/26/2028,,1,184.7,uS/cm,,,,,,Sample,COND91320249162024,,
11/01/2028,3:08:00 PM,EDT,11/02/2028,8:14:00 AM,EDT,Polk,Daisy,1,07/26/2028,,1,195.1,uS/cm,,,,,,Sample,COND1031202411012024,,
11/13/2028,2:36:00 PM,EST,11/15/2028,7:37:00 AM,EST,Polk,Fannie,1,07/16/2028,,1,180.5,uS/cm,,,,,,Sample,COND1112202411142024,,
09/14/2028,3:06:00 PM,EDT,09/17/2028,10:17:00 AM,EDT,Polk,Flora,1,04/13/2028,,1,158.6,uS/cm,,,Q,Q,,Sample,COND91320249162024,,
11/01/2028,3:08:00 PM,EDT,11/02/2028,8:14:00 AM,EDT,Polk,Flora,1,07/17/2028,,1,149.1,uS/cm,,,,,,Sample,COND1031202411012024,,
09/14/2028,3:06:00 PM,EDT,09/17/2028,10:17:00 AM,EDT,Polk,Gaskin's Cut,1,04/13/2028,,1,165.3,uS/cm,,,Q,Q,,Sample,COND91320249162024,,
11/01/2028,3:08:00 PM,EDT,11/02/2028,8:14:00 AM,EDT,Polk,Gaskin's Cut,1,07/17/2028,,1,144.6,uS/cm,,,#REF!,#REF!,,Sample,COND1031202411012024,,
09/14/2028,3:06:00 PM,EDT,09/17/2028,10:17:00 AM,EDT,Polk,Little Bass,1,04/13/2028,,1,163.6,uS/cm,,,Q,Q,,Sample,COND91320249162024,,
11/01/2028,3:08:00 PM,EDT,11/02/2028,8:14:00 AM,EDT,Polk,Little Bass,1,07/17/2028,,1,152,uS/cm,,,#REF!,#REF!,,Sample,COND1031202411012024,,
09/14/2028,3:06:00 PM,EDT,09/17/2028,10:17:00 AM,EDT,Polk,Parks,1,04/03/2028,,1,192.2,uS/cm,,,Q,Q,,Sample,COND91320249162024,,
09/14/2028,3:06:00 PM,EDT,09/17/2028,10:17:00 AM,EDT,Polk,Saddlebag,1,04/23/2028,,1,161.6,uS/cm,,,,,,Sample,COND91320249162024,,
11/01/2028,3:08:00 PM,EDT,11/02/2028,8:14:00 AM,EDT,Polk,Saddlebag,1,07/18/2028,,1,135.7,uS/cm,,,#REF!,#REF!,,Sample,COND1031202411012024,,
11/01/2028,3:08:00 PM,EDT,11/02/2028,8:14:00 AM,EDT,Polk,Whistler,1,07/19/2028,,1,233.6,uS/cm,,,,,,Sample,COND1031202411012024,,
08/24/2028,3:00:00 PM,EDT,08/28/2028,3:00:00 PM,EDT,Putnam,Anderson Cue,1,06/26/2028,,1,26.32,uS/cm,,,,,,Sample,COND802324082724,,
08/24/2028,3:00:00 PM,EDT,08/28/2028,3:00:00 PM,EDT,Putnam,Anderson Cue,2,06/26/2028,,1,27.65,uS/cm,,,,,,Sample,COND802324082724,,
08/24/2028,3:00:00 PM,EDT,08/28/2028,3:00:00 PM,EDT,Putnam,Anderson Cue,3,06/26/2028,,1,26.28,uS/cm,,,,,,Sample,COND802324082724,,
08/30/2028,3:19:00 PM,EDT,08/31/2028,7:33:00 AM,EDT,Putnam,Anderson Cue,1,07/19/2028,,1,26.53,uS/cm,,,,,,Sample,COND8292483024,,
08/30/2028,3:19:00 PM,EDT,08/31/2028,7:33:00 AM,EDT,Putnam,Anderson Cue,2,07/19/2028,,1,26,uS/cm,,,,,,Sample,COND8292483024,,
08/30/2028,3:19:00 PM,EDT,08/31/2028,7:33:00 AM,EDT,Putnam,Anderson Cue,3,07/19/2028,,1,26.79,uS/cm,,,,,,Sample,COND8292483024,,
09/13/2028,3:45:00 PM,EDT,09/14/2028,8:22:00 AM,EDT,Putnam,Anderson Cue,1,08/21/2028,,1,24.37,uS/cm,,,,,,Sample,COND91320249132024,,
09/13/2028,3:45:00 PM,EDT,09/14/2028,8:22:00 AM,EDT,Putnam,Anderson Cue,2,08/21/2028,,1,24.52,uS/cm,,,,,,Sample,COND91320249132024,,
09/13/2028,3:45:00 PM,EDT,09/14/2028,8:22:00 AM,EDT,Putnam,Anderson Cue,3,08/21/2028,,1,24.49,uS/cm,,,,,,Sample,COND91320249132024,,
10/25/2028,12:02:00 PM,EDT,10/29/2028,11:29:00 AM,EDT,Putnam,Anderson Cue,1,09/19/2028,,1,32.69,uS/cm,,,,,,Sample,COND1024202410282024,,
10/25/2028,12:02:00 PM,EDT,10/29/2028,11:29:00 AM,EDT,Putnam,Anderson Cue,2,09/19/2028,,1,23.55,uS/cm,,,,,,Sample,COND1024202410282024,,
10/25/2028,12:02:00 PM,EDT,10/29/2028,11:29:00 AM,EDT,Putnam,Anderson Cue,3,09/19/2028,,1,23.5,uS/cm,,,,,,Sample,COND1024202410282024,,
11/16/2028,10:25:00 AM,EST,11/16/2028,10:25:00 AM,EST,Putnam,Anderson Cue,1,10/23/2028,,1,23.03,uS/cm,,,,,,Sample,COND11152024,,
11/16/2028,10:25:00 AM,EST,11/16/2028,10:25:00 AM,EST,Putnam,Anderson Cue,2,10/23/2028,,1,23.09,uS/cm,,,,,,Sample,COND11152024,,
11/16/2028,10:25:00 AM,EST,11/16/2028,10:25:00 AM,EST,Putnam,Anderson Cue,3,10/23/2028,,1,22.85,uS/cm,,,,,,Sample,COND11152024,,
08/24/2028,3:00:00 PM,EDT,08/28/2028,3:00:00 PM,EDT,Putnam,Barco,1,06/26/2028,,1,27.61,uS/cm,,,,,,Sample,COND802324082724,,
08/24/2028,3:00:00 PM,EDT,08/28/2028,3:00:00 PM,EDT,Putnam,Barco,2,06/26/2028,,1,27.57,uS/cm,,,,,,Sample,COND802324082724,,
08/24/2028,3:00:00 PM,EDT,08/28/2028,3:00:00 PM,EDT,Putnam,Barco,3,06/26/2028,,1,27.47,uS/cm,,,,,,Sample,COND802324082724,,
08/30/2028,3:19:00 PM,EDT,08/31/2028,7:33:00 AM,EDT,Putnam,Barco,1,07/19/2028,,1,26.71,uS/cm,,,,,,Sample,COND8292483024,,
08/30/2028,3:19:00 PM,EDT,08/31/2028,7:33:00 AM,EDT,Putnam,Barco,2,07/19/2028,,1,27.13,uS/cm,,,,,,Sample,COND8292483024,,
08/30/2028,3:19:00 PM,EDT,08/31/2028,7:33:00 AM,EDT,Putnam,Barco,3,07/19/2028,,1,27.86,uS/cm,,,,,,Sample,COND8292483024,,
09/13/2028,3:45:00 PM,EDT,09/14/2028,8:22:00 AM,EDT,Putnam,Barco,1,08/21/2028,,1,28,uS/cm,,,,,,Sample,COND91320249132024,,
09/13/2028,3:45:00 PM,EDT,09/14/2028,8:22:00 AM,EDT,Putnam,Barco,2,08/21/2028,,1,27.06,uS/cm,,,,,,Sample,COND91320249132024,,
09/13/2028,3:45:00 PM,EDT,09/14/2028,8:22:00 AM,EDT,Putnam,Barco,3,08/21/2028,,1,27.24,uS/cm,,,,,,Sample,COND91320249132024,,
10/25/2028,12:02:00 PM,EDT,10/29/2028,11:29:00 AM,EDT,Putnam,Barco,1,09/19/2028,,1,26.69,uS/cm,,,,,,Sample,COND1024202410282024,,
10/25/2028,12:02:00 PM,EDT,10/29/2028,11:29:00 AM,EDT,Putnam,Barco,2,09/19/2028,,1,26.76,uS/cm,,,,,,Sample,COND1024202410282024,,
10/25/2028,12:02:00 PM,EDT,10/29/2028,11:29:00 AM,EDT,Putnam,Barco,3,09/19/2028,,1,27.22,uS/cm,,,,,,Sample,COND1024202410282024,,
11/16/2028,10:25:00 AM,EST,11/16/2028,10:25:00 AM,EST,Putnam,Barco,1,10/23/2028,,1,26.34,uS/cm,,,,,,Sample,COND11152024,,
11/16/2028,10:25:00 AM,EST,11/16/2028,10:25:00 AM,EST,Putnam,Barco,2,10/23/2028,,1,34.5,uS/cm,,,,,,Sample,COND11152024,,
11/16/2028,10:25:00 AM,EST,11/16/2028,10:25:00 AM,EST,Putnam,Barco,3,10/23/2028,,1,26.29,uS/cm,,,,,,Sample,COND11152024,,
09/04/2028,10:35:00 AM,EDT,09/06/2028,8:01:00 AM,EDT,Putnam,Broward,1,04/19/2028,,1,80,uS/cm,,,,,,Sample,COND932024952024,,
08/30/2028,3:19:00 PM,EDT,08/31/2028,7:33:00 AM,EDT,Putnam,Camp Branch-1,1,04/25/2028,,1,378.6,uS/cm,,,,,,Sample,COND8292483024,,
10/25/2028,12:02:00 PM,EDT,10/29/2028,11:29:00 AM,EDT,Putnam,Camp Branch-1,1,07/30/2028,,1,355.1,uS/cm,,,,,,Sample,COND1024202410282024,,
10/25/2028,12:02:00 PM,EDT,10/29/2028,11:29:00 AM,EDT,Putnam,Camp Branch-3,1,07/30/2028,,1,359,uS/cm,,,,,,Sample,COND1024202410282024,,
10/25/2028,12:02:00 PM,EDT,10/29/2028,11:29:00 AM,EDT,Putnam,Camp Branch-4,1,07/30/2028,,1,371.1,uS/cm,,,,,,Sample,COND1024202410282024,,
08/24/2028,3:00:00 PM,EDT,08/28/2028,3:00:00 PM,EDT,Putnam,Enslow,1,06/26/2028,,1,21.75,uS/cm,,,,,,Sample,COND802324082724,,
08/24/2028,3:00:00 PM,EDT,08/28/2028,3:00:00 PM,EDT,Putnam,Enslow,2,06/26/2028,,1,21.95,uS/cm,,,,,,Sample,COND802324082724,,
08/24/2028,3:00:00 PM,EDT,08/28/2028,3:00:00 PM,EDT,Putnam,Enslow,3,06/26/2028,,1,22.01,uS/cm,,,,,,Sample,COND802324082724,,
08/30/2028,3:19:00 PM,EDT,08/31/2028,7:33:00 AM,EDT,Putnam,Enslow,1,07/19/2028,,1,22.01,uS/cm,,,,,,Sample,COND8292483024,,
08/30/2028,3:19:00 PM,EDT,08/31/2028,7:33:00 AM,EDT,Putnam,Enslow,2,07/19/2028,,1,22.11,uS/cm,,,,,,Sample,COND8292483024,,
08/30/2028,3:19:00 PM,EDT,08/31/2028,7:33:00 AM,EDT,Putnam,Enslow,3,07/19/2028,,1,20.44,uS/cm,,,,,,Sample,COND8292483024,,
09/13/2028,3:45:00 PM,EDT,09/14/2028,8:22:00 AM,EDT,Putnam,Enslow,1,08/21/2028,,1,37.3,uS/cm,,,,,,Sample,COND91320249132024,,
09/13/2028,3:45:00 PM,EDT,09/14/2028,8:22:00 AM,EDT,Putnam,Enslow,2,08/21/2028,,1,19.71,uS/cm,,,,,,Sample,COND91320249132024,,
09/13/2028,3:45:00 PM,EDT,09/14/2028,8:22:00 AM,EDT,Putnam,Enslow,3,08/21/2028,,1,19.62,uS/cm,,,,,,Sample,COND91320249132024,,
10/25/2028,12:02:00 PM,EDT,10/29/2028,11:29:00 AM,EDT,Putnam,Enslow,1,09/19/2028,,1,16.88,uS/cm,,,,,,Sample,COND1024202410282024,,
10/25/2028,12:02:00 PM,EDT,10/29/2028,11:29:00 AM,EDT,Putnam,Enslow,2,09/19/2028,,1,17.8,uS/cm,,,,,,Sample,COND1024202410282024,,
10/25/2028,12:02:00 PM,EDT,10/29/2028,11:29:00 AM,EDT,Putnam,Enslow,3,09/19/2028,,1,16.77,uS/cm,,,,,,Sample,COND1024202410282024,,
11/16/2028,10:25:00 AM,EST,11/16/2028,10:25:00 AM,EST,Putnam,Enslow,1,10/23/2028,,1,17,uS/cm,,,,,,Sample,COND11152024,,
11/16/2028,10:25:00 AM,EST,11/16/2028,10:25:00 AM,EST,Putnam,Enslow,2,10/23/2028,,1,17.1,uS/cm,,,,,,Sample,COND11152024,,
11/16/2028,10:25:00 AM,EST,11/16/2028,10:25:00 AM,EST,Putnam,Enslow,3,10/23/2028,,1,18.4,uS/cm,,,,,,Sample,COND11152024,,
10/16/2028,10:19:00 AM,EDT,10/18/2028,8:08:00 AM,EDT,Putnam,Fanny,1,07/06/2028,,1,59.8,uS/cm,,,,,,Sample,COND1015202410172024,,
08/24/2028,3:00:00 PM,EDT,08/28/2028,3:00:00 PM,EDT,Putnam,Goose,1,06/27/2028,,1,56.3,uS/cm,,,,,,Sample,COND802324082724,,
08/24/2028,3:00:00 PM,EDT,08/28/2028,3:00:00 PM,EDT,Putnam,Goose,2,06/27/2028,,1,55.5,uS/cm,,,,,,Sample,COND802324082724,,
08/24/2028,3:00:00 PM,EDT,08/28/2028,3:00:00 PM,EDT,Putnam,Goose,3,06/27/2028,,1,55.7,uS/cm,,,,,,Sample,COND802324082724,,
08/30/2028,3:19:00 PM,EDT,08/31/2028,7:33:00 AM,EDT,Putnam,Goose,1,07/20/2028,,1,58.1,uS/cm,,,,,,Sample,COND8292483024,,
08/30/2028,3:19:00 PM,EDT,08/31/2028,7:33:00 AM,EDT,Putnam,Goose,2,07/20/2028,,1,59.5,uS/cm,,,,,,Sample,COND8292483024,,
08/30/2028,3:19:00 PM,EDT,08/31/2028,7:33:00 AM,EDT,Putnam,Goose,3,07/20/2028,,1,58.1,uS/cm,,,,,,Sample,COND8292483024,,
09/13/2028,3:45:00 PM,EDT,09/14/2028,8:22:00 AM,EDT,Putnam,Goose,1,08/22/2028,,1,53.7,uS/cm,,,,,,Sample,COND91320249132024,,
09/13/2028,3:45:00 PM,EDT,09/14/2028,8:22:00 AM,EDT,Putnam,Goose,2,08/22/2028,,1,53.5,uS/cm,,,,,,Sample,COND91320249132024,,
09/13/2028,3:45:00 PM,EDT,09/14/2028,8:22:00 AM,EDT,Putnam,Goose,3,08/22/2028,,1,53,uS/cm,,,,,,Sample,COND91320249132024,,
10/25/2028,12:02:00 PM,EDT,10/29/2028,11:29:00 AM,EDT,Putnam,Goose,1,09/20/2028,,1,54,uS/cm,,,,,,Sample,COND1024202410282024,,
10/25/2028,12:02:00 PM,EDT,10/29/2028,11:29:00 AM,EDT,Putnam,Goose,2,09/20/2028,,1,53.8,uS/cm,,,,,,Sample,COND1024202410282024,,
10/25/2028,12:02:00 PM,EDT,10/29/2028,11:29:00 AM,EDT,Putnam,Goose,3,09/20/2028,,1,53.7,uS/cm,,,,,,Sample,COND1024202410282024,,
11/16/2028,10:25:00 AM,EST,11/16/2028,10:25:00 AM,EST,Putnam,Goose,1,10/24/2028,,1,55.4,uS/cm,,,,,,Sample,COND11152024,,
11/16/2028,10:25:00 AM,EST,11/16/2028,10:25:00 AM,EST,Putnam,Goose,2,10/24/2028,,1,56.2,uS/cm,,,,,,Sample,COND11152024,,
11/16/2028,10:25:00 AM,EST,11/16/2028,10:25:00 AM,EST,Putnam,Goose,3,10/24/2028,,1,57.6,uS/cm,,,,,,Sample,COND11152024,,
08/24/2028,3:00:00 PM,EDT,08/28/2028,3:00:00 PM,EDT,Putnam,McCloud,1,06/26/2028,,1,24.75,uS/cm,,,,,,Sample,COND802324082724,,
08/24/2028,3:00:00 PM,EDT,08/28/2028,3:00:00 PM,EDT,Putnam,McCloud,2,06/26/2028,,1,25.31,uS/cm,,,,,,Sample,COND802324082724,,
08/24/2028,3:00:00 PM,EDT,08/28/2028,3:00:00 PM,EDT,Putnam,McCloud,3,06/26/2028,,1,24.31,uS/cm,,,,,,Sample,COND802324082724,,
08/30/2028,3:19:00 PM,EDT,08/31/2028,7:33:00 AM,EDT,Putnam,McCloud,1,07/19/2028,,1,26.17,uS/cm,,,,,,Sample,COND8292483024,,
08/30/2028,3:19:00 PM,EDT,08/31/2028,7:33:00 AM,EDT,Putnam,McCloud,2,07/19/2028,,1,27.12,uS/cm,,,,,,Sample,COND8292483024,,
08/30/2028,3:19:00 PM,EDT,08/31/2028,7:33:00 AM,EDT,Putnam,McCloud,3,07/19/2028,,1,26.21,uS/cm,,,,,,Sample,COND8292483024,,
09/13/2028,3:45:00 PM,EDT,09/14/2028,8:22:00 AM,EDT,Putnam,McCloud,1,08/21/2028,,1,25.22,uS/cm,,,,,,Sample,COND91320249132024,,
09/13/2028,3:45:00 PM,EDT,09/14/2028,8:22:00 AM,EDT,Putnam,McCloud,2,08/21/2028,,1,24.62,uS/cm,,,,,,Sample,COND91320249132024,,
09/13/2028,3:45:00 PM,EDT,09/14/2028,8:22:00 AM,EDT,Putnam,McCloud,3,08/21/2028,,1,24.34,uS/cm,,,,,,Sample,COND91320249132024,,
10/25/2028,12:02:00 PM,EDT,10/29/2028,11:29:00 AM,EDT,Putnam,McCloud,1,09/19/2028,,1,23.02,uS/cm,,,,,,Sample,COND1024202410282024,,
10/25/2028,12:02:00 PM,EDT,10/29/2028,11:29:00 AM,EDT,Putnam,McCloud,2,09/19/2028,,1,22.95,uS/cm,,,,,,Sample,COND1024202410282024,,
10/25/2028,12:02:00 PM,EDT,10/29/2028,11:29:00 AM,EDT,Putnam,McCloud,3,09/19/2028,,1,22.8,uS/cm,,,,,,Sample,COND1024202410282024,,
11/16/2028,10:25:00 AM,EST,11/16/2028,10:25:00 AM,EST,Putnam,McCloud,1,10/23/2028,,1,23.13,uS/cm,,,,,,Sample,COND11152024,,
11/16/2028,10:25:00 AM,EST,11/16/2028,10:25:00 AM,EST,Putnam,McCloud,2,10/23/2028,,1,23.25,uS/cm,,,,,,Sample,COND11152024,,
11/16/2028,10:25:00 AM,EST,11/16/2028,10:25:00 AM,EST,Putnam,McCloud,3,10/23/2028,,1,23.7,uS/cm,,,,,,Sample,COND11152024,,
11/13/2028,2:36:00 PM,EST,11/15/2028,7:37:00 AM,EST,Putnam,Ocklawaha River_Belchior_Student Project,Reservoir 1,10/23/2028,,1,279.8,uS/cm,,,,,,Sample,COND1112202411142024,,
11/13/2028,2:36:00 PM,EST,11/15/2028,7:37:00 AM,EST,Putnam,Ocklawaha River_Belchior_Student Project,Upstream 1,10/23/2028,,1,287.7,uS/cm,,,,,,Sample,COND1112202411142024,,
11/13/2028,2:36:00 PM,EST,11/15/2028,7:37:00 AM,EST,Putnam,Ocklawaha River_Belchior_Student Project,Upstream 2,10/23/2028,,1,348.8,uS/cm,,,,,,Sample,COND1112202411142024,,
11/13/2028,2:36:00 PM,EST,11/15/2028,7:37:00 AM,EST,Putnam,Ocklawaha River_Belchior_Student Project,Upstream 3,10/23/2028,,1,327.1,uS/cm,,,,,,Sample,COND1112202411142024,,
11/13/2028,2:36:00 PM,EST,11/15/2028,7:37:00 AM,EST,Putnam,Ocklawaha River_Belchior_Student Project,Upstream 4,10/23/2028,,1,273.3,uS/cm,,,,,,Sample,COND1112202411142024,,
08/24/2028,3:00:00 PM,EDT,08/28/2028,3:00:00 PM,EDT,Putnam,Ross,1,06/27/2028,,1,59.2,uS/cm,,,,,,Sample,COND802324082724,,
08/24/2028,3:00:00 PM,EDT,08/28/2028,3:00:00 PM,EDT,Putnam,Ross,2,06/27/2028,,1,58.8,uS/cm,,,,,,Sample,COND802324082724,,
08/24/2028,3:00:00 PM,EDT,08/28/2028,3:00:00 PM,EDT,Putnam,Ross,3,06/27/2028,,1,59.8,uS/cm,,,,,,Sample,COND802324082724,,
08/30/2028,3:19:00 PM,EDT,08/31/2028,7:33:00 AM,EDT,Putnam,Ross,1,07/20/2028,,1,62.2,uS/cm,,,,,,Sample,COND8292483024,,
08/30/2028,3:19:00 PM,EDT,08/31/2028,7:33:00 AM,EDT,Putnam,Ross,2,07/20/2028,,1,61.1,uS/cm,,,,,,Sample,COND8292483024,,
08/30/2028,3:19:00 PM,EDT,08/31/2028,7:33:00 AM,EDT,Putnam,Ross,3,07/20/2028,,1,62.1,uS/cm,,,,,,Sample,COND8292483024,,
09/13/2028,3:45:00 PM,EDT,09/14/2028,8:22:00 AM,EDT,Putnam,Ross,1,08/21/2028,,1,70.4,uS/cm,,,,,,Sample,COND91320249132024,,
09/13/2028,3:45:00 PM,EDT,09/14/2028,8:22:00 AM,EDT,Putnam,Ross,2,08/21/2028,,1,69.3,uS/cm,,,,,,Sample,COND91320249132024,,
09/13/2028,3:45:00 PM,EDT,09/14/2028,8:22:00 AM,EDT,Putnam,Ross,3,08/21/2028,,1,101.3,uS/cm,,,,,,Sample,COND91320249132024,,
10/25/2028,12:02:00 PM,EDT,10/29/2028,11:29:00 AM,EDT,Putnam,Ross,1,09/20/2028,,1,64.1,uS/cm,,,,,,Sample,COND1024202410282024,,
10/25/2028,12:02:00 PM,EDT,10/29/2028,11:29:00 AM,EDT,Putnam,Ross,2,09/20/2028,,1,63.8,uS/cm,,,,,,Sample,COND1024202410282024,,
10/25/2028,12:02:00 PM,EDT,10/29/2028,11:29:00 AM,EDT,Putnam,Ross,3,09/20/2028,,1,64,uS/cm,,,,,,Sample,COND1024202410282024,,
11/16/2028,10:25:00 AM,EST,11/16/2028,10:25:00 AM,EST,Putnam,Ross,1,10/24/2028,,1,59.1,uS/cm,,,,,,Sample,COND11152024,,
11/16/2028,10:25:00 AM,EST,11/16/2028,10:25:00 AM,EST,Putnam,Ross,2,10/24/2028,,1,59.9,uS/cm,,,,,,Sample,COND11152024,,
11/16/2028,10:25:00 AM,EST,11/16/2028,10:25:00 AM,EST,Putnam,Ross,3,10/24/2028,,1,59.2,uS/cm,,,,,,Sample,COND11152024,,
08/24/2028,3:00:00 PM,EDT,08/28/2028,3:00:00 PM,EDT,Putnam,Rowan,1,06/27/2028,,1,44.25,uS/cm,,,,,,Sample,COND802324082724,,
08/24/2028,3:00:00 PM,EDT,08/28/2028,3:00:00 PM,EDT,Putnam,Rowan,2,06/27/2028,,1,43.83,uS/cm,,,,,,Sample,COND802324082724,,
08/24/2028,3:00:00 PM,EDT,08/28/2028,3:00:00 PM,EDT,Putnam,Rowan,3,06/27/2028,,1,45.47,uS/cm,,,,,,Sample,COND802324082724,,
08/30/2028,3:19:00 PM,EDT,08/31/2028,7:33:00 AM,EDT,Putnam,Rowan,1,07/19/2028,,1,46.45,uS/cm,,,,,,Sample,COND8292483024,,
08/30/2028,3:19:00 PM,EDT,08/31/2028,7:33:00 AM,EDT,Putnam,Rowan,2,07/19/2028,,1,47.44,uS/cm,,,,,,Sample,COND8292483024,,
08/30/2028,3:19:00 PM,EDT,08/31/2028,7:33:00 AM,EDT,Putnam,Rowan,3,07/19/2028,,1,47.1,uS/cm,,,,,,Sample,COND8292483024,,
09/13/2028,3:45:00 PM,EDT,09/14/2028,8:22:00 AM,EDT,Putnam,Rowan,1,08/21/2028,,1,43.35,uS/cm,,,,,,Sample,COND91320249132024,,
09/13/2028,3:45:00 PM,EDT,09/14/2028,8:22:00 AM,EDT,Putnam,Rowan,2,08/21/2028,,1,43.21,uS/cm,,,,,,Sample,COND91320249132024,,
09/13/2028,3:45:00 PM,EDT,09/14/2028,8:22:00 AM,EDT,Putnam,Rowan,3,08/21/2028,,1,43.2,uS/cm,,,,,,Sample,COND91320249132024,,
10/25/2028,12:02:00 PM,EDT,10/29/2028,11:29:00 AM,EDT,Putnam,Rowan,1,09/19/2028,,1,40.05,uS/cm,,,,,,Sample,COND1024202410282024,,
10/25/2028,12:02:00 PM,EDT,10/29/2028,11:29:00 AM,EDT,Putnam,Rowan,2,09/19/2028,,1,41.1,uS/cm,,,,,,Sample,COND1024202410282024,,
10/25/2028,12:02:00 PM,EDT,10/29/2028,11:29:00 AM,EDT,Putnam,Rowan,3,09/19/2028,,1,40.9,uS/cm,,,,,,Sample,COND1024202410282024,,
11/16/2028,10:25:00 AM,EST,11/16/2028,10:25:00 AM,EST,Putnam,Rowan,1,10/23/2028,,1,40.98,uS/cm,,,,,,Sample,COND11152024,,
11/16/2028,10:25:00 AM,EST,11/16/2028,10:25:00 AM,EST,Putnam,Rowan,2,10/23/2028,,1,40.82,uS/cm,,,,,,Sample,COND11152024,,
11/16/2028,10:25:00 AM,EST,11/16/2028,10:25:00 AM,EST,Putnam,Rowan,3,10/23/2028,,1,39.86,uS/cm,,,,,,Sample,COND11152024,,
08/24/2028,3:00:00 PM,EDT,08/28/2028,3:00:00 PM,EDT,Putnam,Suggs,1,06/27/2028,,1,54.8,uS/cm,,,,,,Sample,COND802324082724,,
08/24/2028,3:00:00 PM,EDT,08/28/2028,3:00:00 PM,EDT,Putnam,Suggs,2,06/27/2028,,1,54.1,uS/cm,,,,,,Sample,COND802324082724,,
08/24/2028,3:00:00 PM,EDT,08/28/2028,3:00:00 PM,EDT,Putnam,Suggs,3,06/27/2028,,1,58.1,uS/cm,,,,,,Sample,COND802324082724,,
08/30/2028,3:19:00 PM,EDT,08/31/2028,7:33:00 AM,EDT,Putnam,Suggs,1,07/19/2028,,1,60.8,uS/cm,,,,,,Sample,COND8292483024,,
08/30/2028,3:19:00 PM,EDT,08/31/2028,7:33:00 AM,EDT,Putnam,Suggs,2,07/19/2028,,1,60.8,uS/cm,,,,,,Sample,COND8292483024,,
08/30/2028,3:19:00 PM,EDT,08/31/2028,7:33:00 AM,EDT,Putnam,Suggs,3,07/19/2028,,1,60.6,uS/cm,,,,,,Sample,COND8292483024,,
09/13/2028,3:45:00 PM,EDT,09/14/2028,8:22:00 AM,EDT,Putnam,Suggs,1,08/22/2028,,1,58.6,uS/cm,,,,,,Sample,COND91320249132024,,
09/13/2028,3:45:00 PM,EDT,09/14/2028,8:22:00 AM,EDT,Putnam,Suggs,2,08/22/2028,,1,59.9,uS/cm,,,,,,Sample,COND91320249132024,,
09/13/2028,3:45:00 PM,EDT,09/14/2028,8:22:00 AM,EDT,Putnam,Suggs,3,08/22/2028,,1,59.4,uS/cm,,,,,,Sample,COND91320249132024,,
10/25/2028,12:02:00 PM,EDT,10/29/2028,11:29:00 AM,EDT,Putnam,Suggs,1,09/20/2028,,1,55.8,uS/cm,,,,,,Sample,COND1024202410282024,,
10/25/2028,12:02:00 PM,EDT,10/29/2028,11:29:00 AM,EDT,Putnam,Suggs,2,09/20/2028,,1,55.9,uS/cm,,,,,,Sample,COND1024202410282024,,
10/25/2028,12:02:00 PM,EDT,10/29/2028,11:29:00 AM,EDT,Putnam,Suggs,3,09/20/2028,,1,55.4,uS/cm,,,,,,Sample,COND1024202410282024,,
11/16/2028,10:25:00 AM,EST,11/16/2028,10:25:00 AM,EST,Putnam,Suggs,1,10/24/2028,,1,62.3,uS/cm,,,,,,Sample,COND11152024,,
11/16/2028,10:25:00 AM,EST,11/16/2028,10:25:00 AM,EST,Putnam,Suggs,2,10/24/2028,,1,59,uS/cm,,,,,,Sample,COND11152024,,
11/16/2028,10:25:00 AM,EST,11/16/2028,10:25:00 AM,EST,Putnam,Suggs,3,10/24/2028,,1,59.6,uS/cm,,,,,,Sample,COND11152024,,
10/16/2028,10:19:00 AM,EDT,10/18/2028,8:08:00 AM,EDT,Santa Rosa,Ski Watch,1,04/09/2028,,1,53.8,uS/cm,,,Q,Q,,Sample,COND1015202410172024,,
09/14/2028,3:06:00 PM,EDT,09/17/2028,10:17:00 AM,EDT,Sarasota,Awesome,1,04/24/2028,,1,600,uS/cm,,,,,,Sample,COND91320249162024,,
09/14/2028,3:06:00 PM,EDT,09/17/2028,10:17:00 AM,EDT,Sarasota,Center,1,04/19/2028,,1,1432,uS/cm,,,Q,Q,,Sample,COND91320249162024,,
09/14/2028,3:06:00 PM,EDT,09/17/2028,10:17:00 AM,EDT,Sarasota,Cormorant,1,04/14/2028,,1,800,uS/cm,,,Q,Q,,Sample,COND91320249162024,,
09/14/2028,3:06:00 PM,EDT,09/17/2028,10:17:00 AM,EDT,Sarasota,Egret,1,04/14/2028,,1,628,uS/cm,,,Q,Q,,Sample,COND91320249162024,,
09/14/2028,3:06:00 PM,EDT,09/17/2028,10:17:00 AM,EDT,Sarasota,Heron,1,04/14/2028,,1,666,uS/cm,,,Q,Q,,Sample,COND91320249162024,,
09/14/2028,3:06:00 PM,EDT,09/17/2028,10:17:00 AM,EDT,Sarasota,HO6,1,04/10/2028,,1,482.5,uS/cm,,,Q,Q,,Sample,COND91320249162024,,
09/14/2028,3:06:00 PM,EDT,09/17/2028,10:17:00 AM,EDT,Sarasota,Lake 37,1,04/09/2028,,1,378.9,uS/cm,,,Q,Q,,Sample,COND91320249162024,,
09/14/2028,3:06:00 PM,EDT,09/17/2028,10:17:00 AM,EDT,Sarasota,Lake G-20,1,04/09/2028,,1,551,uS/cm,,,Q,Q,,Sample,COND91320249162024,,
09/14/2028,3:06:00 PM,EDT,09/17/2028,10:17:00 AM,EDT,Sarasota,Lake M-9,1,04/09/2028,,1,1062,uS/cm,,,Q,Q,,Sample,COND91320249162024,,
09/14/2028,3:06:00 PM,EDT,09/17/2028,10:17:00 AM,EDT,Sarasota,North,1,04/19/2028,,1,1333,uS/cm,,,Q,Q,,Sample,COND91320249162024,,
09/14/2028,3:06:00 PM,EDT,09/17/2028,10:17:00 AM,EDT,Sarasota,Pelican Cove,1,04/02/2028,,1,46.59,mS/cm,,,Q,Q,,Sample,COND91320249162024,,
09/14/2028,3:06:00 PM,EDT,09/17/2028,10:17:00 AM,EDT,Sarasota,Pinebrook South,1,04/15/2028,,1,813,uS/cm,,,Q,Q,,Sample,COND91320249162024,,
09/14/2028,12:00:00 AM,EDT,09/26/2028,9:57:00 AM,EDT,Sarasota,South,1,04/19/2028,,,1459,uS/cm,,,Q,Q,,Sample,COND08252024,,
11/01/2028,3:08:00 PM,EDT,11/02/2028,8:14:00 AM,EDT,Seminole,Concord,1,07/04/2028,,1,125.8,uS/cm,,,,,,Sample,COND1031202411012024,,
11/01/2028,3:08:00 PM,EDT,11/02/2028,8:14:00 AM,EDT,Seminole,Concord,1,08/01/2028,,1,198.5,uS/cm,,,,,,Sample,COND1031202411012024,,
10/16/2028,10:19:00 AM,EDT,10/18/2028,8:08:00 AM,EDT,Seminole,Cub,1,04/27/2028,,1,253.7,uS/cm,,,Q,Q,,Sample,COND1015202410172024,,
11/01/2028,3:08:00 PM,EDT,11/02/2028,8:14:00 AM,EDT,Seminole,Cub,1,07/31/2028,,1,117.3,uS/cm,,,,,,Sample,COND1031202411012024,,
09/04/2028,10:35:00 AM,EDT,09/06/2028,8:01:00 AM,EDT,Seminole,Jesup North,1,04/14/2028,,1,1009,uS/cm,,,,,,Sample,COND932024952024,,
10/30/2028,9:30:00 AM,EDT,10/30/2028,11:23:00 AM,EDT,Seminole,Mary,1,07/14/2028,,1,102,uS/cm,,,,,,Sample,COND1029202410292024,,
10/30/2028,9:30:00 AM,EDT,10/30/2028,11:23:00 AM,EDT,Seminole,Miami Springs-1,1,08/01/2028,,1,235.4,uS/cm,,,,,,Sample,COND1029202410292024,,
10/30/2028,9:30:00 AM,EDT,10/30/2028,11:23:00 AM,EDT,Seminole,Miami Springs-2,1,08/01/2028,,1,209.9,uS/cm,,,,,,Sample,COND1029202410292024,,
10/30/2028,9:30:00 AM,EDT,10/30/2028,11:23:00 AM,EDT,Seminole,Miami Springs-3,1,08/01/2028,,1,231.4,uS/cm,,,,,,Sample,COND1029202410292024,,
11/01/2028,3:08:00 PM,EDT,11/02/2028,8:14:00 AM,EDT,Seminole,Quail Pond,1,07/03/2028,,1,171.4,uS/cm,,,,,,Sample,COND1031202411012024,,
11/01/2028,3:08:00 PM,EDT,11/02/2028,8:14:00 AM,EDT,Seminole,Quail Pond,1,08/01/2028,,1,214.6,uS/cm,,,,,,Sample,COND1031202411012024,,
11/01/2028,3:08:00 PM,EDT,11/02/2028,8:14:00 AM,EDT,Seminole,Queens Mirror,1,07/07/2028,,1,171.4,uS/cm,,,,,,Sample,COND1031202411012024,,
11/01/2028,3:08:00 PM,EDT,11/02/2028,8:14:00 AM,EDT,Seminole,Rock,1,07/23/2028,,1,162.5,uS/cm,,,,,,Sample,COND1031202411012024,,
11/01/2028,3:08:00 PM,EDT,11/02/2028,8:14:00 AM,EDT,Seminole,Secret,1,07/04/2028,,1,152.5,uS/cm,,,,,,Sample,COND1031202411012024,,
11/01/2028,3:08:00 PM,EDT,11/02/2028,8:14:00 AM,EDT,Seminole,Secret,1,08/01/2028,,1,157.4,uS/cm,,,,,,Sample,COND1031202411012024,,
11/01/2028,3:08:00 PM,EDT,11/02/2028,8:14:00 AM,EDT,Seminole,Silver,1,07/30/2028,,1,211.2,uS/cm,,,,,,Sample,COND1031202411012024,,
11/01/2028,3:08:00 PM,EDT,11/02/2028,8:14:00 AM,EDT,Seminole,Triplet Middle,1,07/03/2028,,1,172.4,uS/cm,,,,,,Sample,COND1031202411012024,,
11/01/2028,3:08:00 PM,EDT,11/02/2028,8:14:00 AM,EDT,Seminole,Triplet Middle,1,08/01/2028,,1,175.9,uS/cm,,,,,,Sample,COND1031202411012024,,
11/01/2028,3:08:00 PM,EDT,11/02/2028,8:14:00 AM,EDT,Seminole,Triplet North,1,07/03/2028,,1,161.3,uS/cm,,,,,,Sample,COND1031202411012024,,
11/01/2028,3:08:00 PM,EDT,11/02/2028,8:14:00 AM,EDT,Seminole,Triplet North,1,08/01/2028,,1,164.5,uS/cm,,,,,,Sample,COND1031202411012024,,
11/01/2028,3:08:00 PM,EDT,11/02/2028,8:14:00 AM,EDT,Seminole,Triplet South,1,07/03/2028,,1,166.7,uS/cm,,,,,,Sample,COND1031202411012024,,
11/01/2028,3:08:00 PM,EDT,11/02/2028,8:14:00 AM,EDT,Seminole,Triplet South,1,08/01/2028,,1,166.5,uS/cm,,,,,,Sample,COND1031202411012024,,
11/01/2028,3:08:00 PM,EDT,11/02/2028,8:14:00 AM,EDT,Seminole,Wekiva,1,07/11/2028,,1,212.9,uS/cm,,,,,,Sample,COND1031202411012024,,
10/25/2028,12:02:00 PM,EDT,10/29/2028,11:29:00 AM,EDT,St Lucie,Phillip,1,07/13/2028,,1,1329,uS/cm,,,,,,Sample,COND1024202410282024,,
10/25/2028,12:02:00 PM,EDT,10/29/2028,11:29:00 AM,EDT,Volusia,Blue Spring-1,1,07/21/2028,,1,1228,uS/cm,,,,,,Sample,COND1024202410282024,,
10/25/2028,12:02:00 PM,EDT,10/29/2028,11:29:00 AM,EDT,Volusia,Blue Spring-2,1,07/21/2028,,1,1313,uS/cm,,,,,,Sample,COND1024202410282024,,
10/25/2028,12:02:00 PM,EDT,10/29/2028,11:29:00 AM,EDT,Volusia,Blue Spring-3,1,07/21/2028,,1,1383,uS/cm,,,,,,Sample,COND1024202410282024,,
10/25/2028,12:02:00 PM,EDT,10/29/2028,11:29:00 AM,EDT,Volusia,Halifax River-1,1,07/17/2028,,1,37.02,mS/cm,,,,,,Sample,COND1024202410282024,,
10/25/2028,12:02:00 PM,EDT,10/29/2028,11:29:00 AM,EDT,Volusia,Halifax River-2,1,07/17/2028,,1,43.16,mS/cm,,,,,,Sample,COND1024202410282024,,
10/25/2028,12:02:00 PM,EDT,10/29/2028,11:29:00 AM,EDT,Volusia,Halifax River-3,1,07/17/2028,,1,42.02,mS/cm,,,,,,Sample,COND1024202410282024,,
10/25/2028,12:02:00 PM,EDT,10/29/2028,11:29:00 AM,EDT,Volusia,Helen,1,07/18/2028,,1,151.3,uS/cm,,,,,,Sample,COND1024202410282024,,
09/04/2028,10:35:00 AM,EDT,09/06/2028,8:01:00 AM,EDT,Volusia,Lindley,1,04/30/2028,,1,140.5,uS/cm,,,,,,Sample,COND932024952024,,
10/25/2028,12:02:00 PM,EDT,10/29/2028,11:29:00 AM,EDT,Volusia,Molly,1,07/16/2028,,1,145.4,uS/cm,,,,,,Sample,COND1024202410282024,,
10/25/2028,12:02:00 PM,EDT,10/29/2028,11:29:00 AM,EDT,Volusia,North Talmadge,1,07/09/2028,,1,132.3,uS/cm,,,,,,Sample,COND1024202410282024,,
09/04/2028,10:35:00 AM,EDT,09/06/2028,8:01:00 AM,EDT,Volusia,Waterford,1,04/19/2028,,1,219.3,uS/cm,,,,,,Sample,COND932024952024,,
10/30/2028,9:30:00 AM,EDT,10/30/2028,11:23:00 AM,EDT,Volusia,Winnemissett,1,07/23/2028,,1,165.2,uS/cm,,,,,,Sample,COND1029202410292024,,
10/16/2028,10:19:00 AM,EDT,10/18/2028,8:08:00 AM,EDT,Wakulla,Wakulla River Middle-1,,04/18/2028,,1,198.5,uS/cm,,,Q,Q,,Sample,COND1015202410172024,,
10/16/2028,10:19:00 AM,EDT,10/18/2028,8:08:00 AM,EDT,Wakulla,Wakulla River Middle-2,1,04/18/2028,,1,168.3,uS/cm,,,Q,Q,,Sample,COND1015202410172024,,
10/16/2028,10:19:00 AM,EDT,10/18/2028,8:08:00 AM,EDT,Wakulla,Wakulla River Middle-3,1,04/18/2028,,1,244.2,uS/cm,,,Q,Q,,Sample,COND1015202410172024,,
10/16/2028,10:19:00 AM,EDT,10/18/2028,8:08:00 AM,EDT,Wakulla,Wakulla River-1,1,04/11/2028,,1,231.3,uS/cm,,,Q,Q,,Sample,COND1015202410172024,,
10/16/2028,10:19:00 AM,EDT,10/18/2028,8:08:00 AM,EDT,Wakulla,Wakulla River-2,1,04/11/2028,,1,263.7,uS/cm,,,Q,Q,,Sample,COND1015202410172024,,
10/16/2028,10:19:00 AM,EDT,10/18/2028,8:08:00 AM,EDT,Wakulla,Wakulla River-3,1,04/11/2028,,1,232.4,uS/cm,,,Q,Q,,Sample,COND1015202410172024,,
09/14/2028,3:06:00 PM,EDT,09/17/2028,10:17:00 AM,EDT,Walton,Allen,1,07/15/2028,,1,98.3,uS/cm,,,,,,Sample,COND91320249162024,,
09/14/2028,3:06:00 PM,EDT,09/17/2028,10:17:00 AM,EDT,Walton,Alligator,1,07/30/2028,,1,10.49,mS/cm,,,,,,Sample,COND91320249162024,,
09/14/2028,12:00:00 AM,EDT,09/26/2028,9:57:00 AM,EDT,Walton,Big Red Fish,1,07/19/2028,,,25.14,mS/cm,,,,,,Sample,COND08252024,,
09/14/2028,12:00:00 AM,EDT,09/26/2028,9:57:00 AM,EDT,Walton,Camp Creek,1,07/12/2028,,,14.79,mS/cm,,,,,,Sample,COND08252024,,
09/14/2028,12:00:00 AM,EDT,09/26/2028,9:57:00 AM,EDT,Walton,Campbell,1,07/12/2028,,,84.9,uS/cm,,,,,,Sample,COND08252024,,
01/02/2008,12:00:00 AM,0,09/25/2028,8:30:00 AM,EDT,Walton,CBA Destin-5,1,08/01/2028,,,26.83,mS/cm,,,,,,Sample,COND0924202409242024,,
01/02/2008,12:00:00 AM,0,09/25/2028,8:30:00 AM,EDT,Walton,CBA Destin-8,1,08/01/2028,,,20.59,mS/cm,,,,,,Sample,COND0924202409242024,,
01/02/2008,12:00:00 AM,0,09/25/2028,8:30:00 AM,EDT,Walton,CBA Freeport-1,1,07/23/2028,,,1561,uS/cm,,,,,,Sample,COND0924202409242024,,
01/02/2008,12:00:00 AM,0,09/25/2028,8:30:00 AM,EDT,Walton,CBA Freeport-10,1,07/22/2028,,,13.75,mS/cm,,,,,,Sample,COND0924202409242024,,
01/02/2008,12:00:00 AM,0,09/25/2028,8:30:00 AM,EDT,Walton,CBA Freeport-2,1,07/23/2028,,,9.09,mS/cm,,,,,,Sample,COND0924202409242024,,
01/02/2008,12:00:00 AM,0,09/25/2028,8:30:00 AM,EDT,Walton,CBA Freeport-3,1,07/23/2028,,,7.77,mS/cm,,,,,,Sample,COND0924202409242024,,
01/02/2008,12:00:00 AM,0,09/25/2028,8:30:00 AM,EDT,Walton,CBA Freeport-4,1,07/23/2028,,,9.63,mS/cm,,,,,,Sample,COND0924202409242024,,
01/02/2008,12:00:00 AM,0,09/25/2028,8:30:00 AM,EDT,Walton,CBA Freeport-5,1,07/23/2028,,,13.11,mS/cm,,,,,,Sample,COND0924202409242024,,
01/02/2008,12:00:00 AM,0,09/25/2028,8:30:00 AM,EDT,Walton,CBA Freeport-6,1,07/06/2028,,,13.22,mS/cm,,,,,,Sample,COND0924202409242024,,
01/02/2008,12:00:00 AM,0,09/25/2028,8:30:00 AM,EDT,Walton,CBA Freeport-7,1,07/22/2028,,,6.23,mS/cm,,,,,,Sample,COND0924202409242024,,
01/02/2008,12:00:00 AM,0,09/25/2028,8:30:00 AM,EDT,Walton,CBA Freeport-8,1,07/06/2028,,,2779,uS/cm,,,,,,Sample,COND0924202409242024,,
01/02/2008,12:00:00 AM,0,09/25/2028,8:30:00 AM,EDT,Walton,CBA Freeport-9,1,07/22/2028,,,3131,uS/cm,,,,,,Sample,COND0924202409242024,,
09/14/2028,3:06:00 PM,EDT,09/17/2028,10:17:00 AM,EDT,Walton,CBA River-3,1,07/13/2028,,1,108.6,uS/cm,,,,,,Sample,COND91320249162024,,
09/14/2028,12:00:00 AM,EDT,09/26/2028,9:57:00 AM,EDT,Walton,CBA Santa Rosa Beach-1,1,07/13/2028,,,27.34,mS/cm,,,,,,Sample,COND08252024,,
09/14/2028,12:00:00 AM,EDT,09/26/2028,9:57:00 AM,EDT,Walton,CBA Santa Rosa Beach-10,1,07/30/2028,,,513,uS/cm,,,,,,Sample,COND08252024,,
09/14/2028,12:00:00 AM,EDT,09/26/2028,9:57:00 AM,EDT,Walton,CBA Santa Rosa Beach-2,1,07/13/2028,,,30.12,mS/cm,,,,,,Sample,COND08252024,,
09/14/2028,12:00:00 AM,EDT,09/26/2028,9:57:00 AM,EDT,Walton,CBA Santa Rosa Beach-3,1,07/13/2028,,,30.51,mS/cm,,,,,,Sample,COND08252024,,
09/14/2028,12:00:00 AM,EDT,09/26/2028,9:57:00 AM,EDT,Walton,CBA Santa Rosa Beach-4,1,07/13/2028,,,26.61,mS/cm,,,,,,Sample,COND08252024,,
09/14/2028,12:00:00 AM,EDT,09/26/2028,9:57:00 AM,EDT,Walton,CBA Santa Rosa Beach-5,1,07/13/2028,,,24.7,mS/cm,,,,,,Sample,COND08252024,,
09/14/2028,12:00:00 AM,EDT,09/26/2028,9:57:00 AM,EDT,Walton,CBA Santa Rosa Beach-6,1,07/13/2028,,,25.86,mS/cm,,,,,,Sample,COND08252024,,
09/14/2028,12:00:00 AM,EDT,09/26/2028,9:57:00 AM,EDT,Walton,CBA Santa Rosa Beach-7,1,07/13/2028,,,27.79,mS/cm,,,,,,Sample,COND08252024,,
09/14/2028,12:00:00 AM,EDT,09/26/2028,9:57:00 AM,EDT,Walton,CBA Santa Rosa Beach-8,1,07/13/2028,,,24.12,mS/cm,,,,,,Sample,COND08252024,,
09/14/2028,12:00:00 AM,EDT,09/26/2028,9:57:00 AM,EDT,Walton,CBA Santa Rosa Beach-9,1,07/30/2028,,,452.9,uS/cm,,,,,,Sample,COND08252024,,
09/14/2028,12:00:00 AM,EDT,09/26/2028,9:57:00 AM,EDT,Walton,Deer,1,08/01/2028,,,18.44,mS/cm,,,,,,Sample,COND08252024,,
09/14/2028,3:06:00 PM,EDT,09/17/2028,10:17:00 AM,EDT,Walton,Draper,1,07/31/2028,,1,18.74,mS/cm,,,,,,Sample,COND91320249162024,,
09/14/2028,12:00:00 AM,EDT,09/26/2028,9:57:00 AM,EDT,Walton,Eastern,1,07/15/2028,,,21.69,mS/cm,,,,,,Sample,COND08252024,,
09/14/2028,12:00:00 AM,EDT,09/26/2028,9:57:00 AM,EDT,Walton,Eastern North,1,07/14/2028,,,25.19,mS/cm,,,,,,Sample,COND08252024,,
09/14/2028,3:06:00 PM,EDT,09/17/2028,10:17:00 AM,EDT,Walton,Grayton,1,07/16/2028,,1,30.41,mS/cm,,,,,,Sample,COND91320249162024,,
09/14/2028,12:00:00 AM,EDT,09/26/2028,9:57:00 AM,EDT,Walton,Little Red Fish,2,07/04/2028,,,37.08,mS/cm,,,,,,Sample,COND08252024,,
09/14/2028,12:00:00 AM,EDT,09/26/2028,9:57:00 AM,EDT,Walton,Morris,1,07/12/2028,,,93.8,uS/cm,,,,,,Sample,COND08252024,,
09/14/2028,12:00:00 AM,EDT,09/26/2028,9:57:00 AM,EDT,Walton,Oyster,1,07/09/2028,,,21.83,mS/cm,,,,,,Sample,COND08252024,,
10/16/2028,10:19:00 AM,EDT,10/18/2028,8:08:00 AM,EDT,Walton,Powell,1,07/11/2028,,1,28.45,mS/cm,,,,,,Sample,COND1015202410172024,,
10/16/2028,10:19:00 AM,EDT,10/18/2028,8:08:00 AM,EDT,Walton,Spring,1,07/22/2028,,1,22.48,uS/cm,,,,,,Sample,COND1015202410172024,,
09/14/2028,12:00:00 AM,EDT,09/26/2028,9:57:00 AM,EDT,Walton,Stallworth,1,07/16/2028,,,18.3,mS/cm,,,,,,Sample,COND08252024,,
09/14/2028,12:00:00 AM,EDT,09/26/2028,9:57:00 AM,EDT,Walton,Tresca,1,07/04/2028,,,189.2,uS/cm,,,,,,Sample,COND08252024,,
09/14/2028,12:00:00 AM,EDT,09/26/2028,9:57:00 AM,EDT,Walton,Western,1,07/04/2028,,,16.56,mS/cm,,,,,,Sample,COND08252024,,
09/14/2028,12:00:00 AM,EDT,09/26/2028,9:57:00 AM,EDT,Walton,Western,1,08/01/2028,,,23.22,mS/cm,,,,,,Sample,COND08252024,,
09/14/2028,12:00:00 AM,EDT,09/26/2028,9:57:00 AM,EDT,Walton,Western Northeast,1,04/27/2028,,,14.31,mS/cm,,,Q,Q,,Sample,COND08252024,,
10/16/2028,10:19:00 AM,EDT,10/18/2028,8:08:00 AM,EDT,Walton,Western Northeast,1,07/28/2028,,1,18.19,mS/cm,,,,,,Sample,COND1015202410172024,,
09/14/2028,3:06:00 PM,EDT,09/17/2028,10:17:00 AM,EDT,Washington,CBA Holmes Creek-1,1,07/19/2028,,1,93.5,uS/cm,,,,,,Sample,COND91320249162024,,
09/14/2028,3:06:00 PM,EDT,09/17/2028,10:17:00 AM,EDT,Washington,CBA Holmes Creek-2,1,07/19/2028,,1,95.2,uS/cm,,,,,,Sample,COND91320249162024,,
09/14/2028,3:06:00 PM,EDT,09/17/2028,10:17:00 AM,EDT,Washington,CBA Holmes Creek-3,1,07/19/2028,,1,125.7,uS/cm,,,,,,Sample,COND91320249162024,,
