Preparation_Date,Preparation_Time,Preparation_Time_Zone,Analysis_Date,Analysis_Time,Analysis_Time_Zone,County,Lake,Station,Activity_Start_Date,Tube_Number,Dilution,Org_Result_Value,Org_Result_Unit,Result_Comments,QAQC_Qualifier,WIN_Value_Qualifier,Holding_Qualifier,MDL_PQL_Qualifier,Data_Category,Run_ID,Study,Comments
11/17/25,11:02:00 AM,EST,11/18/25,8:06:00 AM,EST,,,MBLK1,,,1,1,uS/cm,,,,,,QAQC,COND1117202511182025,,
11/17/25,11:02:00 AM,EST,11/18/25,8:06:00 AM,EST,Alachua,Wauberg,1,10/12/25,,1,99,uS/cm,,,,,,Sample,COND1117202511182025,,
11/17/25,11:02:00 AM,EST,11/18/25,8:06:00 AM,EST,Citrus,Crystal River-1,1,7/14/25,,1,11,mS/cm,,,,,,Sample,COND1117202511182025,,
11/17/25,11:02:00 AM,EST,11/18/25,8:06:00 AM,EST,Citrus,Crystal River-6,1,7/19/25,,1,4494,uS/cm,,,,,,Sample,COND1117202511182025,,
11/17/25,11:02:00 AM,EST,11/18/25,8:06:00 AM,EST,Citrus,Crystal River-7,1,7/14/25,,1,11,mS/cm,,,,,,Sample,COND1117202511182025,,
11/17/25,11:02:00 AM,EST,11/18/25,8:06:00 AM,EST,Clay,Asbury North,1,7/28/25,,1,153,uS/cm,,,,,,Sample,COND1117202511182025,,
11/17/25,11:02:00 AM,EST,11/18/25,8:06:00 AM,EST,Clay,Fox Valley,1,7/12/25,,1,113,uS/cm,,,,,,Sample,COND1117202511182025,,
11/17/25,11:02:00 AM,EST,11/18/25,8:06:00 AM,EST,Hernando,Hernando Beach-1,1,7/23/25,,1,35,mS/cm,,,,,,Sample,COND1117202511182025,,
11/17/25,11:02:00 AM,EST,11/18/25,8:06:00 AM,EST,Hernando,Hernando Beach-3,1,7/23/25,,1,28,mS/cm,,,,,,Sample,COND1117202511182025,,
11/17/25,11:02:00 AM,EST,11/18/25,8:06:00 AM,EST,Hernando,Hernando Beach-4,1,7/23/25,,1,18,mS/cm,,,,,,Sample,COND1117202511182025,,
11/17/25,11:02:00 AM,EST,11/18/25,8:06:00 AM,EST,Hernando,Hernando Beach-5,1,7/23/25,,1,34,mS/cm,,,,,,Sample,COND1117202511182025,,
11/17/25,11:02:00 AM,EST,11/18/25,8:06:00 AM,EST,Hernando,Hernando Beach-6,1,7/23/25,,1,20,mS/cm,,,,,,Sample,COND1117202511182025,,
11/17/25,11:02:00 AM,EST,11/18/25,8:06:00 AM,EST,Hernando,Hernando Beach-1,1,10/8/25,,1,25,mS/cm,,,,,,Sample,COND1117202511182025,,
11/17/25,11:02:00 AM,EST,11/18/25,8:06:00 AM,EST,Hernando,Hernando Beach-3,1,10/8/25,,1,34,mS/cm,,,,,,Sample,COND1117202511182025,,
11/17/25,11:02:00 AM,EST,11/18/25,8:06:00 AM,EST,Hernando,Hernando Beach-5,1,10/8/25,,1,24,mS/cm,,,,,,Sample,COND1117202511182025,,
11/17/25,11:02:00 AM,EST,11/18/25,8:06:00 AM,EST,Hernando,Hernando Beach-6,1,10/8/25,,1,31,mS/cm,,,,,,Sample,COND1117202511182025,,
11/17/25,11:02:00 AM,EST,11/18/25,8:06:00 AM,EST,Hernando,Mountain,1,7/27/25,,1,97,uS/cm,,,,,,Sample,COND1117202511182025,,
11/17/25,11:02:00 AM,EST,11/18/25,8:06:00 AM,EST,Highlands,Clay,1,7/24/25,,1,163,uS/cm,,,,,,Sample,COND1117202511182025,,
11/17/25,11:02:00 AM,EST,11/18/25,8:06:00 AM,EST,Highlands,Jackson,1,7/14/25,,1,140,uS/cm,,,,,,Sample,COND1117202511182025,,
11/17/25,11:02:00 AM,EST,11/18/25,8:06:00 AM,EST,Hillsborough,Armistead,1,7/29/25,,1,234,uS/cm,,,,,,Sample,COND1117202511182025,,
11/17/25,11:02:00 AM,EST,11/18/25,8:06:00 AM,EST,Hillsborough,Armistead,DUP1,7/29/25,,1,234,uS/cm,,,,,,QAQC,COND1117202511182025,,
11/17/25,11:02:00 AM,EST,11/18/25,8:06:00 AM,EST,,,ALTQC1,,,1,451,uS/cm,,,,,,QAQC,COND1117202511182025,,
11/17/25,11:02:00 AM,EST,11/18/25,8:06:00 AM,EST,,,CCV1,,,1,987,uS/cm,,,,,,QAQC,COND1117202511182025,,
11/17/25,11:02:00 AM,EST,11/18/25,8:06:00 AM,EST,,,MBLK2,,,1,1,uS/cm,,,,,,QAQC,COND1117202511182025,,
11/17/25,11:02:00 AM,EST,11/18/25,8:06:00 AM,EST,Hillsborough,Island Ford,1,10/1/25,,1,141,uS/cm,,,,,,Sample,COND1117202511182025,,
11/17/25,11:02:00 AM,EST,11/18/25,8:06:00 AM,EST,Lake,Bear,1,10/1/25,,1,78,uS/cm,,,,,,Sample,COND1117202511182025,,
11/17/25,11:02:00 AM,EST,11/18/25,8:06:00 AM,EST,Lake,Louisa,1,10/1/25,,1,71,uS/cm,,,,,,Sample,COND1117202511182025,,
11/17/25,11:02:00 AM,EST,11/18/25,8:06:00 AM,EST,Orange,Hickorynut,1,7/27/25,,1,180,uS/cm,,,,,,Sample,COND1117202511182025,,
11/17/25,11:02:00 AM,EST,11/18/25,8:06:00 AM,EST,Orange,Hickorynut South,1,7/27/25,,1,171,uS/cm,,,,,,Sample,COND1117202511182025,,
11/17/25,11:02:00 AM,EST,11/18/25,8:06:00 AM,EST,Orange,Ola,1,7/17/25,,1,200,uS/cm,,,,,,Sample,COND1117202511182025,,
11/17/25,11:02:00 AM,EST,11/18/25,8:06:00 AM,EST,Pasco,Ann,1,10/2/25,,1,234,uS/cm,,,,,,Sample,COND1117202511182025,,
11/17/25,11:02:00 AM,EST,11/18/25,8:06:00 AM,EST,Pinellas,Bellevue,1,10/16/25,,1,259,uS/cm,,,,,,Sample,COND1117202511182025,,
11/17/25,11:02:00 AM,EST,11/18/25,8:06:00 AM,EST,Pinellas,Meadow West,1,7/24/25,,1,449,uS/cm,,,,,,Sample,COND1117202511182025,,
11/17/25,11:02:00 AM,EST,11/18/25,8:06:00 AM,EST,Pinellas,Saundra,1,10/2/25,,1,789,uS/cm,,,,,,Sample,COND1117202511182025,,
11/17/25,11:02:00 AM,EST,11/18/25,8:06:00 AM,EST,Pinellas,Seminole,1,10/6/25,,1,1014,uS/cm,,,,,,Sample,COND1117202511182025,,
11/17/25,11:02:00 AM,EST,11/18/25,8:06:00 AM,EST,Pinellas,Winston,1,7/20/25,,1,7,mS/cm,,,,,,Sample,COND1117202511182025,,
11/17/25,11:02:00 AM,EST,11/18/25,8:06:00 AM,EST,Putnam,Anderson Cue,1,10/7/25,,1,32,uS/cm,,,,,,Sample,COND1117202511182025,,
11/17/25,11:02:00 AM,EST,11/18/25,8:06:00 AM,EST,Putnam,Anderson Cue,2,10/7/25,,1,34,uS/cm,,,,,,Sample,COND1117202511182025,,
11/17/25,11:02:00 AM,EST,11/18/25,8:06:00 AM,EST,Putnam,Anderson Cue,3,10/7/25,,1,32,uS/cm,,,,,,Sample,COND1117202511182025,,
11/17/25,11:02:00 AM,EST,11/18/25,8:06:00 AM,EST,Putnam,Barco,1,10/7/25,,1,30,uS/cm,,,,,,Sample,COND1117202511182025,,
11/17/25,11:02:00 AM,EST,11/18/25,8:06:00 AM,EST,Putnam,Barco,2,10/7/25,,1,25,uS/cm,,,,,,Sample,COND1117202511182025,,
11/17/25,11:02:00 AM,EST,11/18/25,8:06:00 AM,EST,Putnam,Barco,3,10/7/25,,1,30,uS/cm,,,,,,Sample,COND1117202511182025,,
11/17/25,11:02:00 AM,EST,11/18/25,8:06:00 AM,EST,Putnam,Blue,1,10/5/25,,1,30,uS/cm,,,,,,Sample,COND1117202511182025,,
11/17/25,11:02:00 AM,EST,11/18/25,8:06:00 AM,EST,Putnam,Blue,DUP2,10/5/25,,1,30,uS/cm,,,,,,QAQC,COND1117202511182025,,
11/17/25,11:02:00 AM,EST,11/18/25,8:06:00 AM,EST,,,ALTQC2,,,1,448,uS/cm,,,,,,QAQC,COND1117202511182025,,
11/17/25,11:02:00 AM,EST,11/18/25,8:06:00 AM,EST,,,CCV2,,,1,967,uS/cm,,,,,,QAQC,COND1117202511182025,,
11/17/25,11:02:00 AM,EST,11/18/25,8:06:00 AM,EST,,,MBLK3,,,1,1,uS/cm,,,,,,QAQC,COND1117202511182025,,
11/17/25,11:02:00 AM,EST,11/18/25,8:06:00 AM,EST,Putnam,Enslow,1,10/7/25,,1,21,uS/cm,,,,,,Sample,COND1117202511182025,,
11/17/25,11:02:00 AM,EST,11/18/25,8:06:00 AM,EST,Putnam,Enslow,2,10/7/25,,1,21,uS/cm,,,,,,Sample,COND1117202511182025,,
11/17/25,11:02:00 AM,EST,11/18/25,8:06:00 AM,EST,Putnam,Enslow,3,10/7/25,,1,22,uS/cm,,,,,,Sample,COND1117202511182025,,
11/17/25,11:02:00 AM,EST,11/18/25,8:06:00 AM,EST,Putnam,Fanny,1,10/11/25,,1,60,uS/cm,,,,,,Sample,COND1117202511182025,,
11/17/25,11:02:00 AM,EST,11/18/25,8:06:00 AM,EST,Putnam,Goose,1,10/8/25,,1,62,uS/cm,,,,,,Sample,COND1117202511182025,,
11/17/25,11:02:00 AM,EST,11/18/25,8:06:00 AM,EST,Putnam,Goose,2,10/8/25,,1,62,uS/cm,,,,,,Sample,COND1117202511182025,,
11/17/25,11:02:00 AM,EST,11/18/25,8:06:00 AM,EST,Putnam,Goose,3,10/8/25,,1,63,uS/cm,,,,,,Sample,COND1117202511182025,,
11/17/25,11:02:00 AM,EST,11/18/25,8:06:00 AM,EST,Putnam,McCloud,1,10/7/25,,1,28,uS/cm,,,,,,Sample,COND1117202511182025,,
11/17/25,11:02:00 AM,EST,11/18/25,8:06:00 AM,EST,Putnam,McCloud,2,10/7/25,,1,29,uS/cm,,,,,,Sample,COND1117202511182025,,
11/17/25,11:02:00 AM,EST,11/18/25,8:06:00 AM,EST,Putnam,McCloud,3,10/7/25,,1,29,uS/cm,,,,,,Sample,COND1117202511182025,,
11/17/25,11:02:00 AM,EST,11/18/25,8:06:00 AM,EST,Putnam,Ross,1,10/8/25,,1,65,uS/cm,,,,,,Sample,COND1117202511182025,,
11/17/25,11:02:00 AM,EST,11/18/25,8:06:00 AM,EST,Putnam,Ross,2,10/8/25,,1,72,uS/cm,,,,,,Sample,COND1117202511182025,,
11/17/25,11:02:00 AM,EST,11/18/25,8:06:00 AM,EST,Putnam,Ross,3,10/8/25,,1,65,uS/cm,,,,,,Sample,COND1117202511182025,,
11/17/25,11:02:00 AM,EST,11/18/25,8:06:00 AM,EST,Putnam,Rowan,1,10/7/25,,1,43,uS/cm,,,,,,Sample,COND1117202511182025,,
11/17/25,11:02:00 AM,EST,11/18/25,8:06:00 AM,EST,Putnam,Rowan,2,10/7/25,,1,44,uS/cm,,,,,,Sample,COND1117202511182025,,
11/17/25,11:02:00 AM,EST,11/18/25,8:06:00 AM,EST,Putnam,Rowan,3,10/7/25,,1,43,uS/cm,,,,,,Sample,COND1117202511182025,,
11/17/25,11:02:00 AM,EST,11/18/25,8:06:00 AM,EST,Putnam,Suggs,1,10/8/25,,1,70,uS/cm,,,,,,Sample,COND1117202511182025,,
11/17/25,11:02:00 AM,EST,11/18/25,8:06:00 AM,EST,Putnam,Suggs,2,10/8/25,,1,70,uS/cm,,,,,,Sample,COND1117202511182025,,
11/17/25,11:02:00 AM,EST,11/18/25,8:06:00 AM,EST,Putnam,Suggs,3,10/8/25,,1,70,uS/cm,,,,,,Sample,COND1117202511182025,,
11/17/25,11:02:00 AM,EST,11/18/25,8:06:00 AM,EST,Putnam,Suggs,DUP3,10/8/25,,1,70,uS/cm,,,,,,QAQC,COND1117202511182025,,
11/17/25,11:02:00 AM,EST,11/18/25,8:06:00 AM,EST,,,ALTQC3,,,1,441,uS/cm,,,Q,Q,,QAQC,COND1117202511182025,,
11/17/25,11:02:00 AM,EST,11/18/25,8:06:00 AM,EST,,,CCV3,,,1,955,uS/cm,,,Q,Q,,QAQC,COND1117202511182025,,
11/17/25,11:02:00 AM,EST,11/18/25,8:06:00 AM,EST,,,MBLK4,,,,,uS/cm,,V,Q,Q,,QAQC,COND1117202511182025,,
11/17/25,11:02:00 AM,EST,11/18/25,8:06:00 AM,EST,,,DUP4,,,,,uS/cm,,,Q,Q,,QAQC,COND1117202511182025,,
11/17/25,11:02:00 AM,EST,11/18/25,8:06:00 AM,EST,,,ALTQC4,,,,,uS/cm,,J,Q,Q,,QAQC,COND1117202511182025,,
11/17/25,11:02:00 AM,EST,11/18/25,8:06:00 AM,EST,,,CCV4,,,,,uS/cm,,J,Q,Q,,QAQC,COND1117202511182025,,
11/17/25,11:02:00 AM,EST,11/18/25,8:06:00 AM,EST,,,MBLK5,,,,,uS/cm,,V,Q,Q,,QAQC,COND1117202511182025,,
11/17/25,11:02:00 AM,EST,11/18/25,8:06:00 AM,EST,,,DUP5,,,,,uS/cm,,,Q,Q,,QAQC,COND1117202511182025,,
11/17/25,11:02:00 AM,EST,11/18/25,8:06:00 AM,EST,,,ALTQC5,,,,,uS/cm,,J,Q,Q,,QAQC,COND1117202511182025,,
11/17/25,11:02:00 AM,EST,11/18/25,8:06:00 AM,EST,,,CCV5,,,,,uS/cm,,J,Q,Q,,QAQC,COND1117202511182025,,
10/14/25,3:40:00 PM,EST,10/15/25,8:08:59 AM,EST,,,MBLK1,,,1,,uS/cm,,,Q,Q,,QAQC,COND1014202510152025,Student Project,
10/14/25,3:40:00 PM,EST,10/15/25,8:08:59 AM,EST,Marion,Downstream Fall_Belchior_Student,1,8/13/25,,1,,uS/cm,,,Q,Q,,Sample,COND1014202510152025,Student Project,
10/14/25,3:40:00 PM,EST,10/15/25,8:08:59 AM,EST,Marion,Downstream Fall_Belchior_Student,2,8/13/25,,1,,uS/cm,,,Q,Q,,Sample,COND1014202510152025,Student Project,
10/14/25,3:40:00 PM,EST,10/15/25,8:08:59 AM,EST,Marion,Downstream Spring_Belchior_Student,1,4/29/25,,1,,uS/cm,,,Q,Q,,Sample,COND1014202510152025,Student Project,
10/14/25,3:40:00 PM,EST,10/15/25,8:08:59 AM,EST,Marion,Downstream Spring_Belchior_Student,2,4/29/25,,1,,uS/cm,,,Q,Q,,Sample,COND1014202510152025,Student Project,
10/14/25,3:40:00 PM,EST,10/15/25,8:08:59 AM,EST,Marion,Downstream Spring_Belchior_Student,3,4/30/25,,1,,uS/cm,,,Q,Q,,Sample,COND1014202510152025,Student Project,
10/14/25,3:40:00 PM,EST,10/15/25,8:08:59 AM,EST,Marion,Downstream Spring_Belchior_Student,4,4/30/25,,1,,uS/cm,,,Q,Q,,Sample,COND1014202510152025,Student Project,
10/14/25,3:40:00 PM,EST,10/15/25,8:08:59 AM,EST,Marion,Downstream Spring_Belchior_Student,5,4/30/25,,1,,uS/cm,,,Q,Q,,Sample,COND1014202510152025,Student Project,
10/14/25,3:40:00 PM,EST,10/15/25,8:08:59 AM,EST,Marion,Downstream Spring_Belchior_Student,6,4/30/25,,1,,uS/cm,,,Q,Q,,Sample,COND1014202510152025,Student Project,
10/14/25,3:40:00 PM,EST,10/15/25,8:08:59 AM,EST,Marion,Upstream Fall_Belchior_Student,1,8/13/25,,1,,uS/cm,,,,,,Sample,COND1014202510152025,Student Project,
10/14/25,3:40:00 PM,EST,10/15/25,8:08:59 AM,EST,Marion,Upstream Fall_Belchior_Student,2,8/13/25,,1,,uS/cm,,,,,,Sample,COND1014202510152025,Student Project,
10/14/25,3:40:00 PM,EST,10/15/25,8:08:59 AM,EST,Marion,Upstream Fall_Belchior_Student,3,8/13/25,,1,,uS/cm,,,,,,Sample,COND1014202510152025,Student Project,
10/14/25,3:40:00 PM,EST,10/15/25,8:08:59 AM,EST,Marion,Upstream Fall_Belchior_Student,4,8/13/25,,1,,uS/cm,,,,,,Sample,COND1014202510152025,Student Project,
10/14/25,3:40:00 PM,EST,10/15/25,8:08:59 AM,EST,Marion,Upstream Spring_Belchior_Student,1,4/29/25,,1,,uS/cm,,,Q,Q,,Sample,COND1014202510152025,Student Project,
10/14/25,3:40:00 PM,EST,10/15/25,8:08:59 AM,EST,Marion,Upstream Spring_Belchior_Student,2,4/29/25,,1,,uS/cm,,,Q,Q,,Sample,COND1014202510152025,Student Project,
10/14/25,3:40:00 PM,EST,10/15/25,8:08:59 AM,EST,Marion,Upstream Spring_Belchior_Student,3,4/29/25,,1,,uS/cm,,,Q,Q,,Sample,COND1014202510152025,Student Project,
10/14/25,3:40:00 PM,EST,10/15/25,8:08:59 AM,EST,Marion,Upstream Spring_Belchior_Student,4,4/29/25,,1,,uS/cm,,,Q,Q,,Sample,COND1014202510152025,Student Project,
10/14/25,3:40:00 PM,EST,10/15/25,8:08:59 AM,EST,Marion,Ponar Fall_Belchior_Student,1,8/13/25,,1,,uS/cm,,,,,,Sample,COND1014202510152025,Student Project,
10/14/25,3:40:00 PM,EST,10/15/25,8:08:59 AM,EST,Marion,Ponar Fall_Belchior_Student,2,8/13/25,,1,,uS/cm,,,,,,Sample,COND1014202510152025,Student Project,
10/14/25,3:40:00 PM,EST,10/15/25,8:08:59 AM,EST,Marion,Ponar Fall_Belchior_Student,3,8/13/25,,1,,uS/cm,,,,,,Sample,COND1014202510152025,Student Project,
10/14/25,3:40:00 PM,EST,10/15/25,8:08:59 AM,EST,Marion,Ponar Fall_Belchior_Student,DUP1,8/13/25,,1,,uS/cm,,,,,,QAQC,COND1014202510152025,Student Project,
10/14/25,3:40:00 PM,EST,10/15/25,8:08:59 AM,EST,,,ALTQC1,,,1,,uS/cm,,,Q,Q,,QAQC,COND1014202510152025,Student Project,
10/14/25,3:40:00 PM,EST,10/15/25,8:08:59 AM,EST,,,CCV1,,,1,,uS/cm,,,Q,Q,,QAQC,COND1014202510152025,Student Project,
10/14/25,3:40:00 PM,EST,10/15/25,8:08:59 AM,EST,,,MBLK2,,,1,,uS/cm,,,Q,Q,,QAQC,COND1014202510152025,Student Project,
10/14/25,3:40:00 PM,EST,10/15/25,8:08:59 AM,EST,Marion,Ponar Spring_Belchior_Student,1,4/29/25,,1,,uS/cm,,,Q,Q,,Sample,COND1014202510152025,Student Project,
10/14/25,3:40:00 PM,EST,10/15/25,8:08:59 AM,EST,Marion,Ponar Spring_Belchior_Student,2,4/29/25,,1,,uS/cm,,,Q,Q,,Sample,COND1014202510152025,Student Project,
10/14/25,3:40:00 PM,EST,10/15/25,8:08:59 AM,EST,Marion,Ponar Spring_Belchior_Student,3,4/29/25,,1,,uS/cm,,,Q,Q,,Sample,COND1014202510152025,Student Project,
10/14/25,3:40:00 PM,EST,10/15/25,8:08:59 AM,EST,Marion,Canal Fall_Belchior_Student,1,8/12/25,,1,,uS/cm,,,,,,Sample,COND1014202510152025,Student Project,
10/14/25,3:40:00 PM,EST,10/15/25,8:08:59 AM,EST,Marion,Canal Fall_Belchior_Student,2,8/12/25,,1,,uS/cm,,,,,,Sample,COND1014202510152025,Student Project,
10/14/25,3:40:00 PM,EST,10/15/25,8:08:59 AM,EST,Marion,Canal Fall_Belchior_Student,3,8/12/25,,1,,uS/cm,,,,,,Sample,COND1014202510152025,Student Project,
10/14/25,3:40:00 PM,EST,10/15/25,8:08:59 AM,EST,Marion,Canal Spring_Belchior_Student,1,4/30/25,,1,,uS/cm,,,Q,Q,,Sample,COND1014202510152025,Student Project,
10/14/25,3:40:00 PM,EST,10/15/25,8:08:59 AM,EST,Marion,Canal Spring_Belchior_Student,2,4/30/25,,1,,uS/cm,,,Q,Q,,Sample,COND1014202510152025,Student Project,
10/14/25,3:40:00 PM,EST,10/15/25,8:08:59 AM,EST,Marion,Canal Spring_Belchior_Student,3,4/30/25,,1,,uS/cm,,,Q,Q,,Sample,COND1014202510152025,Student Project,
10/14/25,3:40:00 PM,EST,10/15/25,8:08:59 AM,EST,Marion,Reservoir Fall_Belchior_Student,1,8/13/25,,1,,uS/cm,,,,,,Sample,COND1014202510152025,Student Project,
10/14/25,3:40:00 PM,EST,10/15/25,8:08:59 AM,EST,Marion,Reservoir Fall_Belchior_Student,2,8/13/25,,1,,uS/cm,,,,,,Sample,COND1014202510152025,Student Project,
10/14/25,3:40:00 PM,EST,10/15/25,8:08:59 AM,EST,Marion,Reservoir Fall_Belchior_Student,3,8/13/25,,1,,uS/cm,,,,,,Sample,COND1014202510152025,Student Project,
10/14/25,3:40:00 PM,EST,10/15/25,8:08:59 AM,EST,Marion,Reservoir Fall_Belchior_Student,3DUP,8/13/25,,1,,uS/cm,,,,,,Sample,COND1014202510152025,Student Project,
10/14/25,3:40:00 PM,EST,10/15/25,8:08:59 AM,EST,Marion,Reservoir Spring_Belchior_Student,1,4/29/25,,1,,uS/cm,,,Q,Q,,Sample,COND1014202510152025,Student Project,
10/14/25,3:40:00 PM,EST,10/15/25,8:08:59 AM,EST,Marion,Reservoir Spring_Belchior_Student,2,4/29/25,,1,,uS/cm,,,Q,Q,,Sample,COND1014202510152025,Student Project,
10/14/25,3:40:00 PM,EST,10/15/25,8:08:59 AM,EST,Marion,Reservoir Spring_Belchior_Student,3,4/29/25,,1,,uS/cm,,,Q,Q,,Sample,COND1014202510152025,Student Project,
10/14/25,3:40:00 PM,EST,10/15/25,8:08:59 AM,EST,Marion,Saint Johns Fall_Belchior_Student,1,8/12/25,,1,,uS/cm,,,,,,Sample,COND1014202510152025,Student Project,
10/14/25,3:40:00 PM,EST,10/15/25,8:08:59 AM,EST,Marion,Saint Johns Fall_Belchior_Student,2,8/12/25,,1,,uS/cm,,,,,,Sample,COND1014202510152025,Student Project,
10/14/25,3:40:00 PM,EST,10/15/25,8:08:59 AM,EST,Marion,Saint Johns Fall_Belchior_Student,3,8/12/25,,1,,uS/cm,,,,,,Sample,COND1014202510152025,Student Project,
10/14/25,3:40:00 PM,EST,10/15/25,8:08:59 AM,EST,Marion,Saint Johns Fall_Belchior_Student,DUP2,8/12/25,,1,,uS/cm,,,,,,QAQC,COND1014202510152025,Student Project,
10/14/25,3:40:00 PM,EST,10/15/25,8:08:59 AM,EST,,,ALTQC2,,,1,,uS/cm,,,Q,Q,,QAQC,COND1014202510152025,Student Project,
10/14/25,3:40:00 PM,EST,10/15/25,8:08:59 AM,EST,,,CCV2,,,1,,uS/cm,,,Q,Q,,QAQC,COND1014202510152025,Student Project,
10/14/25,3:40:00 PM,EST,10/15/25,8:08:59 AM,EST,,,MBLK3,,,1,,uS/cm,,,Q,Q,,QAQC,COND1014202510152025,Student Project,
10/14/25,3:40:00 PM,EST,10/15/25,8:08:59 AM,EST,Marion,Saint Johns Fall_Belchior_Student,4,8/12/25,,1,,uS/cm,,,,,,Sample,COND1014202510152025,Student Project,
10/14/25,3:40:00 PM,EST,10/15/25,8:08:59 AM,EST,Alachua,Lochloosa_Lajoie_Post-Doc,L5,8/20/25,,1,,uS/cm,,,,,,Sample,COND1014202510152025,Student Project,
10/14/25,3:40:00 PM,EST,10/15/25,8:08:59 AM,EST,Alachua,Lochloosa_Lajoie_Post-Doc,L2,8/20/25,,1,,uS/cm,,,,,,Sample,COND1014202510152025,Student Project,
10/14/25,3:40:00 PM,EST,10/15/25,8:08:59 AM,EST,Alachua,Lochloosa_Lajoie_Post-Doc,L4,8/20/25,,1,,uS/cm,,,,,,Sample,COND1014202510152025,Student Project,
10/14/25,3:40:00 PM,EST,10/15/25,8:08:59 AM,EST,Alachua,Lochloosa_Lajoie_Post-Doc,OP2,8/20/25,,1,,uS/cm,,,,,,Sample,COND1014202510152025,Student Project,
10/14/25,3:40:00 PM,EST,10/15/25,8:08:59 AM,EST,Alachua,Lochloosa_Lajoie_Post-Doc,OP1,8/20/25,,1,,uS/cm,,,,,,Sample,COND1014202510152025,Student Project,
10/14/25,3:40:00 PM,EST,10/15/25,8:08:59 AM,EST,Alachua,Lochloosa_Lajoie_Post-Doc,OP3,8/20/25,,1,,uS/cm,,,,,,Sample,COND1014202510152025,Student Project,
10/14/25,3:40:00 PM,EST,10/15/25,8:08:59 AM,EST,Alachua,Lochloosa_Lajoie_Post-Doc,LC,8/20/25,,1,,uS/cm,,,,,,Sample,COND1014202510152025,Student Project,
10/14/25,3:40:00 PM,EST,10/15/25,8:08:59 AM,EST,Alachua,Lochloosa_Lajoie_Post-Doc,L5,9/23/25,,1,,uS/cm,,,,,,Sample,COND1014202510152025,Student Project,
10/14/25,3:40:00 PM,EST,10/15/25,8:08:59 AM,EST,Alachua,Lochloosa_Lajoie_Post-Doc,L2,9/23/25,,1,,uS/cm,,,,,,Sample,COND1014202510152025,Student Project,
10/14/25,3:40:00 PM,EST,10/15/25,8:08:59 AM,EST,Alachua,Lochloosa_Lajoie_Post-Doc,L4,9/23/25,,1,,uS/cm,,,,,,Sample,COND1014202510152025,Student Project,
10/14/25,3:40:00 PM,EST,10/15/25,8:08:59 AM,EST,Alachua,Lochloosa_Lajoie_Post-Doc,OP2,9/23/25,,1,,uS/cm,,,,,,Sample,COND1014202510152025,Student Project,
10/14/25,3:40:00 PM,EST,10/15/25,8:08:59 AM,EST,Alachua,Lochloosa_Lajoie_Post-Doc,OP1,9/23/25,,1,,uS/cm,,,,,,Sample,COND1014202510152025,Student Project,
10/14/25,3:40:00 PM,EST,10/15/25,8:08:59 AM,EST,Alachua,Lochloosa_Lajoie_Post-Doc,OP3,9/23/25,,1,,uS/cm,,,,,,Sample,COND1014202510152025,Student Project,
10/14/25,3:40:00 PM,EST,10/15/25,8:08:59 AM,EST,Alachua,Lochloosa_Lajoie_Post-Doc,LC,9/23/25,,1,,uS/cm,,,,,,Sample,COND1014202510152025,Student Project,
10/14/25,3:40:00 PM,EST,10/15/25,8:08:59 AM,EST,Alachua,Lochloosa_Lajoie_Post-Doc,DUP3,9/23/25,,1,,uS/cm,,,,,,QAQC,COND1014202510152025,Student Project,
10/14/25,3:40:00 PM,EST,10/15/25,8:08:59 AM,EST,,,ALTQC3,,,1,,uS/cm,,,Q,Q,,QAQC,COND1014202510152025,Student Project,
10/14/25,3:40:00 PM,EST,10/15/25,8:08:59 AM,EST,,,CCV3,,,1,,uS/cm,,,Q,Q,,QAQC,COND1014202510152025,Student Project,
10/14/25,3:40:00 PM,EST,10/15/25,8:08:59 AM,EST,,,MBLK4,,,,,uS/cm,,V,Q,Q,,QAQC,COND1014202510152025,Student Project,
10/14/25,3:40:00 PM,EST,10/15/25,8:08:59 AM,EST,,,DUP4,,,,,uS/cm,,,Q,Q,,QAQC,COND1014202510152025,Student Project,
10/14/25,3:40:00 PM,EST,10/15/25,8:08:59 AM,EST,,,ALTQC4,,,,,uS/cm,,J,Q,Q,,QAQC,COND1014202510152025,Student Project,
10/14/25,3:40:00 PM,EST,10/15/25,8:08:59 AM,EST,,,CCV4,,,,,uS/cm,,J,Q,Q,,QAQC,COND1014202510152025,Student Project,
10/14/25,3:40:00 PM,EST,10/15/25,8:08:59 AM,EST,,,MBLK5,,,,,uS/cm,,V,Q,Q,,QAQC,COND1014202510152025,Student Project,
10/14/25,3:40:00 PM,EST,10/15/25,8:08:59 AM,EST,,,DUP5,,,,,uS/cm,,,Q,Q,,QAQC,COND1014202510152025,Student Project,
10/14/25,3:40:00 PM,EST,10/15/25,8:08:59 AM,EST,,,ALTQC5,,,,,uS/cm,,J,Q,Q,,QAQC,COND1014202510152025,Student Project,
10/14/25,3:40:00 PM,EST,10/15/25,8:08:59 AM,EST,,,CCV5,,,,,uS/cm,,J,Q,Q,,QAQC,COND1014202510152025,Student Project,
9/19/25,1:29:00 PM,EST,10/24/25,10:59:59 AM,EST,,,MBLK1,,,1,,,,,Q,Q,,QAQC,COND0919202510242025,,
9/19/25,1:29:00 PM,EST,10/24/25,10:59:59 AM,EST,Gadsden,Talquin,1,7/5/25,,1,,,,,Q,Q,,Sample,COND0919202510242025,,
9/19/25,1:29:00 PM,EST,10/24/25,10:59:59 AM,EST,Gulf,Air Strip-1,1,7/11/25,,1,,,,,Q,Q,,Sample,COND0919202510242025,,
9/19/25,1:29:00 PM,EST,10/24/25,10:59:59 AM,EST,Gulf,Cattle Dip-1,1,7/11/25,,1,,,,,,,,Sample,COND0919202510242025,,
9/19/25,1:29:00 PM,EST,10/24/25,10:59:59 AM,EST,Gulf,Depot Creek-1,1,7/11/25,,1,,,,,,,,Sample,COND0919202510242025,,
9/19/25,1:29:00 PM,EST,10/24/25,10:59:59 AM,EST,Gulf,Dove Field-1,1,7/11/25,,1,,,,,,,,Sample,COND0919202510242025,,
9/19/25,1:29:00 PM,EST,10/24/25,10:59:59 AM,EST,Gulf,Money Bayou-1,1,7/11/25,,1,,,,,,,,Sample,COND0919202510242025,,
9/19/25,1:29:00 PM,EST,10/24/25,10:59:59 AM,EST,Gulf,Pond Road-1,1,7/11/25,,1,,,,,,,,Sample,COND0919202510242025,,
9/19/25,1:29:00 PM,EST,10/24/25,10:59:59 AM,EST,Gulf,Simmons Bayou-1,1,7/11/25,,1,,,,,,,,Sample,COND0919202510242025,,
9/19/25,1:29:00 PM,EST,10/24/25,10:59:59 AM,EST,Gulf,St. Joseph Bay-1,1,7/8/25,,1,,,,,,,,Sample,COND0919202510242025,,
9/19/25,1:29:00 PM,EST,10/24/25,10:59:59 AM,EST,Gulf,St. Joseph Bay-2,1,7/8/25,,1,,,,,,,,Sample,COND0919202510242025,,
9/19/25,1:29:00 PM,EST,10/24/25,10:59:59 AM,EST,Gulf,St. Joseph Bay-3,1,7/8/25,,1,,,,,,,,Sample,COND0919202510242025,,
9/19/25,1:29:00 PM,EST,10/24/25,10:59:59 AM,EST,Gulf,St. Joseph Bay-4,1,7/8/25,,1,,,,,,,,Sample,COND0919202510242025,,
9/19/25,1:29:00 PM,EST,10/24/25,10:59:59 AM,EST,Gulf,St. Joseph Bay-5,1,7/8/25,,1,,,,,,,,Sample,COND0919202510242025,,
9/19/25,1:29:00 PM,EST,10/24/25,10:59:59 AM,EST,Gulf,St. Joseph Bay-6,1,7/8/25,,1,,,,,,,,Sample,COND0919202510242025,,
9/19/25,1:29:00 PM,EST,10/24/25,10:59:59 AM,EST,Gulf,St. Joseph Bay-7,1,7/8/25,,1,,,,,,,,Sample,COND0919202510242025,,
9/19/25,1:29:00 PM,EST,10/24/25,10:59:59 AM,EST,Gulf,St. Joseph Bay-8,1,7/8/25,,1,,,,,,,,Sample,COND0919202510242025,,
9/19/25,1:29:00 PM,EST,10/24/25,10:59:59 AM,EST,Gulf,St. Joseph Bay-9,1,7/8/25,,1,,,,,,,,Sample,COND0919202510242025,,
9/19/25,1:29:00 PM,EST,10/24/25,10:59:59 AM,EST,Hernando,Hernando Beach-1,1,7/23/25,,1,,,,,,,,Sample,COND0919202510242025,,
9/19/25,1:29:00 PM,EST,10/24/25,10:59:59 AM,EST,Hernando,Hernando Beach-2,1,7/23/25,,1,,,,,,,,Sample,COND0919202510242025,,
9/19/25,1:29:00 PM,EST,10/24/25,10:59:59 AM,EST,Hernando,Hernando Beach-2,DUP1,7/23/25,,1,,,,,,,,QAQC,COND0919202510242025,,
9/19/25,1:29:00 PM,EST,10/24/25,10:59:59 AM,EST,,,ALTQC1,,,1,,,,,Q,Q,,QAQC,COND0919202510242025,,
9/19/25,1:29:00 PM,EST,10/24/25,10:59:59 AM,EST,,,CCV1,,,1,,,,,Q,Q,,QAQC,COND0919202510242025,,
9/19/25,1:29:00 PM,EST,10/24/25,10:59:59 AM,EST,,,MLBK2,,,1,,,,,Q,Q,,QAQC,COND0919202510242025,,
9/19/25,1:29:00 PM,EST,10/24/25,10:59:59 AM,EST,Hernando,Hernando Beach-3,1,7/23/25,,1,,,,,,,,Sample,COND0919202510242025,,
9/19/25,1:29:00 PM,EST,10/24/25,10:59:59 AM,EST,Hernando,Hernando Beach-4,1,7/23/25,,1,,,,,,,,Sample,COND0919202510242025,,
9/19/25,1:29:00 PM,EST,10/24/25,10:59:59 AM,EST,Hernando,Hernando Beach-5,1,7/23/25,,1,,,,,,,,Sample,COND0919202510242025,,
9/19/25,1:29:00 PM,EST,10/24/25,10:59:59 AM,EST,Jackson,Silver,1,7/20/25,,1,,,,,,,,Sample,COND0919202510242025,,
9/19/25,1:29:00 PM,EST,10/24/25,10:59:59 AM,EST,Lake,Bear,1,7/7/25,,1,,,,,,,,Sample,COND0919202510242025,,
9/19/25,1:29:00 PM,EST,10/24/25,10:59:59 AM,EST,Lake,Bugg Springs,1,7/19/25,,1,,,,,,,,Sample,COND0919202510242025,,
9/19/25,1:29:00 PM,EST,10/24/25,10:59:59 AM,EST,Lake,Crown,1,7/27/25,,1,,,,,,,,Sample,COND0919202510242025,,
9/19/25,1:29:00 PM,EST,10/24/25,10:59:59 AM,EST,Lake,Griffin West,1,4/29/25,,1,,,,,Q,Q,,Sample,COND0919202510242025,,
9/19/25,1:29:00 PM,EST,10/24/25,10:59:59 AM,EST,Lake,Griffin West,1,7/30/25,,1,,,,,,,,Sample,COND0919202510242025,,
9/19/25,1:29:00 PM,EST,10/24/25,10:59:59 AM,EST,Lake,Jewel,1,7/27/25,,1,,,,,,,,Sample,COND0919202510242025,,
9/19/25,1:29:00 PM,EST,10/24/25,10:59:59 AM,EST,Lake,Joanna,1,7/10/25,,1,,,,,,,,Sample,COND0919202510242025,,
9/19/25,1:29:00 PM,EST,10/24/25,10:59:59 AM,EST,Lake,Louisa,1,7/7/25,,1,,,,,,,,Sample,COND0919202510242025,,
9/19/25,1:29:00 PM,EST,10/24/25,10:59:59 AM,EST,Lake,Royal,1,7/27/25,,1,,,,,,,,Sample,COND0919202510242025,,
9/19/25,1:29:00 PM,EST,10/24/25,10:59:59 AM,EST,Leon,Carr,1,7/10/25,,1,,,,,,,,Sample,COND0919202510242025,,
9/19/25,1:29:00 PM,EST,10/24/25,10:59:59 AM,EST,Leon,Jackson,1,7/30/25,,1,,,,,,,,Sample,COND0919202510242025,,
9/19/25,1:29:00 PM,EST,10/24/25,10:59:59 AM,EST,Liberty,Mystic,1,7/18/25,,1,,,,,,,,Sample,COND0919202510242025,,
9/19/25,1:29:00 PM,EST,10/24/25,10:59:59 AM,EST,Marion,Deerback,1,7/23/25,,1,,,,,,,,Sample,COND0919202510242025,,
9/19/25,1:29:00 PM,EST,10/24/25,10:59:59 AM,EST,Marion,Little Weir,1,7/5/25,,1,,,,,,,,Sample,COND0919202510242025,,
9/19/25,1:29:00 PM,EST,10/24/25,10:59:59 AM,EST,Marion,Weir,1,7/21/25,,1,,,,,,,,Sample,COND0919202510242025,,
9/19/25,1:29:00 PM,EST,10/24/25,10:59:59 AM,EST,Marion,Weir,DUP2,7/21/25,,1,,,,,,,,QAQC,COND0919202510242025,,
9/19/25,1:29:00 PM,EST,10/24/25,10:59:59 AM,EST,,,ALTQC2,,,1,,,,,Q,Q,,QAQC,COND0919202510242025,,
9/19/25,1:29:00 PM,EST,10/24/25,10:59:59 AM,EST,,,CCV2,,,1,,,,,Q,Q,,QAQC,COND0919202510242025,,
9/19/25,1:29:00 PM,EST,10/24/25,10:59:59 AM,EST,,,MLBK3,,,1,,,,,Q,Q,,QAQC,COND0919202510242025,,
9/19/25,1:29:00 PM,EST,10/24/25,10:59:59 AM,EST,Orange,Waumpi,1,7/21/25,,1,,,,,,,,Sample,COND0919202510242025,,
9/19/25,1:29:00 PM,EST,10/24/25,10:59:59 AM,EST,Pinellas,Autumn,1,7/25/25,,1,,,,,,,,Sample,COND0919202510242025,,
9/19/25,1:29:00 PM,EST,10/24/25,10:59:59 AM,EST,Pinellas,Crescent,1,7/9/25,,1,,,,,,,,Sample,COND0919202510242025,,
9/19/25,1:29:00 PM,EST,10/24/25,10:59:59 AM,EST,Pinellas,Salt Creek-1,1,7/12/25,,1,,,,,,,,Sample,COND0919202510242025,,
9/19/25,1:29:00 PM,EST,10/24/25,10:59:59 AM,EST,Pinellas,Salt Creek-2,1,7/12/25,,1,,,,,,,,Sample,COND0919202510242025,,
9/19/25,1:29:00 PM,EST,10/24/25,10:59:59 AM,EST,Pinellas,Salt Creek-3,1,7/12/25,,1,,,,,,,,Sample,COND0919202510242025,,
9/19/25,1:29:00 PM,EST,10/24/25,10:59:59 AM,EST,Pinellas,Salt Creek-4,1,7/12/25,,1,,,,,,,,Sample,COND0919202510242025,,
9/19/25,1:29:00 PM,EST,10/24/25,10:59:59 AM,EST,Pinellas,Saundra,1,7/2/25,,1,,,,,,,,Sample,COND0919202510242025,,
9/19/25,1:29:00 PM,EST,10/24/25,10:59:59 AM,EST,Pinellas,Seminole,1,7/7/25,,1,,,,,,,,Sample,COND0919202510242025,,
9/19/25,1:29:00 PM,EST,10/24/25,10:59:59 AM,EST,Polk,Daisy,1,7/21/25,,1,,,,,,,,Sample,COND0919202510242025,,
9/19/25,1:29:00 PM,EST,10/24/25,10:59:59 AM,EST,Polk,Fannie,1,7/3/25,,1,,,,,,,,Sample,COND0919202510242025,,
9/19/25,1:29:00 PM,EST,10/24/25,10:59:59 AM,EST,Polk,Saddlebag,1,7/22/25,,1,,,,,,,,Sample,COND0919202510242025,,
9/19/25,1:29:00 PM,EST,10/24/25,10:59:59 AM,EST,Polk,Whistler,1,7/20/25,,1,,,,,,,,Sample,COND0919202510242025,,
9/19/25,1:29:00 PM,EST,10/24/25,10:59:59 AM,EST,Seminole,Brantley,1,7/20/25,,1,,,,,,,,Sample,COND0919202510242025,,
9/19/25,1:29:00 PM,EST,10/24/25,10:59:59 AM,EST,Seminole,Clear,1,7/24/25,,1,,,,,,,,Sample,COND0919202510242025,,
9/19/25,1:29:00 PM,EST,10/24/25,10:59:59 AM,EST,Seminole,Crescent,1,7/20/25,,1,,,,,,,,Sample,COND0919202510242025,,
9/19/25,1:29:00 PM,EST,10/24/25,10:59:59 AM,EST,Seminole,Crystal Bowl,1,7/30/25,,1,,,,,,,,Sample,COND0919202510242025,,
9/19/25,1:29:00 PM,EST,10/24/25,10:59:59 AM,EST,Seminole,Cub,1,4/30/25,,1,,,,,Q,Q,,Sample,COND0919202510242025,,
9/19/25,1:29:00 PM,EST,10/24/25,10:59:59 AM,EST,Seminole,Cub,1,7/31/25,,1,,,,,,,,Sample,COND0919202510242025,,
9/19/25,1:29:00 PM,EST,10/24/25,10:59:59 AM,EST,Seminole,Cub,DUP3,7/31/25,,1,,,,,,,,QAQC,COND0919202510242025,,
9/19/25,1:29:00 PM,EST,10/24/25,10:59:59 AM,EST,,,ALTQC3,,,1,,,,,Q,Q,,QAQC,COND0919202510242025,,
9/19/25,1:29:00 PM,EST,10/24/25,10:59:59 AM,EST,,,CCV3,,,1,,,,,Q,Q,,QAQC,COND0919202510242025,,
9/19/25,1:29:00 PM,EST,10/24/25,10:59:59 AM,EST,,,MLBK4,,,,,,,V,Q,Q,,QAQC,COND0919202510242025,,
9/19/25,1:29:00 PM,EST,10/24/25,10:59:59 AM,EST,,,DUP4,,,,,,,,Q,Q,,QAQC,COND0919202510242025,,
9/19/25,1:29:00 PM,EST,10/24/25,10:59:59 AM,EST,,,ALTQC4,,,,,,,J,Q,Q,,QAQC,COND0919202510242025,,
9/19/25,1:29:00 PM,EST,10/24/25,10:59:59 AM,EST,,,CCV4,,,,,,,J,Q,Q,,QAQC,COND0919202510242025,,
9/19/25,1:29:00 PM,EST,10/24/25,10:59:59 AM,EST,,,MLBK5,,,,,,,V,Q,Q,,QAQC,COND0919202510242025,,
9/19/25,1:29:00 PM,EST,10/24/25,10:59:59 AM,EST,,,DUP5,,,,,,,,Q,Q,,QAQC,COND0919202510242025,,
9/19/25,1:29:00 PM,EST,10/24/25,10:59:59 AM,EST,,,ALTQC5,,,,,,,J,Q,Q,,QAQC,COND0919202510242025,,
9/19/25,1:29:00 PM,EST,10/24/25,10:59:59 AM,EST,,,CCV5,,,,,,,J,Q,Q,,QAQC,COND0919202510242025,,
10/28/25,12:00:00 PM,EST,10/29/25,10:49:00 AM,EST,,,MBLK1,,,1,,uS/cm,,,Q,Q,,QAQC,COND1028202510292025,,
10/28/25,12:00:00 PM,EST,10/29/25,10:49:00 AM,EST,Alachua,Elizabeth,1,7/30/25,,1,,uS/cm,,,Q,Q,,Sample,COND1028202510292025,,
10/28/25,12:00:00 PM,EST,10/29/25,10:49:00 AM,EST,Alachua,Little Santa Fe,2,8/26/25,,1,,uS/cm,,,Q,Q,,Sample,COND1028202510292025,,
10/28/25,12:00:00 PM,EST,10/29/25,10:49:00 AM,EST,Alachua,Melrose Bay,2,8/26/25,,1,,uS/cm,,,,,,Sample,COND1028202510292025,,
10/28/25,12:00:00 PM,EST,10/29/25,10:49:00 AM,EST,Alachua,Santa Fe,2,8/26/25,,1,,uS/cm,,,,,,Sample,COND1028202510292025,,
10/28/25,12:00:00 PM,EST,10/29/25,10:49:00 AM,EST,Alachua,Santa Fe-barricade,1,8/26/25,,1,,uS/cm,,,,,,Sample,COND1028202510292025,,
10/28/25,12:00:00 PM,EST,10/29/25,10:49:00 AM,EST,Alachua,Santa Fe-Blue Bayou,1,8/26/25,,1,,uS/cm,,,,,,Sample,COND1028202510292025,,
10/28/25,12:00:00 PM,EST,10/29/25,10:49:00 AM,EST,Alachua,Santa Fe-canal mouth,1,8/26/25,,1,,uS/cm,,,,,,Sample,COND1028202510292025,,
10/28/25,12:00:00 PM,EST,10/29/25,10:49:00 AM,EST,Alachua,Santa Fe-Painter Canal,1,8/26/25,,1,,uS/cm,,,,,,Sample,COND1028202510292025,,
10/28/25,12:00:00 PM,EST,10/29/25,10:49:00 AM,EST,Alachua,Holden,1,7/31/25,,1,,uS/cm,,,,,,Sample,COND1028202510292025,,
10/28/25,12:00:00 PM,EST,10/29/25,10:49:00 AM,EST,Alachua,Little Orange,1,7/31/25,,1,,uS/cm,,,,,,Sample,COND1028202510292025,,
10/28/25,12:00:00 PM,EST,10/29/25,10:49:00 AM,EST,Alachua,Moss,1,7/31/25,,1,,uS/cm,,,,,,Sample,COND1028202510292025,,
10/28/25,12:00:00 PM,EST,10/29/25,10:49:00 AM,EST,Alachua,Orange,2,7/11/25,,1,,uS/cm,,,,,,Sample,COND1028202510292025,,
10/28/25,12:00:00 PM,EST,10/29/25,10:49:00 AM,EST,Bay,Deer Point,1,7/30/25,,1,,uS/cm,,,,,,Sample,COND1028202510292025,,
10/28/25,12:00:00 PM,EST,10/29/25,10:49:00 AM,EST,Bay,Marin,1,7/16/25,,1,,uS/cm,,,,,,Sample,COND1028202510292025,,
10/28/25,12:00:00 PM,EST,10/29/25,10:49:00 AM,EST,Bay,Powell,1,7/9/25,,1,,mS/cm,,,,,,Sample,COND1028202510292025,,
10/28/25,12:00:00 PM,EST,10/29/25,10:49:00 AM,EST,Bay,Powell Creek East-1,1,7/9/25,,1,,mS/cm,,,,,,Sample,COND1028202510292025,,
10/28/25,12:00:00 PM,EST,10/29/25,10:49:00 AM,EST,Bay,Powell Creek East-2,1,7/9/25,,1,,uS/cm,,,,,,Sample,COND1028202510292025,,
10/28/25,12:00:00 PM,EST,10/29/25,10:49:00 AM,EST,Brevard,Blue Trail-1,1,7/24/25,,1,,mS/cm,,,,,,Sample,COND1028202510292025,,
10/28/25,12:00:00 PM,EST,10/29/25,10:49:00 AM,EST,Charlotte,WF-6,1,4/22/25,,1,,mS/cm,,,Q,Q,,Sample,COND1028202510292025,,
10/28/25,12:00:00 PM,EST,10/29/25,10:49:00 AM,EST,Charlotte,WF-6,DUP1,4/22/25,,1,,uS/cm,,,Q,Q,,QAQC,COND1028202510292025,,
10/28/25,12:00:00 PM,EST,10/29/25,10:49:00 AM,EST,,,ALTQC1,,,1,,uS/cm,,,Q,Q,,QAQC,COND1028202510292025,,
10/28/25,12:00:00 PM,EST,10/29/25,10:49:00 AM,EST,,,CCV1,,,1,,uS/cm,,,Q,Q,,QAQC,COND1028202510292025,,
10/28/25,12:00:00 PM,EST,10/29/25,10:49:00 AM,EST,,,MBLK2,,,1,,uS/cm,,,Q,Q,,QAQC,COND1028202510292025,,
10/28/25,12:00:00 PM,EST,10/29/25,10:49:00 AM,EST,Citrus,Floral City,1,4/5/25,,1,,uS/cm,,,Q,Q,,Sample,COND1028202510292025,,
10/28/25,12:00:00 PM,EST,10/29/25,10:49:00 AM,EST,Collier,IFAS Collier Pond,1,7/21/25,,1,,uS/cm,,,,,,Sample,COND1028202510292025,,
10/28/25,12:00:00 PM,EST,10/29/25,10:49:00 AM,EST,Collier,Islandwalk,1,7/16/25,,1,,uS/cm,,,,,,Sample,COND1028202510292025,,
10/28/25,12:00:00 PM,EST,10/29/25,10:49:00 AM,EST,Collier,Saddlebrook,1,7/30/25,,1,,uS/cm,,,,,,Sample,COND1028202510292025,,
10/28/25,12:00:00 PM,EST,10/29/25,10:49:00 AM,EST,Escambia,Perdido Bay-1,1,4/2/25,,1,,mS/cm,,,Q,Q,,Sample,COND1028202510292025,,
10/28/25,12:00:00 PM,EST,10/29/25,10:49:00 AM,EST,Escambia,Perdido Bay-2,1,4/2/25,,1,,mS/cm,,,Q,Q,,Sample,COND1028202510292025,,
10/28/25,12:00:00 PM,EST,10/29/25,10:49:00 AM,EST,Escambia,Perdido Bay-3,1,4/2/25,,1,,mS/cm,,,Q,Q,,Sample,COND1028202510292025,,
10/28/25,12:00:00 PM,EST,10/29/25,10:49:00 AM,EST,Franklin,Alligator Harbor-1,1,7/9/25,,1,,mS/cm,,,,,,Sample,COND1028202510292025,,
10/28/25,12:00:00 PM,EST,10/29/25,10:49:00 AM,EST,Franklin,Alligator Harbor-2,1,7/9/25,,1,,mS/cm,,,,,,Sample,COND1028202510292025,,
10/28/25,12:00:00 PM,EST,10/29/25,10:49:00 AM,EST,Franklin,Alligator Harbor-3,1,7/9/25,,1,,mS/cm,,,,,,Sample,COND1028202510292025,,
10/28/25,12:00:00 PM,EST,10/29/25,10:49:00 AM,EST,Franklin,Alligator Harbor-4,1,7/9/25,,1,,mS/cm,,,,,,Sample,COND1028202510292025,,
10/28/25,12:00:00 PM,EST,10/29/25,10:49:00 AM,EST,Franklin,Alligator Harbor-5,1,7/9/25,,1,,mS/cm,,,,,,Sample,COND1028202510292025,,
10/28/25,12:00:00 PM,EST,10/29/25,10:49:00 AM,EST,Franklin,Alligator Harbor-6,1,7/9/25,,1,,mS/cm,,,,,,Sample,COND1028202510292025,,
10/28/25,12:00:00 PM,EST,10/29/25,10:49:00 AM,EST,Franklin,Alligator Harbor-7,1,7/9/25,,1,,mS/cm,,,,,,Sample,COND1028202510292025,,
10/28/25,12:00:00 PM,EST,10/29/25,10:49:00 AM,EST,Gilchrist,Gilchrist Blue Spring Run-1,1,7/17/25,,1,,uS/cm,,,,,,Sample,COND1028202510292025,,
10/28/25,12:00:00 PM,EST,10/29/25,10:49:00 AM,EST,Highlands,Catfish Creek-3,1,4/22/25,,1,,uS/cm,,,Q,Q,,Sample,COND1028202510292025,,
10/28/25,12:00:00 PM,EST,10/29/25,10:49:00 AM,EST,Highlands,Lynn,1,4/30/25,,1,,uS/cm,,,Q,Q,,Sample,COND1028202510292025,,
10/28/25,12:00:00 PM,EST,10/29/25,10:49:00 AM,EST,Hillsborough,Alice,1,7/21/25,,1,,uS/cm,,,,,,Sample,COND1028202510292025,,
10/28/25,12:00:00 PM,EST,10/29/25,10:49:00 AM,EST,Hillsborough,Elizabeth,1,7/3/25,,1,,uS/cm,,,,,,Sample,COND1028202510292025,,
10/28/25,12:00:00 PM,EST,10/29/25,10:49:00 AM,EST,Hillsborough,Elizabeth,DUP2,7/3/25,,1,,uS/cm,,,,,,QAQC,COND1028202510292025,,
10/28/25,12:00:00 PM,EST,10/29/25,10:49:00 AM,EST,,,ALTQC2,,,1,,uS/cm,,,Q,Q,,QAQC,COND1028202510292025,,
10/28/25,12:00:00 PM,EST,10/29/25,10:49:00 AM,EST,,,CCV2,,,1,,uS/cm,,,Q,Q,,QAQC,COND1028202510292025,,
10/28/25,12:00:00 PM,EST,10/29/25,10:49:00 AM,EST,,,MBLK3,,,1,,uS/cm,,,Q,Q,,QAQC,COND1028202510292025,,
10/28/25,12:00:00 PM,EST,10/29/25,10:49:00 AM,EST,Hillsborough,Osceola,1,4/28/25,,1,,uS/cm,,,Q,Q,,Sample,COND1028202510292025,,
10/28/25,12:00:00 PM,EST,10/29/25,10:49:00 AM,EST,Hillsborough,West Meadows-3,1,4/4/25,,1,,uS/cm,,,Q,Q,,Sample,COND1028202510292025,,
10/28/25,12:00:00 PM,EST,10/29/25,10:49:00 AM,EST,Hillsborough,West Meadows-15,1,4/4/25,,1,,uS/cm,,,Q,Q,,Sample,COND1028202510292025,,
10/28/25,12:00:00 PM,EST,10/29/25,10:49:00 AM,EST,Hillsborough,Zambito East,1,4/20/25,,1,,uS/cm,,,Q,Q,,Sample,COND1028202510292025,,
10/28/25,12:00:00 PM,EST,10/29/25,10:49:00 AM,EST,Okaloosa,CBA Niceville-5,1,4/10/25,,1,,mS/cm,,,Q,Q,,Sample,COND1028202510292025,,
10/28/25,12:00:00 PM,EST,10/29/25,10:49:00 AM,EST,Pinellas,Hewitt,1,1/30/25,,1,,uS/cm,,,Q,Q,,Sample,COND1028202510292025,,
10/28/25,12:00:00 PM,EST,10/29/25,10:49:00 AM,EST,Pinellas,Hewitt,1,4/30/25,,1,,uS/cm,,,Q,Q,,Sample,COND1028202510292025,,
10/28/25,12:00:00 PM,EST,10/29/25,10:49:00 AM,EST,Pinellas,Hewitt,1,7/30/25,,1,,uS/cm,,,,,,Sample,COND1028202510292025,,
10/28/25,12:00:00 PM,EST,10/29/25,10:49:00 AM,EST,Putnam,Fanny,1,7/26/25,,1,,uS/cm,,,,,,Sample,COND1028202510292025,,
10/28/25,12:00:00 PM,EST,10/29/25,10:49:00 AM,EST,Putnam,Susan,1,7/7/25,,1,,uS/cm,,,,,,Sample,COND1028202510292025,,
10/28/25,12:00:00 PM,EST,10/29/25,10:49:00 AM,EST,Santa Rosa,Ski Watch,1,4/11/25,,1,,uS/cm,,,Q,Q,,Sample,COND1028202510292025,,
10/28/25,12:00:00 PM,EST,10/29/25,10:49:00 AM,EST,Sarasota,Lake G-20,1,4/4/25,,1,,uS/cm,,,Q,Q,,Sample,COND1028202510292025,,
10/28/25,12:00:00 PM,EST,10/29/25,10:49:00 AM,EST,Sarasota,Lake G-20,1,7/17/25,,1,,uS/cm,,,,,,Sample,COND1028202510292025,,
10/28/25,12:00:00 PM,EST,10/29/25,10:49:00 AM,EST,Sarasota,Lake 37,1,4/4/25,,1,,uS/cm,,,Q,Q,,Sample,COND1028202510292025,,
10/28/25,12:00:00 PM,EST,10/29/25,10:49:00 AM,EST,Sarasota,Lake 37,1,7/17/25,,1,,uS/cm,,,,,,Sample,COND1028202510292025,,
10/28/25,12:00:00 PM,EST,10/29/25,10:49:00 AM,EST,Sarasota,Lake M-9,1,4/4/25,,1,,uS/cm,,,Q,Q,,Sample,COND1028202510292025,,broken bottle
10/28/25,12:00:00 PM,EST,10/29/25,10:49:00 AM,EST,Sarasota,Lake M-9,1,7/17/25,,1,,uS/cm,,,,,,Sample,COND1028202510292025,,
10/28/25,12:00:00 PM,EST,10/29/25,10:49:00 AM,EST,Sarasota,Pinebrook South,1,7/16/25,,1,,uS/cm,,,,,,Sample,COND1028202510292025,,
10/28/25,12:00:00 PM,EST,10/29/25,10:49:00 AM,EST,Sarasota,Upper Myakka,1,7/1/25,,1,,uS/cm,,,,,,Sample,COND1028202510292025,,
10/28/25,12:00:00 PM,EST,10/29/25,10:49:00 AM,EST,Sarasota,Upper Myakka,DUP3,7/1/25,,1,,uS/cm,,,,,,QAQC,COND1028202510292025,,
10/28/25,12:00:00 PM,EST,10/29/25,10:49:00 AM,EST,,,ALTQC3,,,1,,uS/cm,,,Q,Q,,QAQC,COND1028202510292025,,
10/28/25,12:00:00 PM,EST,10/29/25,10:49:00 AM,EST,,,CCV3,,,1,,uS/cm,,,Q,Q,,QAQC,COND1028202510292025,,
10/28/25,12:00:00 PM,EST,10/29/25,10:49:00 AM,EST,,,MBLK4,,,,,uS/cm,,V,Q,Q,,QAQC,COND1028202510292025,,
10/28/25,12:00:00 PM,EST,10/29/25,10:49:00 AM,EST,,,DUP4,,,,,uS/cm,,,Q,Q,,QAQC,COND1028202510292025,,
10/28/25,12:00:00 PM,EST,10/29/25,10:49:00 AM,EST,,,ALTQC4,,,,,uS/cm,,J,Q,Q,,QAQC,COND1028202510292025,,
10/28/25,12:00:00 PM,EST,10/29/25,10:49:00 AM,EST,,,CCV4,,,,,uS/cm,,J,Q,Q,,QAQC,COND1028202510292025,,
10/28/25,12:00:00 PM,EST,10/29/25,10:49:00 AM,EST,,,MBLK5,,,,,uS/cm,,V,Q,Q,,QAQC,COND1028202510292025,,
10/28/25,12:00:00 PM,EST,10/29/25,10:49:00 AM,EST,,,DUP5,,,,,uS/cm,,,Q,Q,,QAQC,COND1028202510292025,,
10/28/25,12:00:00 PM,EST,10/29/25,10:49:00 AM,EST,,,ALTQC5,,,,,uS/cm,,J,Q,Q,,QAQC,COND1028202510292025,,
10/28/25,12:00:00 PM,EST,10/29/25,10:49:00 AM,EST,,,CCV5,,,,,uS/cm,,J,Q,Q,,QAQC,COND1028202510292025,,
10/28/25,2:00:00 PM,EST,10/30/25,10:59:59 AM,EST,,,MBLK1,,,1,,uS/cm,,,Q,Q,,QAQC,COND1028202510302025,,
10/28/25,2:00:00 PM,EST,10/30/25,10:59:59 AM,EST,Charlotte,L-4,1,7/29/25,,1,,uS/cm,,,Q,Q,,Sample,COND1028202510302025,,
10/28/25,2:00:00 PM,EST,10/30/25,10:59:59 AM,EST,Clay,Lily,1,7/30/25,,1,,uS/cm,,,Q,Q,,Sample,COND1028202510302025,,
10/28/25,2:00:00 PM,EST,10/30/25,10:59:59 AM,EST,Collier,Harveys,1,7/2/25,,1,,uS/cm,,,,,,Sample,COND1028202510302025,,
10/28/25,2:00:00 PM,EST,10/30/25,10:59:59 AM,EST,Collier,SB-61,1,7/18/25,,1,,uS/cm,,,,,,Sample,COND1028202510302025,,
10/28/25,2:00:00 PM,EST,10/30/25,10:59:59 AM,EST,Lee,Harborage East,1,7/28/25,,1,,uS/cm,,,,,,Sample,COND1028202510302025,,
10/28/25,2:00:00 PM,EST,10/30/25,10:59:59 AM,EST,Lee,Harborage West,1,7/28/25,,1,,mS/cm,,,,,,Sample,COND1028202510302025,,
10/28/25,2:00:00 PM,EST,10/30/25,10:59:59 AM,EST,Levy,Cedar Key-1,1,7/28/25,,1,,mS/cm,,,,,,Sample,COND1028202510302025,,
10/28/25,2:00:00 PM,EST,10/30/25,10:59:59 AM,EST,Levy,Cedar Key-2,1,7/28/25,,1,,mS/cm,,,,,,Sample,COND1028202510302025,,
10/28/25,2:00:00 PM,EST,10/30/25,10:59:59 AM,EST,Marion,Rainbow River-2,1,7/8/25,,1,,uS/cm,,,,,,Sample,COND1028202510302025,,
10/28/25,2:00:00 PM,EST,10/30/25,10:59:59 AM,EST,Marion,Rainbow River-3,1,7/8/25,,1,,uS/cm,,,,,,Sample,COND1028202510302025,,
10/28/25,2:00:00 PM,EST,10/30/25,10:59:59 AM,EST,Marion,Withlacoochee River-Dunnellon,1,7/8/25,,1,,uS/cm,,,,,,Sample,COND1028202510302025,,
10/28/25,2:00:00 PM,EST,10/30/25,10:59:59 AM,EST,Miami-Dade,Lakeridge,1,4/8/25,,1,,uS/cm,,,Q,Q,,Sample,COND1028202510302025,,
10/28/25,2:00:00 PM,EST,10/30/25,10:59:59 AM,EST,Miami-Dade,Oakland,1,7/14/25,,1,,uS/cm,,,,,,Sample,COND1028202510302025,,
10/28/25,2:00:00 PM,EST,10/30/25,10:59:59 AM,EST,Monroe,Tarpon Basin-1,1,4/26/25,,1,,mS/cm,,,Q,Q,,Sample,COND1028202510302025,,
10/28/25,2:00:00 PM,EST,10/30/25,10:59:59 AM,EST,Monroe,Tarpon Basin-2,1,4/26/25,,1,,mS/cm,,,Q,Q,,Sample,COND1028202510302025,,
10/28/25,2:00:00 PM,EST,10/30/25,10:59:59 AM,EST,Monroe,Tarpon Basin-3,1,4/26/25,,1,,mS/cm,,,Q,Q,,Sample,COND1028202510302025,,
10/28/25,2:00:00 PM,EST,10/30/25,10:59:59 AM,EST,Monroe,Tarpon Basin-1,1,7/27/25,,1,,mS/cm,,,,,,Sample,COND1028202510302025,,
10/28/25,2:00:00 PM,EST,10/30/25,10:59:59 AM,EST,Monroe,Tarpon Basin-2,1,7/28/25,,1,,mS/cm,,,,,,Sample,COND1028202510302025,,
10/28/25,2:00:00 PM,EST,10/30/25,10:59:59 AM,EST,Monroe,Tarpon Basin-3,1,7/29/25,,1,,mS/cm,,,,,,Sample,COND1028202510302025,,
10/28/25,2:00:00 PM,EST,10/30/25,10:59:59 AM,EST,Monroe,Tarpon Basin-3,DUP1,7/27/25,,1,,mS/cm,,,,,,QAQC,COND1028202510302025,,
10/28/25,2:00:00 PM,EST,10/30/25,10:59:59 AM,EST,,,ALTQC1,,,1,,uS/cm,,,Q,Q,,QAQC,COND1028202510302025,,
10/28/25,2:00:00 PM,EST,10/30/25,10:59:59 AM,EST,,,CCV1,,,1,,uS/cm,,,Q,Q,,QAQC,COND1028202510302025,,
10/28/25,2:00:00 PM,EST,10/30/25,10:59:59 AM,EST,,,MBLK2,,,1,,uS/cm,,,Q,Q,,QAQC,COND1028202510302025,,
10/28/25,2:00:00 PM,EST,10/30/25,10:59:59 AM,EST,Okaloosa,Bass,1,7/31/25,,1,,uS/cm,,,,,,Sample,COND1028202510302025,,
10/28/25,2:00:00 PM,EST,10/30/25,10:59:59 AM,EST,Okaloosa,CBA Niceville-5,1,7/1/25,,1,,mS/cm,,,,,,Sample,COND1028202510302025,,
10/28/25,2:00:00 PM,EST,10/30/25,10:59:59 AM,EST,Pasco,Buddy,1,7/21/25,,1,,uS/cm,,,,,,Sample,COND1028202510302025,,
10/28/25,2:00:00 PM,EST,10/30/25,10:59:59 AM,EST,Palm Beach,Westwood,1,7/30/25,,1,,uS/cm,,,,,,Sample,COND1028202510302025,,
10/28/25,2:00:00 PM,EST,10/30/25,10:59:59 AM,EST,Putnam,Camp Branch-1,1,4/29/25,,1,,uS/cm,,,Q,Q,,Sample,COND1028202510302025,,
10/28/25,2:00:00 PM,EST,10/30/25,10:59:59 AM,EST,Putnam,Camp Branch-2,1,4/29/25,,1,,uS/cm,,,Q,Q,,Sample,COND1028202510302025,,
10/28/25,2:00:00 PM,EST,10/30/25,10:59:59 AM,EST,Putnam,Camp Branch-3,1,4/29/25,,1,,uS/cm,,,Q,Q,,Sample,COND1028202510302025,,
10/28/25,2:00:00 PM,EST,10/30/25,10:59:59 AM,EST,Putnam,Camp Branch-4,1,4/29/25,,1,,uS/cm,,,Q,Q,,Sample,COND1028202510302025,,
10/28/25,2:00:00 PM,EST,10/30/25,10:59:59 AM,EST,Sarasota,Awesome,1,7/19/25,,1,,uS/cm,,,,,,Sample,COND1028202510302025,,
10/28/25,2:00:00 PM,EST,10/30/25,10:59:59 AM,EST,Sarasota,Cormorant,1,7/14/25,,1,,uS/cm,,,,,,Sample,COND1028202510302025,,
10/28/25,2:00:00 PM,EST,10/30/25,10:59:59 AM,EST,Sarasota,Knight,1,7/19/25,,1,,uS/cm,,,,,,Sample,COND1028202510302025,,
10/28/25,2:00:00 PM,EST,10/30/25,10:59:59 AM,EST,Sarasota,3,1,7/19/25,,1,,uS/cm,,,,,,Sample,COND1028202510302025,,
10/28/25,2:00:00 PM,EST,10/30/25,10:59:59 AM,EST,Sarasota,Pelican Cove-1,1,7/30/25,,1,,mS/cm,,,,,,Sample,COND1028202510302025,,
10/28/25,2:00:00 PM,EST,10/30/25,10:59:59 AM,EST,Sarasota,Pelican Cove-2,1,7/30/25,,1,,mS/cm,,,,,,Sample,COND1028202510302025,,
10/28/25,2:00:00 PM,EST,10/30/25,10:59:59 AM,EST,Sarasota,Pelican Cove-3,1,7/30/25,,1,,mS/cm,,,,,,Sample,COND1028202510302025,,
10/28/25,2:00:00 PM,EST,10/30/25,10:59:59 AM,EST,Sarasota,Upper Myakka,1,7/28/25,,1,,uS/cm,,,,,,Sample,COND1028202510302025,,
10/28/25,2:00:00 PM,EST,10/30/25,10:59:59 AM,EST,Seminole,Bear,1,7/20/25,,1,,uS/cm,,,,,,Sample,COND1028202510302025,,
10/28/25,2:00:00 PM,EST,10/30/25,10:59:59 AM,EST,Seminole,Horseshoe North,1,7/26/25,,1,,uS/cm,,,,,,Sample,COND1028202510302025,,
10/28/25,2:00:00 PM,EST,10/30/25,10:59:59 AM,EST,Seminole,Lost,1,4/12/25,,1,,uS/cm,,,Q,Q,,Sample,COND1028202510302025,,
10/28/25,2:00:00 PM,EST,10/30/25,10:59:59 AM,EST,Seminole,Lost,DUP2,4/12/25,,1,,uS/cm,,,Q,Q,,QAQC,COND1028202510302025,,
10/28/25,2:00:00 PM,EST,10/30/25,10:59:59 AM,EST,,,ALTQC2,,,1,,uS/cm,,,Q,Q,,QAQC,COND1028202510302025,,
10/28/25,2:00:00 PM,EST,10/30/25,10:59:59 AM,EST,,,CCV2,,,1,,uS/cm,,,Q,Q,,QAQC,COND1028202510302025,,
10/28/25,2:00:00 PM,EST,10/30/25,10:59:59 AM,EST,,,MBLK3,,,1,,uS/cm,,,Q,Q,,QAQC,COND1028202510302025,,
10/28/25,2:00:00 PM,EST,10/30/25,10:59:59 AM,EST,Seminole,Mary,1,7/25/25,,1,,uS/cm,,,,,,Sample,COND1028202510302025,,
10/28/25,2:00:00 PM,EST,10/30/25,10:59:59 AM,EST,Seminole,Miami Springs-1,1,4/29/25,,1,,uS/cm,,,Q,Q,,Sample,COND1028202510302025,,
10/28/25,2:00:00 PM,EST,10/30/25,10:59:59 AM,EST,Seminole,Miami Springs-2,1,4/29/25,,1,,uS/cm,,,Q,Q,,Sample,COND1028202510302025,,
10/28/25,2:00:00 PM,EST,10/30/25,10:59:59 AM,EST,Seminole,Miami Springs-3,1,4/29/25,,1,,uS/cm,,,Q,Q,,Sample,COND1028202510302025,,
10/28/25,2:00:00 PM,EST,10/30/25,10:59:59 AM,EST,Seminole,Miami Springs-1,1,7/21/25,,1,,uS/cm,,,,,,Sample,COND1028202510302025,,
10/28/25,2:00:00 PM,EST,10/30/25,10:59:59 AM,EST,Seminole,Miami Springs-2,1,7/21/25,,1,,uS/cm,,,,,,Sample,COND1028202510302025,,
10/28/25,2:00:00 PM,EST,10/30/25,10:59:59 AM,EST,Seminole,Miami Springs-3,1,7/21/25,,1,,uS/cm,,,,,,Sample,COND1028202510302025,,
10/28/25,2:00:00 PM,EST,10/30/25,10:59:59 AM,EST,Seminole,Monroe West,1,4/20/25,,1,,uS/cm,,,Q,Q,,Sample,COND1028202510302025,,
10/28/25,2:00:00 PM,EST,10/30/25,10:59:59 AM,EST,Seminole,Monroe West,1,7/20/25,,1,,uS/cm,,,,,,Sample,COND1028202510302025,,
10/28/25,2:00:00 PM,EST,10/30/25,10:59:59 AM,EST,Seminole,Silver,1,7/28/25,,1,,uS/cm,,,,,,Sample,COND1028202510302025,,
10/28/25,2:00:00 PM,EST,10/30/25,10:59:59 AM,EST,Seminole,Quail Pond,1,4/30/25,,1,,uS/cm,,,Q,Q,,Sample,COND1028202510302025,,
10/28/25,2:00:00 PM,EST,10/30/25,10:59:59 AM,EST,Seminole,Quail Pond,1,7/2/25,,1,,uS/cm,,,,,,Sample,COND1028202510302025,,
10/28/25,2:00:00 PM,EST,10/30/25,10:59:59 AM,EST,Seminole,Queens Mirror,1,7/27/25,,1,,uS/cm,,,,,,Sample,COND1028202510302025,,
10/28/25,2:00:00 PM,EST,10/30/25,10:59:59 AM,EST,Seminole,Rock,1,4/30/25,,1,,uS/cm,,,Q,Q,,Sample,COND1028202510302025,,
10/28/25,2:00:00 PM,EST,10/30/25,10:59:59 AM,EST,Seminole,Rock,1,7/31/25,,1,,uS/cm,,,,,,Sample,COND1028202510302025,,
10/28/25,2:00:00 PM,EST,10/30/25,10:59:59 AM,EST,Seminole,Wekiva,1,7/21/25,,1,,uS/cm,,,,,,Sample,COND1028202510302025,,
10/28/25,2:00:00 PM,EST,10/30/25,10:59:59 AM,EST,Sumter,Big Gant,1,7/1/25,,1,,uS/cm,,,,,,Sample,COND1028202510302025,,
10/28/25,2:00:00 PM,EST,10/30/25,10:59:59 AM,EST,Volusia,Lindley,1,7/30/25,,1,,uS/cm,,,,,,Sample,COND1028202510302025,,
10/28/25,2:00:00 PM,EST,10/30/25,10:59:59 AM,EST,Volusia,Waterford,1,1/13/25,,1,,uS/cm,,,Q,Q,,Sample,COND1028202510302025,,
10/28/25,2:00:00 PM,EST,10/30/25,10:59:59 AM,EST,Volusia,Waterford,DUP3,1/13/25,,1,,uS/cm,,,Q,Q,,QAQC,COND1028202510302025,,
10/28/25,2:00:00 PM,EST,10/30/25,10:59:59 AM,EST,,,ALTQC3,,,1,,uS/cm,,,Q,Q,,QAQC,COND1028202510302025,,
10/28/25,2:00:00 PM,EST,10/30/25,10:59:59 AM,EST,,,CCV3,,,1,,uS/cm,,,Q,Q,,QAQC,COND1028202510302025,,
10/28/25,2:00:00 PM,EST,10/30/25,10:59:59 AM,EST,,,MBLK4,,,,,uS/cm,,V,Q,Q,,QAQC,COND1028202510302025,,
10/28/25,2:00:00 PM,EST,10/30/25,10:59:59 AM,EST,,,DUP4,,,,,uS/cm,,,Q,Q,,QAQC,COND1028202510302025,,
10/28/25,2:00:00 PM,EST,10/30/25,10:59:59 AM,EST,,,ALTQC4,,,,,uS/cm,,J,Q,Q,,QAQC,COND1028202510302025,,
10/28/25,2:00:00 PM,EST,10/30/25,10:59:59 AM,EST,,,CCV4,,,,,uS/cm,,J,Q,Q,,QAQC,COND1028202510302025,,
10/28/25,2:00:00 PM,EST,10/30/25,10:59:59 AM,EST,,,MBLK5,,,,,uS/cm,,V,Q,Q,,QAQC,COND1028202510302025,,
10/28/25,2:00:00 PM,EST,10/30/25,10:59:59 AM,EST,,,DUP5,,,,,uS/cm,,,Q,Q,,QAQC,COND1028202510302025,,
10/28/25,2:00:00 PM,EST,10/30/25,10:59:59 AM,EST,,,ALTQC5,,,,,uS/cm,,J,Q,Q,,QAQC,COND1028202510302025,,
10/28/25,2:00:00 PM,EST,10/30/25,10:59:59 AM,EST,,,CCV5,,,,,uS/cm,,J,Q,Q,,QAQC,COND1028202510302025,,
9/29/25,1:29:00 PM,EST,9/30/25,8:19:00 AM,EST,,,MBLK1,,,1,,,,,Q,Q,,QAQC,COND0929202509302025,,
9/29/25,1:29:00 PM,EST,9/30/25,8:19:00 AM,EST,Hillsborough,Carroll,1,7/2/25,,1,,,,,,,,Sample,COND0929202509302025,,
9/29/25,1:29:00 PM,EST,9/30/25,8:19:00 AM,EST,Hillsborough,Carroll,2,7/2/25,,1,,,,,Q,Q,,Sample,COND0929202509302025,,
9/29/25,1:29:00 PM,EST,9/30/25,8:19:00 AM,EST,Hillsborough,Carroll,3,7/2/25,,1,,,,,,,,Sample,COND0929202509302025,,
9/29/25,1:29:00 PM,EST,9/30/25,8:19:00 AM,EST,Hillsborough,Carrol_Comparision,1,7/2/25,,1,,,,,,,,Sample,COND0929202509302025,,
9/29/25,1:29:00 PM,EST,9/30/25,8:19:00 AM,EST,Hillsborough,Carrol_Comparision,2,7/2/25,,1,,,,,,,,Sample,COND0929202509302025,,
9/29/25,1:29:00 PM,EST,9/30/25,8:19:00 AM,EST,Hillsborough,Carrol_Comparision,3,7/2/25,,1,,,,,,,,Sample,COND0929202509302025,,
9/29/25,1:29:00 PM,EST,9/30/25,8:19:00 AM,EST,Hillsborough,Dead Lady,1,7/9/25,,1,,,,,,,,Sample,COND0929202509302025,,
9/29/25,1:29:00 PM,EST,9/30/25,8:19:00 AM,EST,Hillsborough,Dead Lady,2,7/9/25,,1,,,,,,,,Sample,COND0929202509302025,,
9/29/25,1:29:00 PM,EST,9/30/25,8:19:00 AM,EST,Hillsborough,Dead Lady,3,7/9/25,,1,,,,,,,,Sample,COND0929202509302025,,
9/29/25,1:29:00 PM,EST,9/30/25,8:19:00 AM,EST,Hillsborough,Dead Lady_Comparision,1,7/9/25,,1,,,,,,,,Sample,COND0929202509302025,,
9/29/25,1:29:00 PM,EST,9/30/25,8:19:00 AM,EST,Hillsborough,Dead Lady_Comparision,2,7/9/25,,1,,,,,,,,Sample,COND0929202509302025,,
9/29/25,1:29:00 PM,EST,9/30/25,8:19:00 AM,EST,Hillsborough,Dead Lady_Comparision,3,7/9/25,,1,,,,,,,,Sample,COND0929202509302025,,
9/29/25,1:29:00 PM,EST,9/30/25,8:19:00 AM,EST,Pasco,Jovita,1,7/18/25,,1,,,,,,,,Sample,COND0929202509302025,,
9/29/25,1:29:00 PM,EST,9/30/25,8:19:00 AM,EST,Pasco,Jovita,2,7/18/25,,1,,,,,,,,Sample,COND0929202509302025,,
9/29/25,1:29:00 PM,EST,9/30/25,8:19:00 AM,EST,Pasco,Jovita,3,7/18/25,,1,,,,,,,,Sample,COND0929202509302025,,
9/29/25,1:29:00 PM,EST,9/30/25,8:19:00 AM,EST,Pasco,Jovita_Comparision,1,7/18/25,,1,,,,,,,,Sample,COND0929202509302025,,
9/29/25,1:29:00 PM,EST,9/30/25,8:19:00 AM,EST,Pasco,Jovita_Comparision,2,7/18/25,,1,,,,,,,,Sample,COND0929202509302025,,
9/29/25,1:29:00 PM,EST,9/30/25,8:19:00 AM,EST,Pasco,Jovita_Comparision,3,7/18/25,,1,,,,,,,,Sample,COND0929202509302025,,
9/29/25,1:29:00 PM,EST,9/30/25,8:19:00 AM,EST,Hillsborough,Cooper,1,8/8/25,,1,,,,,,,,Sample,COND0929202509302025,,
9/29/25,1:29:00 PM,EST,9/30/25,8:19:00 AM,EST,Hillsborough,Cooper,2,8/8/25,,1,,,,,,,,QAQC,COND0929202509302025,,
9/29/25,1:29:00 PM,EST,9/30/25,8:19:00 AM,EST,Hillsborough,Cooper,DUP1,8/8/25,,1,,,,,,,,QAQC,COND0929202509302025,,
9/29/25,1:29:00 PM,EST,9/30/25,8:19:00 AM,EST,,,ALTQC1,,,1,,,,,Q,Q,,QAQC,COND0929202509302025,,
9/29/25,1:29:00 PM,EST,9/30/25,8:19:00 AM,EST,,,CCV1,,,1,,,,,Q,Q,,Sample,COND0929202509302025,,
9/29/25,1:29:00 PM,EST,9/30/25,8:19:00 AM,EST,,,MBLK2,,,1,,,,,Q,Q,,Sample,COND0929202509302025,,
9/29/25,1:29:00 PM,EST,9/30/25,8:19:00 AM,EST,Hillsborough,Cooper,3,8/8/25,,1,,,,,,,,Sample,COND0929202509302025,,
9/29/25,1:29:00 PM,EST,9/30/25,8:19:00 AM,EST,Hillsborough,Cooper_Comparison Study,1,8/8/25,,1,,,,,,,,Sample,COND0929202509302025,,
9/29/25,1:29:00 PM,EST,9/30/25,8:19:00 AM,EST,Hillsborough,Cooper_Comparison Study,2,8/8/25,,1,,,,,,,,Sample,COND0929202509302025,,
9/29/25,1:29:00 PM,EST,9/30/25,8:19:00 AM,EST,Hillsborough,Cooper_Comparison Study,3,8/8/25,,1,,,,,,,,Sample,COND0929202509302025,,
9/29/25,1:29:00 PM,EST,9/30/25,8:19:00 AM,EST,Hillsborough,Keystone,1,8/5/25,,1,,,,,,,,Sample,COND0929202509302025,,
9/29/25,1:29:00 PM,EST,9/30/25,8:19:00 AM,EST,Hillsborough,Keystone,2,8/5/25,,1,,,,,,,,Sample,COND0929202509302025,,
9/29/25,1:29:00 PM,EST,9/30/25,8:19:00 AM,EST,Hillsborough,Keystone,3,8/5/25,,1,,,,,,,,Sample,COND0929202509302025,,
9/29/25,1:29:00 PM,EST,9/30/25,8:19:00 AM,EST,Hillsborough,Keystone_Comparison Study,1,8/5/25,,1,,,,,,,,Sample,COND0929202509302025,,
9/29/25,1:29:00 PM,EST,9/30/25,8:19:00 AM,EST,Hillsborough,Keystone_Comparison Study,2,8/5/25,,1,,,,,,,,Sample,COND0929202509302025,,
9/29/25,1:29:00 PM,EST,9/30/25,8:19:00 AM,EST,Hillsborough,Keystone_Comparison Study,3,8/5/25,,1,,,,,,,,Sample,COND0929202509302025,,
9/29/25,1:29:00 PM,EST,9/30/25,8:19:00 AM,EST,Hillsborough,Twin,1,7/22/25,,1,,,,,,,,Sample,COND0929202509302025,,
9/29/25,1:29:00 PM,EST,9/30/25,8:19:00 AM,EST,Hillsborough,Twin,2,7/22/25,,1,,,,,,,,Sample,COND0929202509302025,,
9/29/25,1:29:00 PM,EST,9/30/25,8:19:00 AM,EST,Hillsborough,Twin,3,7/22/25,,1,,,,,,,,Sample,COND0929202509302025,,
9/29/25,1:29:00 PM,EST,9/30/25,8:19:00 AM,EST,Hillsborough,Twin_Comparison,1,7/22/25,,1,,,,,,,,Sample,COND0929202509302025,,
9/29/25,1:29:00 PM,EST,9/30/25,8:19:00 AM,EST,Hillsborough,Twin_Comparison,2,7/22/25,,1,,,,,,,,Sample,COND0929202509302025,,
9/29/25,1:29:00 PM,EST,9/30/25,8:19:00 AM,EST,,,,,,,,,,,Q,Q,,QAQC,COND0929202509302025,,
9/29/25,1:29:00 PM,EST,9/30/25,8:19:00 AM,EST,Hillsborough,Twin_Comparison,3,7/22/25,,1,,,,,,,,QAQC,COND0929202509302025,,
9/29/25,1:29:00 PM,EST,9/30/25,8:19:00 AM,EST,Hillsborough,Twin_Comparison,DUP2,7/22/25,,1,,,,JJ,,,,Sample,COND0929202509302025,,
9/29/25,1:29:00 PM,EST,9/30/25,8:19:00 AM,EST,,,ALTQC2,,,1,,,,JJ,Q,Q,,Sample,COND0929202509302025,,
9/29/25,1:29:00 PM,EST,9/30/25,8:19:00 AM,EST,,,CCV2,,,1,,,,JJ,Q,Q,,Sample,COND0929202509302025,,
9/29/25,1:29:00 PM,EST,9/30/25,8:19:00 AM,EST,,,MBLK3,,,1,,,,JJ,Q,Q,,Sample,COND0929202509302025,,
9/29/25,1:29:00 PM,EST,9/30/25,8:19:00 AM,EST,,,DUP3,,,1,,,,,Q,Q,,QAQC,COND0929202509302025,,
9/29/25,1:29:00 PM,EST,9/30/25,8:19:00 AM,EST,,,ALTQC3,,,1,,,,J,Q,Q,,QAQC,COND0929202509302025,,
9/29/25,1:29:00 PM,EST,9/30/25,8:19:00 AM,EST,,,CCV3,,,1,,,,J,Q,Q,,QAQC,COND0929202509302025,,
9/29/25,1:29:00 PM,EST,9/30/25,8:19:00 AM,EST,,,MLBK4,,,,,,,V,Q,Q,,QAQC,COND0929202509302025,,
9/29/25,1:29:00 PM,EST,9/30/25,8:19:00 AM,EST,,,DUP4,,,,,,,,Q,Q,,QAQC,COND0929202509302025,,
9/29/25,1:29:00 PM,EST,9/30/25,8:19:00 AM,EST,,,ALTQC4,,,,,,,J,Q,Q,,QAQC,COND0929202509302025,,
9/29/25,1:29:00 PM,EST,9/30/25,8:19:00 AM,EST,,,CCV4,,,,,,,J,Q,Q,,QAQC,COND0929202509302025,,
9/29/25,1:29:00 PM,EST,9/30/25,8:19:00 AM,EST,,,MLBK5,,,,,,,V,Q,Q,,QAQC,COND0929202509302025,,
9/29/25,1:29:00 PM,EST,9/30/25,8:19:00 AM,EST,,,DUP5,,,,,,,,Q,Q,,QAQC,COND0929202509302025,,
9/29/25,1:29:00 PM,EST,9/30/25,8:19:00 AM,EST,,,ALTQC5,,,,,,,J,Q,Q,,QAQC,COND0929202509302025,,
9/29/25,1:29:00 PM,EST,9/30/25,8:19:00 AM,EST,,,CCV5,,,,,,,J,Q,Q,,QAQC,COND0929202509302025,,
11/3/25,3:00:00 PM,EST,11/4/25,11:08:00 AM,EST,,,MBLK1,,,1,0,uS/cm,,,Q,Q,,QAQC,COND1103202511042025,,
11/3/25,3:00:00 PM,EST,11/4/25,11:08:00 AM,EST,Putnam,Anderson Cue,1,9/2/25,,1,33,uS/cm,,,Q,Q,,Sample,COND1103202511042025,,
11/3/25,3:00:00 PM,EST,11/4/25,11:08:00 AM,EST,Putnam,Anderson Cue,2,9/2/25,,1,31,uS/cm,,,Q,Q,,Sample,COND1103202511042025,,
11/3/25,3:00:00 PM,EST,11/4/25,11:08:00 AM,EST,Putnam,Anderson Cue,3,9/2/25,,1,32,uS/cm,,,,,,Sample,COND1103202511042025,,
11/3/25,3:00:00 PM,EST,11/4/25,11:08:00 AM,EST,Putnam,Barco,1,9/2/25,,1,29,uS/cm,,,,,,Sample,COND1103202511042025,,
11/3/25,3:00:00 PM,EST,11/4/25,11:08:00 AM,EST,Putnam,Barco,2,9/2/25,,1,29,uS/cm,,,,,,Sample,COND1103202511042025,,
11/3/25,3:00:00 PM,EST,11/4/25,11:08:00 AM,EST,Putnam,Barco,3,9/2/25,,1,31,uS/cm,,,,,,Sample,COND1103202511042025,,
11/3/25,3:00:00 PM,EST,11/4/25,11:08:00 AM,EST,Putnam,Enslow,1,9/2/25,,1,21,uS/cm,,,,,,Sample,COND1103202511042025,,
11/3/25,3:00:00 PM,EST,11/4/25,11:08:00 AM,EST,Putnam,Enslow,2,9/2/25,,1,22,uS/cm,,,,,,Sample,COND1103202511042025,,
11/3/25,3:00:00 PM,EST,11/4/25,11:08:00 AM,EST,Putnam,Enslow,3,9/2/25,,1,50,uS/cm,,,,,,Sample,COND1103202511042025,,
11/3/25,3:00:00 PM,EST,11/4/25,11:08:00 AM,EST,Putnam,Goose,1,9/3/25,,1,62,uS/cm,,,,,,Sample,COND1103202511042025,,
11/3/25,3:00:00 PM,EST,11/4/25,11:08:00 AM,EST,Putnam,Goose,2,9/3/25,,1,61,uS/cm,,,,,,Sample,COND1103202511042025,,
11/3/25,3:00:00 PM,EST,11/4/25,11:08:00 AM,EST,Putnam,Goose,3,9/3/25,,1,61,uS/cm,,,,,,Sample,COND1103202511042025,,
11/3/25,3:00:00 PM,EST,11/4/25,11:08:00 AM,EST,Putnam,McCloud,1,9/2/25,,1,27,uS/cm,,,,,,Sample,COND1103202511042025,,
11/3/25,3:00:00 PM,EST,11/4/25,11:08:00 AM,EST,Putnam,McCloud,2,9/2/25,,1,28,uS/cm,,,,,,Sample,COND1103202511042025,,
11/3/25,3:00:00 PM,EST,11/4/25,11:08:00 AM,EST,Putnam,McCloud,3,9/2/25,,1,27,uS/cm,,,,,,Sample,COND1103202511042025,,
11/3/25,3:00:00 PM,EST,11/4/25,11:08:00 AM,EST,Putnam,Ross,1,9/3/25,,1,64,uS/cm,,,,,,Sample,COND1103202511042025,,
11/3/25,3:00:00 PM,EST,11/4/25,11:08:00 AM,EST,Putnam,Ross,2,9/3/25,,1,65,uS/cm,,,,,,Sample,COND1103202511042025,,
11/3/25,3:00:00 PM,EST,11/4/25,11:08:00 AM,EST,Putnam,Ross,3,9/3/25,,1,64,uS/cm,,,,,,Sample,COND1103202511042025,,
11/3/25,3:00:00 PM,EST,11/4/25,11:08:00 AM,EST,Putnam,Rowan,1,9/2/25,,1,42,uS/cm,,,,,,Sample,COND1103202511042025,,
11/3/25,3:00:00 PM,EST,11/4/25,11:08:00 AM,EST,Putnam,Rowan,DUP1,9/2/25,,1,42,uS/cm,,,,,,QAQC,COND1103202511042025,,
11/3/25,3:00:00 PM,EST,11/4/25,11:08:00 AM,EST,,,ALTQC1,,,1,453,uS/cm,,,Q,Q,,QAQC,COND1103202511042025,,
11/3/25,3:00:00 PM,EST,11/4/25,11:08:00 AM,EST,,,CCV1,,,1,989,uS/cm,,,Q,Q,,QAQC,COND1103202511042025,,
11/3/25,3:00:00 PM,EST,11/4/25,11:08:00 AM,EST,,,MBLK2,,,1,0,uS/cm,,,Q,Q,,QAQC,COND1103202511042025,,
11/3/25,3:00:00 PM,EST,11/4/25,11:08:00 AM,EST,Putnam,Rowan,2,9/2/25,,1,43,uS/cm,,,,,,Sample,COND1103202511042025,,
11/3/25,3:00:00 PM,EST,11/4/25,11:08:00 AM,EST,Putnam,Rowan,3,9/2/25,,1,43,uS/cm,,,,,,Sample,COND1103202511042025,,
11/3/25,3:00:00 PM,EST,11/4/25,11:08:00 AM,EST,Putnam,Suggs,1,9/3/25,,1,72,uS/cm,,,,,,Sample,COND1103202511042025,,
11/3/25,3:00:00 PM,EST,11/4/25,11:08:00 AM,EST,Putnam,Suggs,2,9/3/25,,1,67,uS/cm,,,,,,Sample,COND1103202511042025,,
11/3/25,3:00:00 PM,EST,11/4/25,11:08:00 AM,EST,Putnam,Suggs,3,9/3/25,,1,67,uS/cm,,,,,,Sample,COND1103202511042025,,
11/3/25,3:00:00 PM,EST,11/4/25,11:08:00 AM,EST,Charlotte,LC-1,1,7/22/25,,1,9,mS/cm,,,,,,Sample,COND1103202511042025,,
11/3/25,3:00:00 PM,EST,11/4/25,11:08:00 AM,EST,Charlotte,LC-2,1,7/22/25,,1,24,mS/cm,,,,,,Sample,COND1103202511042025,,
11/3/25,3:00:00 PM,EST,11/4/25,11:08:00 AM,EST,Charlotte,L-6,1,7/15/25,,1,626,uS/cm,,,,,,Sample,COND1103202511042025,,
11/3/25,3:00:00 PM,EST,11/4/25,11:08:00 AM,EST,Charlotte,WF-1,1,7/17/25,,1,7,mS/cm,,,,,,Sample,COND1103202511042025,,
11/3/25,3:00:00 PM,EST,11/4/25,11:08:00 AM,EST,Orange,Big Sand,2,7/21/25,,1,226,uS/cm,,,,,,Sample,COND1103202511042025,,
11/3/25,3:00:00 PM,EST,11/4/25,11:08:00 AM,EST,Volusia,St. John's Harney-3,1,7/24/25,,1,928,uS/cm,,,,,,Sample,COND1103202511042025,,
11/3/25,3:00:00 PM,EST,11/4/25,11:08:00 AM,EST,Volusia,St. John's Jesup-1,1,7/24/25,,1,923,uS/cm,,,,,,Sample,COND1103202511042025,,
11/3/25,3:00:00 PM,EST,11/4/25,11:08:00 AM,EST,Volusia,St. John's Lemon Bluff-2,1,7/24/25,,1,894,uS/cm,,,,,,Sample,COND1103202511042025,,
11/3/25,3:00:00 PM,EST,11/4/25,11:08:00 AM,EST,Volusia,Mud,1,7/24/25,,1,1644,uS/cm,,,,,,Sample,COND1103202511042025,,
11/3/25,3:00:00 PM,EST,11/4/25,11:08:00 AM,EST,Wakulla,Wakulla River-1,1,4/17/25,,1,262,uS/cm,,,Q,Q,,Sample,COND1103202511042025,,
11/3/25,3:00:00 PM,EST,11/4/25,11:08:00 AM,EST,Wakulla,Wakulla River-2,1,4/17/25,,1,251,uS/cm,,,Q,Q,,Sample,COND1103202511042025,,
11/3/25,3:00:00 PM,EST,11/4/25,11:08:00 AM,EST,Wakulla,Wakulla River-3,1,4/17/25,,1,250,uS/cm,,,Q,Q,,Sample,COND1103202511042025,,
11/3/25,3:00:00 PM,EST,11/4/25,11:08:00 AM,EST,Walton,Allen,1,7/27/25,,1,106,uS/cm,,,,,,Sample,COND1103202511042025,,
11/3/25,3:00:00 PM,EST,11/4/25,11:08:00 AM,EST,Walton,CBA Mullet Creek-1,1,7/20/25,,1,421,uS/cm,,,,,,Sample,COND1103202511042025,,
11/3/25,3:00:00 PM,EST,11/4/25,11:08:00 AM,EST,Walton,CBA Mullet Creek-1,DUP2,7/20/25,,1,422,uS/cm,,,,,,QAQC,COND1103202511042025,,
11/3/25,3:00:00 PM,EST,11/4/25,11:08:00 AM,EST,,,ALTQC2,,,1,451,uS/cm,,,Q,Q,,QAQC,COND1103202511042025,,
11/3/25,3:00:00 PM,EST,11/4/25,11:08:00 AM,EST,,,CCV2,,,1,982,uS/cm,,,Q,Q,,QAQC,COND1103202511042025,,
11/3/25,3:00:00 PM,EST,11/4/25,11:08:00 AM,EST,,,MBLK3,,,1,0,uS/cm,,,Q,Q,,QAQC,COND1103202511042025,,
11/3/25,3:00:00 PM,EST,11/4/25,11:08:00 AM,EST,Walton,CBA Mullet Creek-2,1,7/20/25,,1,26,uS/cm,,,,,,Sample,COND1103202511042025,,
11/3/25,3:00:00 PM,EST,11/4/25,11:08:00 AM,EST,Walton,CBA Mullet Creek-3,1,7/20/25,,1,29,uS/cm,,,,,,Sample,COND1103202511042025,,
11/3/25,3:00:00 PM,EST,11/4/25,11:08:00 AM,EST,Walton,Deer,1,7/25/25,,1,24,mS/cm,,,,,,Sample,COND1103202511042025,,
11/3/25,3:00:00 PM,EST,11/4/25,11:08:00 AM,EST,Walton,Draper,1,4/24/25,,1,19,mS/cm,,,Q,Q,,Sample,COND1103202511042025,,
11/3/25,3:00:00 PM,EST,11/4/25,11:08:00 AM,EST,Walton,Draper,1,7/29/25,,1,39,mS/cm,,,,,,Sample,COND1103202511042025,,
11/3/25,3:00:00 PM,EST,11/4/25,11:08:00 AM,EST,Walton,Eastern,1,7/24/25,,1,36,mS/cm,,,,,,Sample,COND1103202511042025,,
11/3/25,3:00:00 PM,EST,11/4/25,11:08:00 AM,EST,Walton,Eastern North,1,7/25/25,,1,19,mS/cm,,,,,,Sample,COND1103202511042025,,
11/3/25,3:00:00 PM,EST,11/4/25,11:08:00 AM,EST,Walton,Fuller,1,7/28/25,,1,92,uS/cm,,,,,,Sample,COND1103202511042025,,
11/3/25,3:00:00 PM,EST,11/4/25,11:08:00 AM,EST,Walton,Grayton,1,7/22/25,,1,15,mS/cm,,,,,,Sample,COND1103202511042025,,
11/3/25,3:00:00 PM,EST,11/4/25,11:08:00 AM,EST,Walton,Little Red Fish,2,7/26/25,,1,9,mS/cm,,,,,,Sample,COND1103202511042025,,
11/3/25,3:00:00 PM,EST,11/4/25,11:08:00 AM,EST,Walton,Morris,1,7/3/25,,1,111,uS/cm,,,,,,Sample,COND1103202511042025,,
11/3/25,3:00:00 PM,EST,11/4/25,11:08:00 AM,EST,Walton,Oyster,1,7/9/25,,1,12,mS/cm,,,,,,Sample,COND1103202511042025,,
11/3/25,3:00:00 PM,EST,11/4/25,11:08:00 AM,EST,Walton,Powell,1,7/9/25,,1,29,mS/cm,,,,,,Sample,COND1103202511042025,,
11/3/25,3:00:00 PM,EST,11/4/25,11:08:00 AM,EST,Walton,Stallworth,3,4/17/25,,1,702,uS/cm,,,Q,Q,,Sample,COND1103202511042025,,
11/3/25,3:00:00 PM,EST,11/4/25,11:08:00 AM,EST,Walton,Stallworth,1,7/3/25,,1,1255,uS/cm,,,,,,Sample,COND1103202511042025,,
11/3/25,3:00:00 PM,EST,11/4/25,11:08:00 AM,EST,Walton,Tresca,1,7/25/25,,1,210,uS/cm,,,,,,Sample,COND1103202511042025,,
11/3/25,3:00:00 PM,EST,11/4/25,11:08:00 AM,EST,Walton,Western,1,7/22/25,,1,8,mS/cm,,,,,,Sample,COND1103202511042025,,
11/3/25,3:00:00 PM,EST,11/4/25,11:08:00 AM,EST,Walton,Western Northeast,1,7/21/25,,1,12,mS/cm,,,,,,Sample,COND1103202511042025,,
11/3/25,3:00:00 PM,EST,11/4/25,11:08:00 AM,EST,Pasco,Wisteria,1,7/22/25,,1,162,uS/cm,,,,,,Sample,COND1103202511042025,,
11/3/25,3:00:00 PM,EST,11/4/25,11:08:00 AM,EST,Pasco,Wisteria,DUP3,7/22/25,,1,162,uS/cm,,,,,,QAQC,COND1103202511042025,,
11/3/25,3:00:00 PM,EST,11/4/25,11:08:00 AM,EST,,,ALTQC3,,,1,451,uS/cm,,,Q,Q,,QAQC,COND1103202511042025,,
11/3/25,3:00:00 PM,EST,11/4/25,11:08:00 AM,EST,,,CCV3,,,1,979,uS/cm,,,Q,Q,,QAQC,COND1103202511042025,,
11/3/25,3:00:00 PM,EST,11/4/25,11:08:00 AM,EST,,,MBLK4,,,,,uS/cm,,V,Q,Q,,QAQC,COND1103202511042025,,
11/3/25,3:00:00 PM,EST,11/4/25,11:08:00 AM,EST,,,DUP4,,,,,uS/cm,,,Q,Q,,QAQC,COND1103202511042025,,
11/3/25,3:00:00 PM,EST,11/4/25,11:08:00 AM,EST,,,ALTQC4,,,,,uS/cm,,J,Q,Q,,QAQC,COND1103202511042025,,
11/3/25,3:00:00 PM,EST,11/4/25,11:08:00 AM,EST,,,CCV4,,,,,uS/cm,,J,Q,Q,,QAQC,COND1103202511042025,,
11/3/25,3:00:00 PM,EST,11/4/25,11:08:00 AM,EST,,,MBLK5,,,,,uS/cm,,V,Q,Q,,QAQC,COND1103202511042025,,
11/3/25,3:00:00 PM,EST,11/4/25,11:08:00 AM,EST,,,DUP5,,,,,uS/cm,,,Q,Q,,QAQC,COND1103202511042025,,
11/3/25,3:00:00 PM,EST,11/4/25,11:08:00 AM,EST,,,ALTQC5,,,,,uS/cm,,J,Q,Q,,QAQC,COND1103202511042025,,
11/3/25,3:00:00 PM,EST,11/4/25,11:08:00 AM,EST,,,CCV5,,,,,uS/cm,,J,Q,Q,,QAQC,COND1103202511042025,,
11/4/25,1:29:00 PM,EST,11/5/25,7:57:00 AM,EST,,,MBLK1,,,1,1,,,,Q,Q,,QAQC,COND1104202511052025,,
11/4/25,1:29:00 PM,EST,11/5/25,7:57:00 AM,EST,Alachua,Little Santa Fe,2,9/23/25,,1,79,,,,Q,Q,,Sample,COND1104202511052025,,
11/4/25,1:29:00 PM,EST,11/5/25,7:57:00 AM,EST,Alachua,Melrose Bay,2,9/23/25,,1,74,,,,Q,Q,,Sample,COND1104202511052025,,
11/4/25,1:29:00 PM,EST,11/5/25,7:57:00 AM,EST,Alachua,Santa Fe,2,9/23/25,,1,70,,,,,,,Sample,COND1104202511052025,,
11/4/25,1:29:00 PM,EST,11/5/25,7:57:00 AM,EST,Alachua,Santa Fe-barricade,1,9/23/25,,1,64,,,,,,,Sample,COND1104202511052025,,
11/4/25,1:29:00 PM,EST,11/5/25,7:57:00 AM,EST,Alachua,Santa Fe-Blue Bayou,1,9/23/25,,1,75,,,,,,,Sample,COND1104202511052025,,
11/4/25,1:29:00 PM,EST,11/5/25,7:57:00 AM,EST,Alachua,Santa Fe-canal mouth,1,9/23/25,,1,68,,,,,,,Sample,COND1104202511052025,,
11/4/25,1:29:00 PM,EST,11/5/25,7:57:00 AM,EST,Alachua,Santa Fe-Painter Canal,1,9/23/25,,1,68,,,,,,,Sample,COND1104202511052025,,
11/4/25,1:29:00 PM,EST,11/5/25,7:57:00 AM,EST,Alachua,Orange,1,7/11/25,,1,90,,,,,,,Sample,COND1104202511052025,,
11/4/25,1:29:00 PM,EST,11/5/25,7:57:00 AM,EST,Alachua,Orange,3,7/11/25,,1,111,,,,,,,Sample,COND1104202511052025,,
11/4/25,1:29:00 PM,EST,11/5/25,7:57:00 AM,EST,Alachua,Orange,1,8/12/25,,1,75,,,,,,,Sample,COND1104202511052025,,
11/4/25,1:29:00 PM,EST,11/5/25,7:57:00 AM,EST,Alachua,Orange,2,8/12/25,,1,74,,,,,,,Sample,COND1104202511052025,,
11/4/25,1:29:00 PM,EST,11/5/25,7:57:00 AM,EST,Alachua,Orange,3,8/12/25,,1,76,,,,,,,Sample,COND1104202511052025,,
11/4/25,1:29:00 PM,EST,11/5/25,7:57:00 AM,EST,Alachua,Orange,4,8/12/25,,1,84,,,,,,,Sample,COND1104202511052025,,
11/4/25,1:29:00 PM,EST,11/5/25,7:57:00 AM,EST,Alachua,Orange,5,8/12/25,,1,121,,,,,,,Sample,COND1104202511052025,,
11/4/25,1:29:00 PM,EST,11/5/25,7:57:00 AM,EST,Charlotte,Oakland Hills End,1,7/9/25,,1,1019,,,,,,,Sample,COND1104202511052025,,
11/4/25,1:29:00 PM,EST,11/5/25,7:57:00 AM,EST,Charlotte,Pine Valley End,1,7/9/25,,1,962,,,,,,,Sample,COND1104202511052025,,
11/4/25,1:29:00 PM,EST,11/5/25,7:57:00 AM,EST,Charlotte,WF-2,1,7/17/25,,1,3394,,,,,,,Sample,COND1104202511052025,,
11/4/25,1:29:00 PM,EST,11/5/25,7:57:00 AM,EST,Charlotte,WF-3,1,7/17/25,,1,4655,,,,,,,Sample,COND1104202511052025,,
11/4/25,1:29:00 PM,EST,11/5/25,7:57:00 AM,EST,Charlotte,WF-4,1,7/17/25,,1,15,,,,,,,Sample,COND1104202511052025,,
11/4/25,1:29:00 PM,EST,11/5/25,7:57:00 AM,EST,Charlotte,WF-4,DUP1,7/17/25,,1,15,,,,,,,QAQC,COND1104202511052025,,
11/4/25,1:29:00 PM,EST,11/5/25,7:57:00 AM,EST,,,ALTQC1,,,1,462,,,,Q,Q,,QAQC,COND1104202511052025,,
11/4/25,1:29:00 PM,EST,11/5/25,7:57:00 AM,EST,,,CCV1,,,1,988,,,,Q,Q,,QAQC,COND1104202511052025,,
11/4/25,1:29:00 PM,EST,11/5/25,7:57:00 AM,EST,,,MLBK2,,,1,1,,,,Q,Q,,QAQC,COND1104202511052025,,
11/4/25,1:29:00 PM,EST,11/5/25,7:57:00 AM,EST,Charlotte,WF-5,1,7/17/25,,1,894,,,,,,,Sample,COND1104202511052025,,
11/4/25,1:29:00 PM,EST,11/5/25,7:57:00 AM,EST,Charlotte,WF-6,1,7/17/25,,1,2155,,,,,,,Sample,COND1104202511052025,,
11/4/25,1:29:00 PM,EST,11/5/25,7:57:00 AM,EST,Charlotte,White Marsh Inflow,1,7/31/25,,1,775,,,,,,,Sample,COND1104202511052025,,
11/4/25,1:29:00 PM,EST,11/5/25,7:57:00 AM,EST,Columbia,Rum Island Spring-1,1,7/17/25,,1,314,,,,,,,Sample,COND1104202511052025,,
11/4/25,1:29:00 PM,EST,11/5/25,7:57:00 AM,EST,Gilchrist,Ginnie Spring Run-1,1,7/17/25,,1,278,,,,,,,Sample,COND1104202511052025,,
11/4/25,1:29:00 PM,EST,11/5/25,7:57:00 AM,EST,Hillsborough,Cedar West,1,7/26/25,,1,239,,,,,,,Sample,COND1104202511052025,,
11/4/25,1:29:00 PM,EST,11/5/25,7:57:00 AM,EST,Hillsborough,Heather,1,7/3/25,,1,286,,,,,,,Sample,COND1104202511052025,,
11/4/25,1:29:00 PM,EST,11/5/25,7:57:00 AM,EST,Hillsborough,North Pond,1,7/5/25,,1,224,,,,,,,Sample,COND1104202511052025,,
11/4/25,1:29:00 PM,EST,11/5/25,7:57:00 AM,EST,Lake,Bay,1,7/18/25,,1,107,,,,,,,Sample,COND1104202511052025,,
11/4/25,1:29:00 PM,EST,11/5/25,7:57:00 AM,EST,Lake,Florence,1,7/8/25,,1,2731,,,,,,,Sample,COND1104202511052025,,
11/4/25,1:29:00 PM,EST,11/5/25,7:57:00 AM,EST,Leon,Miccusukee,1,8/15/25,,1,41,,,,,,,Sample,COND1104202511052025,,
11/4/25,1:29:00 PM,EST,11/5/25,7:57:00 AM,EST,Leon,Miccusukee,2,8/15/25,,1,58,,,,,,,Sample,COND1104202511052025,,
11/4/25,1:29:00 PM,EST,11/5/25,7:57:00 AM,EST,Leon,Miccusukee,3,8/15/25,,1,52,,,,,,,Sample,COND1104202511052025,,
11/4/25,1:29:00 PM,EST,11/5/25,7:57:00 AM,EST,Leon,Miccusukee,4,8/15/25,,1,45,,,,,,,Sample,COND1104202511052025,,
11/4/25,1:29:00 PM,EST,11/5/25,7:57:00 AM,EST,Leon,Miccusukee,5,8/15/25,,1,54,,,,,,,Sample,COND1104202511052025,,
11/4/25,1:29:00 PM,EST,11/5/25,7:57:00 AM,EST,Orange,Avalon,1,7/26/25,,1,188,,,,,,,Sample,COND1104202511052025,,
11/4/25,1:29:00 PM,EST,11/5/25,7:57:00 AM,EST,Orange,Butler,1,7/27/25,,1,260,,,,,,,Sample,COND1104202511052025,,
11/4/25,1:29:00 PM,EST,11/5/25,7:57:00 AM,EST,Orange,Butler Wetland,1,7/27/25,,1,293,,,,,,,Sample,COND1104202511052025,,
11/4/25,1:29:00 PM,EST,11/5/25,7:57:00 AM,EST,Orange,Claire,1,7/18/25,,1,192,,,,,,,Sample,COND1104202511052025,,
11/4/25,1:29:00 PM,EST,11/5/25,7:57:00 AM,EST,Orange,Claire,DUP2,7/18/25,,1,192,,,,,,,QAQC,COND1104202511052025,,
11/4/25,1:29:00 PM,EST,11/5/25,7:57:00 AM,EST,,,ALTQC2,,,1,454,,,,Q,Q,,QAQC,COND1104202511052025,,
11/4/25,1:29:00 PM,EST,11/5/25,7:57:00 AM,EST,,,CCV2,,,1,982,,,,Q,Q,,QAQC,COND1104202511052025,,
11/4/25,1:29:00 PM,EST,11/5/25,7:57:00 AM,EST,,,MLBK3,,,1,1,,,,Q,Q,,QAQC,COND1104202511052025,,
11/4/25,1:29:00 PM,EST,11/5/25,7:57:00 AM,EST,Orange,Conway South,1,7/27/25,,1,218,,,,,,,Sample,COND1104202511052025,,
11/4/25,1:29:00 PM,EST,11/5/25,7:57:00 AM,EST,Orange,East,1,7/5/25,,1,101,,,,,,,Sample,COND1104202511052025,,
11/4/25,1:29:00 PM,EST,11/5/25,7:57:00 AM,EST,Orange,Eola,1,7/24/25,,1,218,,,,,,,Sample,COND1104202511052025,,
11/4/25,1:29:00 PM,EST,11/5/25,7:57:00 AM,EST,Orange,Holden,1,7/25/25,,1,176,,,,,,,Sample,COND1104202511052025,,
11/4/25,1:29:00 PM,EST,11/5/25,7:57:00 AM,EST,Orange,Killarney,1,7/26/25,,1,180,,,,,,,Sample,COND1104202511052025,,
11/4/25,1:29:00 PM,EST,11/5/25,7:57:00 AM,EST,Orange,Lee,1,7/24/25,,1,174,,,,,,,Sample,COND1104202511052025,,
11/4/25,1:29:00 PM,EST,11/5/25,7:57:00 AM,EST,Orange,Little Hickorynut,1,7/27/25,,1,182,,,,,,,Sample,COND1104202511052025,,
11/4/25,1:29:00 PM,EST,11/5/25,7:57:00 AM,EST,Orange,Osceola,1,7/28/25,,1,151,,,,,,,Sample,COND1104202511052025,,
11/4/25,1:29:00 PM,EST,11/5/25,7:57:00 AM,EST,Orange,Rose,1,7/16/25,,1,147,,,,,,,Sample,COND1104202511052025,,
11/4/25,1:29:00 PM,EST,11/5/25,7:57:00 AM,EST,Orange,Virginia,1,7/24/25,,1,165,,,,,,,Sample,COND1104202511052025,,
11/4/25,1:29:00 PM,EST,11/5/25,7:57:00 AM,EST,Orange,Waunatta,1,7/24/25,,1,137,,,,,,,Sample,COND1104202511052025,,
11/4/25,1:29:00 PM,EST,11/5/25,7:57:00 AM,EST,Orange,Weldona,1,7/30/25,,1,229,,,,,,,Sample,COND1104202511052025,,
11/4/25,1:29:00 PM,EST,11/5/25,7:57:00 AM,EST,Osceola,Fish,1,7/19/25,,1,221,,,,,,,Sample,COND1104202511052025,,
11/4/25,1:29:00 PM,EST,11/5/25,7:57:00 AM,EST,Palm Beach,Green Cay,1,7/23/25,,1,956,,,,,,,Sample,COND1104202511052025,,
11/4/25,1:29:00 PM,EST,11/5/25,7:57:00 AM,EST,Sarasota,Egret,1,7/14/25,,1,905,,,,,,,Sample,COND1104202511052025,,
11/4/25,1:29:00 PM,EST,11/5/25,7:57:00 AM,EST,Sarasota,Heron,1,7/14/25,,1,847,,,,,,,Sample,COND1104202511052025,,
11/4/25,1:29:00 PM,EST,11/5/25,7:57:00 AM,EST,Sarasota,HO6,1,7/15/25,,1,516,,,,,,,Sample,COND1104202511052025,,
11/4/25,1:29:00 PM,EST,11/5/25,7:57:00 AM,EST,Washington,CBA Holmes Creek-2,1,7/16/25,,1,110,,,,,,,Sample,COND1104202511052025,,
11/4/25,1:29:00 PM,EST,11/5/25,7:57:00 AM,EST,Washington,CBA Holmes Creek-3,1,7/16/25,,1,147,,,,,,,Sample,COND1104202511052025,,
11/4/25,1:29:00 PM,EST,11/5/25,7:57:00 AM,EST,Washington,CBA Holmes Creek-3,DUP3,7/16/25,,1,147,,,,,,,QAQC,COND1104202511052025,,
11/4/25,1:29:00 PM,EST,11/5/25,7:57:00 AM,EST,,,ALTQC3,,,1,445,,,,Q,Q,,QAQC,COND1104202511052025,,
11/4/25,1:29:00 PM,EST,11/5/25,7:57:00 AM,EST,,,CCV3,,,1,959,,,,Q,Q,,QAQC,COND1104202511052025,,
11/4/25,1:29:00 PM,EST,11/5/25,7:57:00 AM,EST,,,MLBK4,,,,,,,,Q,Q,,QAQC,COND1104202511052025,,
11/4/25,1:29:00 PM,EST,11/5/25,7:57:00 AM,EST,,,DUP4,,,,,,,,Q,Q,,QAQC,COND1104202511052025,,
11/4/25,1:29:00 PM,EST,11/5/25,7:57:00 AM,EST,,,ALTQC4,,,,,,,,Q,Q,,QAQC,COND1104202511052025,,
11/4/25,1:29:00 PM,EST,11/5/25,7:57:00 AM,EST,,,CCV4,,,,,,,,Q,Q,,QAQC,COND1104202511052025,,
11/4/25,1:29:00 PM,EST,11/5/25,7:57:00 AM,EST,,,MLBK5,,,,,,,,Q,Q,,QAQC,COND1104202511052025,,
11/4/25,1:29:00 PM,EST,11/5/25,7:57:00 AM,EST,,,DUP5,,,,,,,,Q,Q,,QAQC,COND1104202511052025,,
11/4/25,1:29:00 PM,EST,11/5/25,7:57:00 AM,EST,,,ALTQC5,,,,,,,,Q,Q,,QAQC,COND1104202511052025,,
11/4/25,1:29:00 PM,EST,11/5/25,7:57:00 AM,EST,,,CCV5,,,,,,,,Q,Q,,QAQC,COND1104202511052025,,