ADAPT Analyte ID,Org Analyte Name,Activity Type,Sample Collection Type,Sample Collection Equipment,Activity Depth,Activity Depth Unit,Total Depth,Total Depth Unit,Analysis Method,Sample Fraction,Preparation_Date,Preparation_Time,Preparation Time Zone,Analysis_Date,Analysis_Time,Analysis Time Zone,County,Site,Station,Activity_Start_Date,Activity_Start_Time,Activity Time Zone,Org Result Value,Org Result Unit,Org MDL,Org PQL,Org Detection Unit,Value_Qualifier,Result Comments,Result Value Type Name,Dilution
1910,Phosphorus- Total,Sample,Direct Grab,Water Bottle,0.3,m,,,LAKEWATCH-TP,Total,4/4/24,10:00:00 AM,EDT,4/9/24,12:22:00 PM,EDT,Citrus,CIT-CRY,1,3/6/24,,EST,21,ug/L,6,19,ug/L,,,Actual,1
1910,Phosphorus- Total,Sample,Direct Grab,Water Bottle,0.3,m,,,LAKEWATCH-TP,Total,4/4/24,10:00:00 AM,EDT,4/9/24,12:22:00 PM,EDT,Citrus,CIT-CRY,2,3/6/24,,EST,28,ug/L,6,19,ug/L,,,Actual,1
1910,Phosphorus- Total,Sample,Direct Grab,Water Bottle,0.3,m,,,LAKEWATCH-TP,Total,4/4/24,10:00:00 AM,EDT,4/9/24,12:22:00 PM,EDT,Citrus,CIT-CRY,3,3/6/24,,EST,26,ug/L,6,19,ug/L,,,Actual,1
1910,Phosphorus- Total,Sample,Direct Grab,Water Bottle,0.3,m,,,LAKEWATCH-TP,Total,4/4/24,10:00:00 AM,EDT,4/9/24,12:22:00 PM,EDT,Citrus,CIT-CRY,4,3/6/24,,EST,35,ug/L,6,19,ug/L,,,Actual,1
1910,Phosphorus- Total,Sample,Direct Grab,Water Bottle,0.3,m,,,LAKEWATCH-TP,Total,4/4/24,10:00:00 AM,EDT,4/9/24,12:22:00 PM,EDT,Citrus,CIT-CRY,5,3/6/24,,EST,17,ug/L,6,19,ug/L,I,,Actual,1
1910,Phosphorus- Total,Sample,Direct Grab,Water Bottle,0.3,m,,,LAKEWATCH-TP,Total,4/4/24,10:00:00 AM,EDT,4/9/24,12:22:00 PM,EDT,Citrus,CIT-CRY,6,3/6/24,,EST,16,ug/L,6,19,ug/L,I,,Actual,1
1910,Phosphorus- Total,Sample,Direct Grab,Water Bottle,0.3,m,,,LAKEWATCH-TP,Total,4/4/24,10:00:00 AM,EDT,4/9/24,12:22:00 PM,EDT,Citrus,CIT-CRY,7,3/6/24,,EST,18,ug/L,6,19,ug/L,I,,Actual,1
1910,Phosphorus- Total,Sample,Direct Grab,Water Bottle,0.3,m,,,LAKEWATCH-TP,Total,4/4/24,10:00:00 AM,EDT,4/9/24,12:22:00 PM,EDT,Citrus,CIT-CRY,8,3/6/24,,EST,11,ug/L,6,19,ug/L,I,,Actual,1
1910,Phosphorus- Total,Sample,Direct Grab,Water Bottle,0.3,m,,,LAKEWATCH-TP,Total,4/4/24,10:00:00 AM,EDT,4/9/24,12:22:00 PM,EDT,Citrus,CIT-CRY,9,3/6/24,,EST,14,ug/L,6,19,ug/L,I,,Actual,1
1910,Phosphorus- Total,Sample,Direct Grab,Water Bottle,0.3,m,,,LAKEWATCH-TP,Total,4/4/24,10:00:00 AM,EDT,4/9/24,12:22:00 PM,EDT,Citrus,CIT-CRY,10,3/6/24,,EST,29,ug/L,6,19,ug/L,,,Actual,1
1910,Phosphorus- Total,Sample,Direct Grab,Water Bottle,0.3,m,,,LAKEWATCH-TP,Total,1/29/24,12:50:00 PM,EST,1/31/24,10:23:00 AM,EST,Citrus,CIT-CRY,1,1/24/24,,EST,16,ug/L,6,19,ug/L,I,,Actual,1
1910,Phosphorus- Total,Sample,Direct Grab,Water Bottle,0.3,m,,,LAKEWATCH-TP,Total,1/29/24,12:50:00 PM,EST,1/31/24,10:23:00 AM,EST,Citrus,CIT-CRY,2,1/24/24,,EST,20,ug/L,6,19,ug/L,,,Actual,1
1910,Phosphorus- Total,Sample,Direct Grab,Water Bottle,0.3,m,,,LAKEWATCH-TP,Total,1/29/24,12:50:00 PM,EST,1/31/24,10:23:00 AM,EST,Citrus,CIT-CRY,3,1/24/24,,EST,26,ug/L,6,19,ug/L,,,Actual,1
1910,Phosphorus- Total,Sample,Direct Grab,Water Bottle,0.3,m,,,LAKEWATCH-TP,Total,1/29/24,12:50:00 PM,EST,1/31/24,10:23:00 AM,EST,Citrus,CIT-CRY,4,1/24/24,,EST,30,ug/L,6,19,ug/L,,,Actual,1
1910,Phosphorus- Total,Sample,Direct Grab,Water Bottle,0.3,m,,,LAKEWATCH-TP,Total,1/29/24,12:50:00 PM,EST,1/31/24,10:23:00 AM,EST,Citrus,CIT-CRY,5,1/24/24,,EST,13,ug/L,6,19,ug/L,I,,Actual,1
1910,Phosphorus- Total,Sample,Direct Grab,Water Bottle,0.3,m,,,LAKEWATCH-TP,Total,1/29/24,12:50:00 PM,EST,1/31/24,10:23:00 AM,EST,Citrus,CIT-CRY,6,1/24/24,,EST,14,ug/L,6,19,ug/L,I,,Actual,1
1910,Phosphorus- Total,Sample,Direct Grab,Water Bottle,0.3,m,,,LAKEWATCH-TP,Total,1/29/24,12:50:00 PM,EST,1/31/24,10:23:00 AM,EST,Citrus,CIT-CRY,7,1/24/24,,EST,17,ug/L,6,19,ug/L,I,,Actual,1
1910,Phosphorus- Total,Sample,Direct Grab,Water Bottle,0.3,m,,,LAKEWATCH-TP,Total,1/29/24,12:50:00 PM,EST,1/31/24,10:23:00 AM,EST,Citrus,CIT-CRY,8,1/24/24,,EST,13,ug/L,6,19,ug/L,I,,Actual,1
1910,Phosphorus- Total,Sample,Direct Grab,Water Bottle,0.3,m,,,LAKEWATCH-TP,Total,1/29/24,12:50:00 PM,EST,1/31/24,10:23:00 AM,EST,Citrus,CIT-CRY,9,1/24/24,,EST,17,ug/L,6,19,ug/L,I,,Actual,1
1910,Phosphorus- Total,Sample,Direct Grab,Water Bottle,0.3,m,,,LAKEWATCH-TP,Total,1/29/24,12:50:00 PM,EST,1/31/24,10:23:00 AM,EST,Citrus,CIT-CRY,10,1/24/24,,EST,26,ug/L,6,19,ug/L,,,Actual,1
1910,Phosphorus- Total,Sample,Direct Grab,Water Bottle,0.3,m,,,LAKEWATCH-TP,Total,2/28/24,12:21:00 PM,EST,2/29/24,12:25:00 PM,EST,Citrus,CIT-CRY,1,2/9/24,,EST,15,ug/L,6,19,ug/L,I,,Actual,1
1910,Phosphorus- Total,Sample,Direct Grab,Water Bottle,0.3,m,,,LAKEWATCH-TP,Total,2/28/24,12:21:00 PM,EST,2/29/24,12:25:00 PM,EST,Citrus,CIT-CRY,2,2/9/24,,EST,22,ug/L,6,19,ug/L,,,Actual,1
1910,Phosphorus- Total,Sample,Direct Grab,Water Bottle,0.3,m,,,LAKEWATCH-TP,Total,2/28/24,12:21:00 PM,EST,2/29/24,12:25:00 PM,EST,Citrus,CIT-CRY,3,2/9/24,,EST,27,ug/L,6,19,ug/L,,,Actual,1
1910,Phosphorus- Total,Sample,Direct Grab,Water Bottle,0.3,m,,,LAKEWATCH-TP,Total,2/28/24,12:21:00 PM,EST,2/29/24,12:25:00 PM,EST,Citrus,CIT-CRY,4,2/9/24,,EST,33,ug/L,6,19,ug/L,,,Actual,1
1910,Phosphorus- Total,Sample,Direct Grab,Water Bottle,0.3,m,,,LAKEWATCH-TP,Total,2/28/24,12:21:00 PM,EST,2/29/24,12:25:00 PM,EST,Citrus,CIT-CRY,5,2/9/24,,EST,12,ug/L,6,19,ug/L,I,,Actual,1
1910,Phosphorus- Total,Sample,Direct Grab,Water Bottle,0.3,m,,,LAKEWATCH-TP,Total,2/28/24,12:21:00 PM,EST,2/29/24,12:25:00 PM,EST,Citrus,CIT-CRY,6,2/9/24,,EST,13,ug/L,6,19,ug/L,I,,Actual,1
1910,Phosphorus- Total,Sample,Direct Grab,Water Bottle,0.3,m,,,LAKEWATCH-TP,Total,2/28/24,12:21:00 PM,EST,2/29/24,12:25:00 PM,EST,Citrus,CIT-CRY,7,2/9/24,,EST,15,ug/L,6,19,ug/L,I,,Actual,1
1910,Phosphorus- Total,Sample,Direct Grab,Water Bottle,0.3,m,,,LAKEWATCH-TP,Total,2/28/24,12:21:00 PM,EST,2/29/24,12:25:00 PM,EST,Citrus,CIT-CRY,8,2/9/24,,EST,10,ug/L,6,19,ug/L,I,,Actual,1
1910,Phosphorus- Total,Sample,Direct Grab,Water Bottle,0.3,m,,,LAKEWATCH-TP,Total,2/28/24,12:21:00 PM,EST,2/29/24,12:25:00 PM,EST,Citrus,CIT-CRY,9,2/9/24,,EST,36,ug/L,6,19,ug/L,,,Actual,1
1910,Phosphorus- Total,Sample,Direct Grab,Water Bottle,0.3,m,,,LAKEWATCH-TP,Total,2/28/24,12:21:00 PM,EST,2/29/24,12:25:00 PM,EST,Citrus,CIT-CRY,10,2/9/24,,EST,18,ug/L,6,19,ug/L,I,,Actual,1
1910,Phosphorus- Total,Sample,Direct Grab,Water Bottle,0.3,m,,,LAKEWATCH-TP,Total,4/4/24,10:00:00 AM,EDT,4/9/24,12:22:00 PM,EDT,Citrus,CIT-HOM,1,3/14/24,,EST,11,ug/L,6,19,ug/L,I,,Actual,1
1910,Phosphorus- Total,Sample,Direct Grab,Water Bottle,0.3,m,,,LAKEWATCH-TP,Total,4/4/24,10:00:00 AM,EDT,4/9/24,12:22:00 PM,EDT,Citrus,CIT-HOM,2,3/14/24,,EST,13,ug/L,6,19,ug/L,I,,Actual,1
1910,Phosphorus- Total,Sample,Direct Grab,Water Bottle,0.3,m,,,LAKEWATCH-TP,Total,4/4/24,10:00:00 AM,EDT,4/9/24,12:22:00 PM,EDT,Citrus,CIT-HOM,3,3/14/24,,EST,14,ug/L,6,19,ug/L,I,,Actual,1
1910,Phosphorus- Total,Sample,Direct Grab,Water Bottle,0.3,m,,,LAKEWATCH-TP,Total,4/4/24,10:00:00 AM,EDT,4/9/24,12:22:00 PM,EDT,Citrus,CIT-HOM,4,3/14/24,,EST,21,ug/L,6,19,ug/L,,,Actual,1
1910,Phosphorus- Total,Sample,Direct Grab,Water Bottle,0.3,m,,,LAKEWATCH-TP,Total,4/4/24,10:00:00 AM,EDT,4/9/24,12:22:00 PM,EDT,Citrus,CIT-HOM,5,3/14/24,,EST,24,ug/L,6,19,ug/L,,,Actual,1
1910,Phosphorus- Total,Sample,Direct Grab,Water Bottle,0.3,m,,,LAKEWATCH-TP,Total,4/4/24,10:00:00 AM,EDT,4/9/24,12:22:00 PM,EDT,Citrus,CIT-HOM,6,3/14/24,,EST,13,ug/L,6,19,ug/L,I,,Actual,1
1910,Phosphorus- Total,Sample,Direct Grab,Water Bottle,0.3,m,,,LAKEWATCH-TP,Total,4/4/24,10:00:00 AM,EDT,4/9/24,12:22:00 PM,EDT,Citrus,CIT-HOM,7,3/14/24,,EST,13,ug/L,6,19,ug/L,I,,Actual,1
1910,Phosphorus- Total,Sample,Direct Grab,Water Bottle,0.3,m,,,LAKEWATCH-TP,Total,4/4/24,10:00:00 AM,EDT,4/9/24,12:22:00 PM,EDT,Citrus,CIT-HOM,8,3/14/24,,EST,13,ug/L,6,19,ug/L,I,,Actual,1
1910,Phosphorus- Total,Sample,Direct Grab,Water Bottle,0.3,m,,,LAKEWATCH-TP,Total,4/4/24,10:00:00 AM,EDT,4/9/24,12:22:00 PM,EDT,Citrus,CIT-HOM,9,3/14/24,,EST,9,ug/L,6,19,ug/L,I,,Actual,1
1910,Phosphorus- Total,Sample,Direct Grab,Water Bottle,0.3,m,,,LAKEWATCH-TP,Total,4/4/24,10:00:00 AM,EDT,4/9/24,12:22:00 PM,EDT,Citrus,CIT-HOM,10,3/14/24,,EST,12,ug/L,6,19,ug/L,I,,Actual,1
1910,Phosphorus- Total,Sample,Direct Grab,Water Bottle,0.3,m,,,LAKEWATCH-TP,Total,1/29/24,12:50:00 PM,EST,1/31/24,10:23:00 AM,EST,Citrus,CIT-HOM,1,1/11/24,,EST,11,ug/L,6,19,ug/L,I,,Actual,1
1910,Phosphorus- Total,Sample,Direct Grab,Water Bottle,0.3,m,,,LAKEWATCH-TP,Total,1/29/24,12:50:00 PM,EST,1/31/24,10:23:00 AM,EST,Citrus,CIT-HOM,2,1/11/24,,EST,8,ug/L,6,19,ug/L,I,,Actual,1
1910,Phosphorus- Total,Sample,Direct Grab,Water Bottle,0.3,m,,,LAKEWATCH-TP,Total,1/29/24,12:50:00 PM,EST,1/31/24,10:23:00 AM,EST,Citrus,CIT-HOM,3,1/11/24,,EST,10,ug/L,6,19,ug/L,I,,Actual,1
1910,Phosphorus- Total,Sample,Direct Grab,Water Bottle,0.3,m,,,LAKEWATCH-TP,Total,1/29/24,12:50:00 PM,EST,1/31/24,10:23:00 AM,EST,Citrus,CIT-HOM,4,1/11/24,,EST,25,ug/L,6,19,ug/L,,,Actual,1
1910,Phosphorus- Total,Sample,Direct Grab,Water Bottle,0.3,m,,,LAKEWATCH-TP,Total,1/29/24,12:50:00 PM,EST,1/31/24,10:23:00 AM,EST,Citrus,CIT-HOM,5,1/11/24,,EST,21,ug/L,6,19,ug/L,,,Actual,1
1910,Phosphorus- Total,Sample,Direct Grab,Water Bottle,0.3,m,,,LAKEWATCH-TP,Total,1/29/24,12:50:00 PM,EST,1/31/24,10:23:00 AM,EST,Citrus,CIT-HOM,6,1/11/24,,EST,7,ug/L,6,19,ug/L,I,,Actual,1
1910,Phosphorus- Total,Sample,Direct Grab,Water Bottle,0.3,m,,,LAKEWATCH-TP,Total,1/29/24,12:50:00 PM,EST,1/31/24,10:23:00 AM,EST,Citrus,CIT-HOM,7,1/11/24,,EST,9,ug/L,6,19,ug/L,I,,Actual,1
1910,Phosphorus- Total,Sample,Direct Grab,Water Bottle,0.3,m,,,LAKEWATCH-TP,Total,1/29/24,12:50:00 PM,EST,1/31/24,10:23:00 AM,EST,Citrus,CIT-HOM,8,1/11/24,,EST,14,ug/L,6,19,ug/L,I,,Actual,1
1910,Phosphorus- Total,Sample,Direct Grab,Water Bottle,0.3,m,,,LAKEWATCH-TP,Total,1/29/24,12:50:00 PM,EST,1/31/24,10:23:00 AM,EST,Citrus,CIT-HOM,9,1/11/24,,EST,11,ug/L,6,19,ug/L,I,,Actual,1
1910,Phosphorus- Total,Sample,Direct Grab,Water Bottle,0.3,m,,,LAKEWATCH-TP,Total,1/29/24,12:50:00 PM,EST,1/31/24,10:23:00 AM,EST,Citrus,CIT-HOM,10,1/11/24,,EST,9,ug/L,6,19,ug/L,I,,Actual,1
1910,Phosphorus- Total,Sample,Direct Grab,Water Bottle,0.3,m,,,LAKEWATCH-TP,Total,2/28/24,12:21:00 PM,EST,2/29/24,12:25:00 PM,EST,Citrus,CIT-HOM,1,2/1/24,,EST,9,ug/L,6,19,ug/L,I,,Actual,1
1910,Phosphorus- Total,Sample,Direct Grab,Water Bottle,0.3,m,,,LAKEWATCH-TP,Total,2/28/24,12:21:00 PM,EST,2/29/24,12:25:00 PM,EST,Citrus,CIT-HOM,2,2/1/24,,EST,10,ug/L,6,19,ug/L,I,,Actual,1
1910,Phosphorus- Total,Sample,Direct Grab,Water Bottle,0.3,m,,,LAKEWATCH-TP,Total,2/28/24,12:21:00 PM,EST,2/29/24,12:25:00 PM,EST,Citrus,CIT-HOM,3,2/1/24,,EST,9,ug/L,6,19,ug/L,I,,Actual,1
1910,Phosphorus- Total,Sample,Direct Grab,Water Bottle,0.3,m,,,LAKEWATCH-TP,Total,2/28/24,12:21:00 PM,EST,2/29/24,12:25:00 PM,EST,Citrus,CIT-HOM,4,2/1/24,,EST,15,ug/L,6,19,ug/L,I,,Actual,1
1910,Phosphorus- Total,Sample,Direct Grab,Water Bottle,0.3,m,,,LAKEWATCH-TP,Total,2/28/24,12:21:00 PM,EST,2/29/24,12:25:00 PM,EST,Citrus,CIT-HOM,5,2/1/24,,EST,25,ug/L,6,19,ug/L,,,Actual,1
1910,Phosphorus- Total,Sample,Direct Grab,Water Bottle,0.3,m,,,LAKEWATCH-TP,Total,2/28/24,12:21:00 PM,EST,2/29/24,12:25:00 PM,EST,Citrus,CIT-HOM,6,2/1/24,,EST,5,ug/L,6,19,ug/L,TI,,Actual,1
1910,Phosphorus- Total,Sample,Direct Grab,Water Bottle,0.3,m,,,LAKEWATCH-TP,Total,2/28/24,12:21:00 PM,EST,2/29/24,12:25:00 PM,EST,Citrus,CIT-HOM,7,2/1/24,,EST,9,ug/L,6,19,ug/L,I,,Actual,1
1910,Phosphorus- Total,Sample,Direct Grab,Water Bottle,0.3,m,,,LAKEWATCH-TP,Total,2/28/24,12:21:00 PM,EST,2/29/24,12:25:00 PM,EST,Citrus,CIT-HOM,8,2/1/24,,EST,11,ug/L,6,19,ug/L,I,,Actual,1
1910,Phosphorus- Total,Sample,Direct Grab,Water Bottle,0.3,m,,,LAKEWATCH-TP,Total,2/28/24,12:21:00 PM,EST,2/29/24,12:25:00 PM,EST,Citrus,CIT-HOM,9,2/1/24,,EST,6,ug/L,6,19,ug/L,U,,Actual,1
1910,Phosphorus- Total,Sample,Direct Grab,Water Bottle,0.3,m,,,LAKEWATCH-TP,Total,2/28/24,12:21:00 PM,EST,2/29/24,12:25:00 PM,EST,Citrus,CIT-HOM,10,2/1/24,,EST,8,ug/L,6,19,ug/L,I,,Actual,1
1910,Phosphorus- Total,Sample,Direct Grab,Water Bottle,0.3,m,,,LAKEWATCH-TP,Total,4/4/24,10:00:00 AM,EDT,4/9/24,12:22:00 PM,EDT,Citrus,CIT-WIT,1,3/15/24,,EST,27,ug/L,6,19,ug/L,,,Actual,1
1910,Phosphorus- Total,Sample,Direct Grab,Water Bottle,0.3,m,,,LAKEWATCH-TP,Total,4/4/24,10:00:00 AM,EDT,4/9/24,12:22:00 PM,EDT,Citrus,CIT-WIT,2,3/15/24,,EST,34,ug/L,6,19,ug/L,,,Actual,1
1910,Phosphorus- Total,Sample,Direct Grab,Water Bottle,0.3,m,,,LAKEWATCH-TP,Total,4/4/24,10:00:00 AM,EDT,4/9/24,12:22:00 PM,EDT,Citrus,CIT-WIT,3,3/15/24,,EST,36,ug/L,6,19,ug/L,,,Actual,1
1910,Phosphorus- Total,Sample,Direct Grab,Water Bottle,0.3,m,,,LAKEWATCH-TP,Total,4/4/24,10:00:00 AM,EDT,4/9/24,12:22:00 PM,EDT,Citrus,CIT-WIT,4,3/15/24,,EST,20,ug/L,6,19,ug/L,,,Actual,1
1910,Phosphorus- Total,Sample,Direct Grab,Water Bottle,0.3,m,,,LAKEWATCH-TP,Total,4/4/24,10:00:00 AM,EDT,4/9/24,12:22:00 PM,EDT,Citrus,CIT-WIT,5,3/15/24,,EST,22,ug/L,6,19,ug/L,,,Actual,1
1910,Phosphorus- Total,Sample,Direct Grab,Water Bottle,0.3,m,,,LAKEWATCH-TP,Total,4/4/24,10:00:00 AM,EDT,4/9/24,12:22:00 PM,EDT,Citrus,CIT-WIT,6,3/15/24,,EST,36,ug/L,6,19,ug/L,,,Actual,1
1910,Phosphorus- Total,Sample,Direct Grab,Water Bottle,0.3,m,,,LAKEWATCH-TP,Total,4/4/24,10:00:00 AM,EDT,4/9/24,12:22:00 PM,EDT,Citrus,CIT-WIT,7,3/15/24,,EST,17,ug/L,6,19,ug/L,I,,Actual,1
1910,Phosphorus- Total,Sample,Direct Grab,Water Bottle,0.3,m,,,LAKEWATCH-TP,Total,4/4/24,10:00:00 AM,EDT,4/9/24,12:22:00 PM,EDT,Citrus,CIT-WIT,8,3/15/24,,EST,32,ug/L,6,19,ug/L,,,Actual,1
1910,Phosphorus- Total,Sample,Direct Grab,Water Bottle,0.3,m,,,LAKEWATCH-TP,Total,4/4/24,10:00:00 AM,EDT,4/9/24,12:22:00 PM,EDT,Citrus,CIT-WIT,9,3/15/24,,EST,50,ug/L,6,19,ug/L,,,Actual,1
1910,Phosphorus- Total,Sample,Direct Grab,Water Bottle,0.3,m,,,LAKEWATCH-TP,Total,4/4/24,10:00:00 AM,EDT,4/9/24,12:22:00 PM,EDT,Citrus,CIT-WIT,10,3/15/24,,EST,18,ug/L,6,19,ug/L,I,,Actual,1
1910,Phosphorus- Total,Sample,Direct Grab,Water Bottle,0.3,m,,,LAKEWATCH-TP,Total,1/29/24,12:50:00 PM,EST,1/31/24,10:23:00 AM,EST,Citrus,CIT-WIT,1,1/23/24,,EST,17,ug/L,6,19,ug/L,I,,Actual,1
1910,Phosphorus- Total,Sample,Direct Grab,Water Bottle,0.3,m,,,LAKEWATCH-TP,Total,1/29/24,12:50:00 PM,EST,1/31/24,10:23:00 AM,EST,Citrus,CIT-WIT,2,1/23/24,,EST,29,ug/L,6,19,ug/L,,,Actual,1
1910,Phosphorus- Total,Sample,Direct Grab,Water Bottle,0.3,m,,,LAKEWATCH-TP,Total,1/29/24,12:50:00 PM,EST,1/31/24,10:23:00 AM,EST,Citrus,CIT-WIT,3,1/23/24,,EST,27,ug/L,6,19,ug/L,,,Actual,1
1910,Phosphorus- Total,Sample,Direct Grab,Water Bottle,0.3,m,,,LAKEWATCH-TP,Total,1/29/24,12:50:00 PM,EST,1/31/24,10:23:00 AM,EST,Citrus,CIT-WIT,4,1/23/24,,EST,16,ug/L,6,19,ug/L,I,,Actual,1
1910,Phosphorus- Total,Sample,Direct Grab,Water Bottle,0.3,m,,,LAKEWATCH-TP,Total,1/29/24,12:50:00 PM,EST,1/31/24,10:23:00 AM,EST,Citrus,CIT-WIT,5,1/23/24,,EST,14,ug/L,6,19,ug/L,I,,Actual,1
1910,Phosphorus- Total,Sample,Direct Grab,Water Bottle,0.3,m,,,LAKEWATCH-TP,Total,1/29/24,12:50:00 PM,EST,1/31/24,10:23:00 AM,EST,Citrus,CIT-WIT,6,1/23/24,,EST,25,ug/L,6,19,ug/L,,,Actual,1
1910,Phosphorus- Total,Sample,Direct Grab,Water Bottle,0.3,m,,,LAKEWATCH-TP,Total,1/29/24,12:50:00 PM,EST,1/31/24,10:23:00 AM,EST,Citrus,CIT-WIT,7,1/23/24,,EST,12,ug/L,6,19,ug/L,I,,Actual,1
1910,Phosphorus- Total,Sample,Direct Grab,Water Bottle,0.3,m,,,LAKEWATCH-TP,Total,1/29/24,12:50:00 PM,EST,1/31/24,10:23:00 AM,EST,Citrus,CIT-WIT,8,1/23/24,,EST,18,ug/L,6,19,ug/L,I,,Actual,1
1910,Phosphorus- Total,Sample,Direct Grab,Water Bottle,0.3,m,,,LAKEWATCH-TP,Total,1/29/24,12:50:00 PM,EST,1/31/24,10:23:00 AM,EST,Citrus,CIT-WIT,9,1/23/24,,EST,20,ug/L,6,19,ug/L,,,Actual,1
1910,Phosphorus- Total,Sample,Direct Grab,Water Bottle,0.3,m,,,LAKEWATCH-TP,Total,1/29/24,12:50:00 PM,EST,1/31/24,10:23:00 AM,EST,Citrus,CIT-WIT,10,1/23/24,,EST,15,ug/L,6,19,ug/L,I,,Actual,1
1910,Phosphorus- Total,Sample,Direct Grab,Water Bottle,0.3,m,,,LAKEWATCH-TP,Total,2/28/24,12:21:00 PM,EST,2/29/24,12:25:00 PM,EST,Citrus,CIT-WIT,1,2/16/24,,EST,17,ug/L,6,19,ug/L,I,,Actual,1
1910,Phosphorus- Total,Sample,Direct Grab,Water Bottle,0.3,m,,,LAKEWATCH-TP,Total,2/28/24,12:21:00 PM,EST,2/29/24,12:25:00 PM,EST,Citrus,CIT-WIT,2,2/16/24,,EST,21,ug/L,6,19,ug/L,,,Actual,1
1910,Phosphorus- Total,Sample,Direct Grab,Water Bottle,0.3,m,,,LAKEWATCH-TP,Total,2/28/24,12:21:00 PM,EST,2/29/24,12:25:00 PM,EST,Citrus,CIT-WIT,3,2/16/24,,EST,19,ug/L,6,19,ug/L,,,Actual,1
1910,Phosphorus- Total,Sample,Direct Grab,Water Bottle,0.3,m,,,LAKEWATCH-TP,Total,2/28/24,12:21:00 PM,EST,2/29/24,12:25:00 PM,EST,Citrus,CIT-WIT,4,2/16/24,,EST,14,ug/L,6,19,ug/L,I,,Actual,1
1910,Phosphorus- Total,Sample,Direct Grab,Water Bottle,0.3,m,,,LAKEWATCH-TP,Total,2/28/24,12:21:00 PM,EST,2/29/24,12:25:00 PM,EST,Citrus,CIT-WIT,5,2/16/24,,EST,19,ug/L,6,19,ug/L,,,Actual,1
1910,Phosphorus- Total,Sample,Direct Grab,Water Bottle,0.3,m,,,LAKEWATCH-TP,Total,2/28/24,12:21:00 PM,EST,2/29/24,12:25:00 PM,EST,Citrus,CIT-WIT,6,2/16/24,,EST,21,ug/L,6,19,ug/L,,,Actual,1
1910,Phosphorus- Total,Sample,Direct Grab,Water Bottle,0.3,m,,,LAKEWATCH-TP,Total,2/28/24,12:21:00 PM,EST,2/29/24,12:25:00 PM,EST,Citrus,CIT-WIT,7,2/16/24,,EST,16,ug/L,6,19,ug/L,I,,Actual,1
1910,Phosphorus- Total,Sample,Direct Grab,Water Bottle,0.3,m,,,LAKEWATCH-TP,Total,2/28/24,12:21:00 PM,EST,2/29/24,12:25:00 PM,EST,Citrus,CIT-WIT,8,2/16/24,,EST,19,ug/L,6,19,ug/L,,,Actual,1
1910,Phosphorus- Total,Sample,Direct Grab,Water Bottle,0.3,m,,,LAKEWATCH-TP,Total,2/28/24,12:21:00 PM,EST,2/29/24,12:25:00 PM,EST,Citrus,CIT-WIT,9,2/16/24,,EST,21,ug/L,6,19,ug/L,,,Actual,1
1910,Phosphorus- Total,Sample,Direct Grab,Water Bottle,0.3,m,,,LAKEWATCH-TP,Total,2/28/24,12:21:00 PM,EST,2/29/24,12:25:00 PM,EST,Citrus,CIT-WIT,10,2/16/24,,EST,13,ug/L,6,19,ug/L,I,,Actual,1
1910,Phosphorus- Total,Sample,Direct Grab,Water Bottle,0.3,m,,,LAKEWATCH-TP,Total,4/4/24,10:00:00 AM,EDT,4/9/24,12:22:00 PM,EDT,Hernando,HER-CHA,1,3/14/24,,EST,18,ug/L,6,19,ug/L,I,,Actual,1
1910,Phosphorus- Total,Sample,Direct Grab,Water Bottle,0.3,m,,,LAKEWATCH-TP,Total,4/4/24,10:00:00 AM,EDT,4/9/24,12:22:00 PM,EDT,Hernando,HER-CHA,2,3/14/24,,EST,22,ug/L,6,19,ug/L,,,Actual,1
1910,Phosphorus- Total,Sample,Direct Grab,Water Bottle,0.3,m,,,LAKEWATCH-TP,Total,4/4/24,10:00:00 AM,EDT,4/9/24,12:22:00 PM,EDT,Hernando,HER-CHA,3,3/14/24,,EST,20,ug/L,6,19,ug/L,,,Actual,1
1910,Phosphorus- Total,Sample,Direct Grab,Water Bottle,0.3,m,,,LAKEWATCH-TP,Total,4/4/24,10:00:00 AM,EDT,4/9/24,12:22:00 PM,EDT,Hernando,HER-CHA,4,3/14/24,,EST,15,ug/L,6,19,ug/L,I,,Actual,1
1910,Phosphorus- Total,Sample,Direct Grab,Water Bottle,0.3,m,,,LAKEWATCH-TP,Total,4/4/24,10:00:00 AM,EDT,4/9/24,12:22:00 PM,EDT,Hernando,HER-CHA,5,3/14/24,,EST,13,ug/L,6,19,ug/L,I,,Actual,1
1910,Phosphorus- Total,Sample,Direct Grab,Water Bottle,0.3,m,,,LAKEWATCH-TP,Total,4/4/24,10:00:00 AM,EDT,4/9/24,12:22:00 PM,EDT,Hernando,HER-CHA,6,3/14/24,,EST,13,ug/L,6,19,ug/L,I,,Actual,1
1910,Phosphorus- Total,Sample,Direct Grab,Water Bottle,0.3,m,,,LAKEWATCH-TP,Total,4/4/24,10:00:00 AM,EDT,4/9/24,12:22:00 PM,EDT,Hernando,HER-CHA,7,3/14/24,,EST,7,ug/L,6,19,ug/L,I,,Actual,1
1910,Phosphorus- Total,Sample,Direct Grab,Water Bottle,0.3,m,,,LAKEWATCH-TP,Total,4/4/24,10:00:00 AM,EDT,4/9/24,12:22:00 PM,EDT,Hernando,HER-CHA,8,3/14/24,,EST,12,ug/L,6,19,ug/L,I,,Actual,1
1910,Phosphorus- Total,Sample,Direct Grab,Water Bottle,0.3,m,,,LAKEWATCH-TP,Total,4/4/24,10:00:00 AM,EDT,4/9/24,12:22:00 PM,EDT,Hernando,HER-CHA,9,3/14/24,,EST,7,ug/L,6,19,ug/L,I,,Actual,1
1910,Phosphorus- Total,Sample,Direct Grab,Water Bottle,0.3,m,,,LAKEWATCH-TP,Total,4/4/24,10:00:00 AM,EDT,4/9/24,12:22:00 PM,EDT,Hernando,HER-CHA,10,3/14/24,,EST,10,ug/L,6,19,ug/L,I,,Actual,1
1910,Phosphorus- Total,Sample,Direct Grab,Water Bottle,0.3,m,,,LAKEWATCH-TP,Total,1/29/24,12:50:00 PM,EST,1/31/24,10:23:00 AM,EST,Hernando,HER-CHA,1,1/11/24,,EST,25,ug/L,6,19,ug/L,,,Actual,1
1910,Phosphorus- Total,Sample,Direct Grab,Water Bottle,0.3,m,,,LAKEWATCH-TP,Total,1/29/24,12:50:00 PM,EST,1/31/24,10:23:00 AM,EST,Hernando,HER-CHA,2,1/11/24,,EST,25,ug/L,6,19,ug/L,,,Actual,1
1910,Phosphorus- Total,Sample,Direct Grab,Water Bottle,0.3,m,,,LAKEWATCH-TP,Total,1/29/24,12:50:00 PM,EST,1/31/24,10:23:00 AM,EST,Hernando,HER-CHA,3,1/11/24,,EST,20,ug/L,6,19,ug/L,,,Actual,1
1910,Phosphorus- Total,Sample,Direct Grab,Water Bottle,0.3,m,,,LAKEWATCH-TP,Total,1/29/24,12:50:00 PM,EST,1/31/24,10:23:00 AM,EST,Hernando,HER-CHA,4,1/11/24,,EST,15,ug/L,6,19,ug/L,I,,Actual,1
1910,Phosphorus- Total,Sample,Direct Grab,Water Bottle,0.3,m,,,LAKEWATCH-TP,Total,1/29/24,12:50:00 PM,EST,1/31/24,10:23:00 AM,EST,Hernando,HER-CHA,5,1/11/24,,EST,16,ug/L,6,19,ug/L,I,,Actual,1
1910,Phosphorus- Total,Sample,Direct Grab,Water Bottle,0.3,m,,,LAKEWATCH-TP,Total,1/29/24,12:50:00 PM,EST,1/31/24,10:23:00 AM,EST,Hernando,HER-CHA,6,1/11/24,,EST,15,ug/L,6,19,ug/L,I,,Actual,1
1910,Phosphorus- Total,Sample,Direct Grab,Water Bottle,0.3,m,,,LAKEWATCH-TP,Total,1/29/24,12:50:00 PM,EST,1/31/24,10:23:00 AM,EST,Hernando,HER-CHA,7,1/11/24,,EST,9,ug/L,6,19,ug/L,I,,Actual,1
1910,Phosphorus- Total,Sample,Direct Grab,Water Bottle,0.3,m,,,LAKEWATCH-TP,Total,1/29/24,12:50:00 PM,EST,1/31/24,10:23:00 AM,EST,Hernando,HER-CHA,8,1/11/24,,EST,11,ug/L,6,19,ug/L,I,,Actual,1
1910,Phosphorus- Total,Sample,Direct Grab,Water Bottle,0.3,m,,,LAKEWATCH-TP,Total,1/29/24,12:50:00 PM,EST,1/31/24,10:23:00 AM,EST,Hernando,HER-CHA,9,1/11/24,,EST,9,ug/L,6,19,ug/L,I,,Actual,1
1910,Phosphorus- Total,Sample,Direct Grab,Water Bottle,0.3,m,,,LAKEWATCH-TP,Total,1/29/24,12:50:00 PM,EST,1/31/24,10:23:00 AM,EST,Hernando,HER-CHA,10,1/11/24,,EST,11,ug/L,6,19,ug/L,I,,Actual,1
1910,Phosphorus- Total,Sample,Direct Grab,Water Bottle,0.3,m,,,LAKEWATCH-TP,Total,2/28/24,12:21:00 PM,EST,2/29/24,12:25:00 PM,EST,Hernando,HER-CHA,1,2/1/24,,EST,9,ug/L,6,19,ug/L,I,,Actual,1
1910,Phosphorus- Total,Sample,Direct Grab,Water Bottle,0.3,m,,,LAKEWATCH-TP,Total,2/28/24,12:21:00 PM,EST,2/29/24,12:25:00 PM,EST,Hernando,HER-CHA,2,2/1/24,,EST,21,ug/L,6,19,ug/L,,,Actual,1
1910,Phosphorus- Total,Sample,Direct Grab,Water Bottle,0.3,m,,,LAKEWATCH-TP,Total,2/28/24,12:21:00 PM,EST,2/29/24,12:25:00 PM,EST,Hernando,HER-CHA,3,2/1/24,,EST,14,ug/L,6,19,ug/L,I,,Actual,1
1910,Phosphorus- Total,Sample,Direct Grab,Water Bottle,0.3,m,,,LAKEWATCH-TP,Total,2/28/24,12:21:00 PM,EST,2/29/24,12:25:00 PM,EST,Hernando,HER-CHA,4,2/1/24,,EST,11,ug/L,6,19,ug/L,I,,Actual,1
1910,Phosphorus- Total,Sample,Direct Grab,Water Bottle,0.3,m,,,LAKEWATCH-TP,Total,2/28/24,12:21:00 PM,EST,2/29/24,12:25:00 PM,EST,Hernando,HER-CHA,5,2/1/24,,EST,10,ug/L,6,19,ug/L,I,,Actual,1
1910,Phosphorus- Total,Sample,Direct Grab,Water Bottle,0.3,m,,,LAKEWATCH-TP,Total,2/28/24,12:21:00 PM,EST,2/29/24,12:25:00 PM,EST,Hernando,HER-CHA,6,2/1/24,,EST,7,ug/L,6,19,ug/L,I,,Actual,1
1910,Phosphorus- Total,Sample,Direct Grab,Water Bottle,0.3,m,,,LAKEWATCH-TP,Total,2/28/24,12:21:00 PM,EST,2/29/24,12:25:00 PM,EST,Hernando,HER-CHA,7,2/1/24,,EST,8,ug/L,6,19,ug/L,I,,Actual,1
1910,Phosphorus- Total,Sample,Direct Grab,Water Bottle,0.3,m,,,LAKEWATCH-TP,Total,2/28/24,12:21:00 PM,EST,2/29/24,12:25:00 PM,EST,Hernando,HER-CHA,8,2/1/24,,EST,6,ug/L,6,19,ug/L,U,,Actual,1
1910,Phosphorus- Total,Sample,Direct Grab,Water Bottle,0.3,m,,,LAKEWATCH-TP,Total,2/28/24,12:21:00 PM,EST,2/29/24,12:25:00 PM,EST,Hernando,HER-CHA,9,2/1/24,,EST,8,ug/L,6,19,ug/L,I,,Actual,1
1910,Phosphorus- Total,Sample,Direct Grab,Water Bottle,0.3,m,,,LAKEWATCH-TP,Total,2/28/24,12:21:00 PM,EST,2/29/24,12:25:00 PM,EST,Hernando,HER-CHA,10,2/1/24,,EST,7,ug/L,6,19,ug/L,I,,Actual,1
1910,Phosphorus- Total,Sample,Direct Grab,Water Bottle,0.3,m,,,LAKEWATCH-TP,Total,4/4/24,10:00:00 AM,EDT,4/9/24,12:22:00 PM,EDT,Hernando,HER-WEE,1,3/26/24,,EST,9,ug/L,6,19,ug/L,I,,Actual,1
1910,Phosphorus- Total,Sample,Direct Grab,Water Bottle,0.3,m,,,LAKEWATCH-TP,Total,4/4/24,10:00:00 AM,EDT,4/9/24,12:22:00 PM,EDT,Hernando,HER-WEE,2,3/26/24,,EST,12,ug/L,6,19,ug/L,I,,Actual,1
1910,Phosphorus- Total,Sample,Direct Grab,Water Bottle,0.3,m,,,LAKEWATCH-TP,Total,4/4/24,10:00:00 AM,EDT,4/9/24,12:22:00 PM,EDT,Hernando,HER-WEE,3,3/26/24,,EST,11,ug/L,6,19,ug/L,I,,Actual,1
1910,Phosphorus- Total,Sample,Direct Grab,Water Bottle,0.3,m,,,LAKEWATCH-TP,Total,4/4/24,10:00:00 AM,EDT,4/9/24,12:22:00 PM,EDT,Hernando,HER-WEE,4,3/26/24,,EST,9,ug/L,6,19,ug/L,I,,Actual,1
1910,Phosphorus- Total,Sample,Direct Grab,Water Bottle,0.3,m,,,LAKEWATCH-TP,Total,4/4/24,10:00:00 AM,EDT,4/9/24,12:22:00 PM,EDT,Hernando,HER-WEE,5,3/26/24,,EST,9,ug/L,6,19,ug/L,I,,Actual,1
1910,Phosphorus- Total,Sample,Direct Grab,Water Bottle,0.3,m,,,LAKEWATCH-TP,Total,4/4/24,10:00:00 AM,EDT,4/9/24,12:22:00 PM,EDT,Hernando,HER-WEE,6,3/26/24,,EST,9,ug/L,6,19,ug/L,I,,Actual,1
1910,Phosphorus- Total,Sample,Direct Grab,Water Bottle,0.3,m,,,LAKEWATCH-TP,Total,4/4/24,10:00:00 AM,EDT,4/9/24,12:22:00 PM,EDT,Hernando,HER-WEE,7,3/26/24,,EST,7,ug/L,6,19,ug/L,I,,Actual,1
1910,Phosphorus- Total,Sample,Direct Grab,Water Bottle,0.3,m,,,LAKEWATCH-TP,Total,4/4/24,10:00:00 AM,EDT,4/9/24,12:22:00 PM,EDT,Hernando,HER-WEE,8,3/26/24,,EST,7,ug/L,6,19,ug/L,I,,Actual,1
1910,Phosphorus- Total,Sample,Direct Grab,Water Bottle,0.3,m,,,LAKEWATCH-TP,Total,4/4/24,10:00:00 AM,EDT,4/9/24,12:22:00 PM,EDT,Hernando,HER-WEE,9,3/26/24,,EST,8,ug/L,6,19,ug/L,I,,Actual,1
1910,Phosphorus- Total,Sample,Direct Grab,Water Bottle,0.3,m,,,LAKEWATCH-TP,Total,4/4/24,10:00:00 AM,EDT,4/9/24,12:22:00 PM,EDT,Hernando,HER-WEE,10,3/26/24,,EST,11,ug/L,6,19,ug/L,I,,Actual,1
1910,Phosphorus- Total,Sample,Direct Grab,Water Bottle,0.3,m,,,LAKEWATCH-TP,Total,1/29/24,12:50:00 PM,EST,1/31/24,10:23:00 AM,EST,Hernando,HER-WEE,1,1/10/24,,EST,8,ug/L,6,19,ug/L,I,,Actual,1
1910,Phosphorus- Total,Sample,Direct Grab,Water Bottle,0.3,m,,,LAKEWATCH-TP,Total,1/29/24,12:50:00 PM,EST,1/31/24,10:23:00 AM,EST,Hernando,HER-WEE,2,1/10/24,,EST,13,ug/L,6,19,ug/L,I,,Actual,1
1910,Phosphorus- Total,Sample,Direct Grab,Water Bottle,0.3,m,,,LAKEWATCH-TP,Total,1/29/24,12:50:00 PM,EST,1/31/24,10:23:00 AM,EST,Hernando,HER-WEE,3,1/10/24,,EST,14,ug/L,6,19,ug/L,I,,Actual,1
1910,Phosphorus- Total,Sample,Direct Grab,Water Bottle,0.3,m,,,LAKEWATCH-TP,Total,1/29/24,12:50:00 PM,EST,1/31/24,10:23:00 AM,EST,Hernando,HER-WEE,4,1/10/24,,EST,12,ug/L,6,19,ug/L,I,,Actual,1
1910,Phosphorus- Total,Sample,Direct Grab,Water Bottle,0.3,m,,,LAKEWATCH-TP,Total,1/29/24,12:50:00 PM,EST,1/31/24,10:23:00 AM,EST,Hernando,HER-WEE,5,1/10/24,,EST,12,ug/L,6,19,ug/L,I,,Actual,1
1910,Phosphorus- Total,Sample,Direct Grab,Water Bottle,0.3,m,,,LAKEWATCH-TP,Total,1/29/24,12:50:00 PM,EST,1/31/24,10:23:00 AM,EST,Hernando,HER-WEE,6,1/10/24,,EST,14,ug/L,6,19,ug/L,I,,Actual,1
1910,Phosphorus- Total,Sample,Direct Grab,Water Bottle,0.3,m,,,LAKEWATCH-TP,Total,1/29/24,12:50:00 PM,EST,1/31/24,10:23:00 AM,EST,Hernando,HER-WEE,7,1/10/24,,EST,11,ug/L,6,19,ug/L,I,,Actual,1
1910,Phosphorus- Total,Sample,Direct Grab,Water Bottle,0.3,m,,,LAKEWATCH-TP,Total,1/29/24,12:50:00 PM,EST,1/31/24,10:23:00 AM,EST,Hernando,HER-WEE,8,1/10/24,,EST,13,ug/L,6,19,ug/L,I,,Actual,1
1910,Phosphorus- Total,Sample,Direct Grab,Water Bottle,0.3,m,,,LAKEWATCH-TP,Total,1/29/24,12:50:00 PM,EST,1/31/24,10:23:00 AM,EST,Hernando,HER-WEE,9,1/10/24,,EST,10,ug/L,6,19,ug/L,I,,Actual,1
1910,Phosphorus- Total,Sample,Direct Grab,Water Bottle,0.3,m,,,LAKEWATCH-TP,Total,1/29/24,12:50:00 PM,EST,1/31/24,10:23:00 AM,EST,Hernando,HER-WEE,10,1/10/24,,EST,9,ug/L,6,19,ug/L,I,,Actual,1
1910,Phosphorus- Total,Sample,Direct Grab,Water Bottle,0.3,m,,,LAKEWATCH-TP,Total,2/28/24,12:21:00 PM,EST,2/29/24,12:25:00 PM,EST,Hernando,HER-WEE,1,2/8/24,,EST,8,ug/L,6,19,ug/L,I,,Actual,1
1910,Phosphorus- Total,Sample,Direct Grab,Water Bottle,0.3,m,,,LAKEWATCH-TP,Total,2/28/24,12:21:00 PM,EST,2/29/24,12:25:00 PM,EST,Hernando,HER-WEE,2,2/8/24,,EST,11,ug/L,6,19,ug/L,I,,Actual,1
1910,Phosphorus- Total,Sample,Direct Grab,Water Bottle,0.3,m,,,LAKEWATCH-TP,Total,2/28/24,12:21:00 PM,EST,2/29/24,12:25:00 PM,EST,Hernando,HER-WEE,3,2/8/24,,EST,11,ug/L,6,19,ug/L,I,,Actual,1
1910,Phosphorus- Total,Sample,Direct Grab,Water Bottle,0.3,m,,,LAKEWATCH-TP,Total,2/28/24,12:21:00 PM,EST,2/29/24,12:25:00 PM,EST,Hernando,HER-WEE,4,2/8/24,,EST,9,ug/L,6,19,ug/L,I,,Actual,1
1910,Phosphorus- Total,Sample,Direct Grab,Water Bottle,0.3,m,,,LAKEWATCH-TP,Total,2/28/24,12:21:00 PM,EST,2/29/24,12:25:00 PM,EST,Hernando,HER-WEE,5,2/8/24,,EST,7,ug/L,6,19,ug/L,I,,Actual,1
1910,Phosphorus- Total,Sample,Direct Grab,Water Bottle,0.3,m,,,LAKEWATCH-TP,Total,2/28/24,12:21:00 PM,EST,2/29/24,12:25:00 PM,EST,Hernando,HER-WEE,6,2/8/24,,EST,9,ug/L,6,19,ug/L,I,,Actual,1
1910,Phosphorus- Total,Sample,Direct Grab,Water Bottle,0.3,m,,,LAKEWATCH-TP,Total,2/28/24,12:21:00 PM,EST,2/29/24,12:25:00 PM,EST,Hernando,HER-WEE,7,2/8/24,,EST,8,ug/L,6,19,ug/L,I,,Actual,1
1910,Phosphorus- Total,Sample,Direct Grab,Water Bottle,0.3,m,,,LAKEWATCH-TP,Total,2/28/24,12:21:00 PM,EST,2/29/24,12:25:00 PM,EST,Hernando,HER-WEE,8,2/8/24,,EST,9,ug/L,6,19,ug/L,I,,Actual,1
1910,Phosphorus- Total,Sample,Direct Grab,Water Bottle,0.3,m,,,LAKEWATCH-TP,Total,2/28/24,12:21:00 PM,EST,2/29/24,12:25:00 PM,EST,Hernando,HER-WEE,9,2/8/24,,EST,7,ug/L,6,19,ug/L,I,,Actual,1
1910,Phosphorus- Total,Sample,Direct Grab,Water Bottle,0.3,m,,,LAKEWATCH-TP,Total,2/28/24,12:21:00 PM,EST,2/29/24,12:25:00 PM,EST,Hernando,HER-WEE,10,2/8/24,,EST,7,ug/L,6,19,ug/L,I,,Actual,1
1910,Phosphorus- Total,Sample,Direct Grab,Water Bottle,0.3,m,,,LAKEWATCH-TP,Total,4/4/24,10:00:00 AM,EDT,4/10/24,8:28:00 AM,EDT,Pasco,PAS-ANC,1,3/20/24,,EST,9,ug/L,6,19,ug/L,I,,Actual,1
1910,Phosphorus- Total,Sample,Direct Grab,Water Bottle,0.3,m,,,LAKEWATCH-TP,Total,4/4/24,10:00:00 AM,EDT,4/10/24,8:28:00 AM,EDT,Pasco,PAS-ANC,2,3/20/24,,EST,10,ug/L,6,19,ug/L,I,,Actual,1
1910,Phosphorus- Total,Sample,Direct Grab,Water Bottle,0.3,m,,,LAKEWATCH-TP,Total,4/4/24,10:00:00 AM,EDT,4/10/24,8:28:00 AM,EDT,Pasco,PAS-ANC,3,3/20/24,,EST,10,ug/L,6,19,ug/L,I,,Actual,1
1910,Phosphorus- Total,Sample,Direct Grab,Water Bottle,0.3,m,,,LAKEWATCH-TP,Total,4/4/24,10:00:00 AM,EDT,4/10/24,8:28:00 AM,EDT,Pasco,PAS-ANC,4,3/20/24,,EST,17,ug/L,6,19,ug/L,I,,Actual,1
1910,Phosphorus- Total,Sample,Direct Grab,Water Bottle,0.3,m,,,LAKEWATCH-TP,Total,4/4/24,10:00:00 AM,EDT,4/10/24,8:28:00 AM,EDT,Pasco,PAS-ANC,5,3/20/24,,EST,15,ug/L,6,19,ug/L,I,,Actual,1
1910,Phosphorus- Total,Sample,Direct Grab,Water Bottle,0.3,m,,,LAKEWATCH-TP,Total,4/4/24,10:00:00 AM,EDT,4/10/24,8:28:00 AM,EDT,Pasco,PAS-ANC,6,3/20/24,,EST,10,ug/L,6,19,ug/L,I,,Actual,1
1910,Phosphorus- Total,Sample,Direct Grab,Water Bottle,0.3,m,,,LAKEWATCH-TP,Total,4/4/24,10:00:00 AM,EDT,4/10/24,8:28:00 AM,EDT,Pasco,PAS-ANC,7,3/20/24,,EST,9,ug/L,6,19,ug/L,I,,Actual,1
1910,Phosphorus- Total,Sample,Direct Grab,Water Bottle,0.3,m,,,LAKEWATCH-TP,Total,4/4/24,10:00:00 AM,EDT,4/10/24,8:28:00 AM,EDT,Pasco,PAS-ANC,8,3/20/24,,EST,8,ug/L,6,19,ug/L,I,,Actual,1
1910,Phosphorus- Total,Sample,Direct Grab,Water Bottle,0.3,m,,,LAKEWATCH-TP,Total,4/4/24,10:00:00 AM,EDT,4/10/24,8:28:00 AM,EDT,Pasco,PAS-ANC,9,3/20/24,,EST,8,ug/L,6,19,ug/L,I,,Actual,1
1910,Phosphorus- Total,Sample,Direct Grab,Water Bottle,0.3,m,,,LAKEWATCH-TP,Total,4/4/24,10:00:00 AM,EDT,4/10/24,8:28:00 AM,EDT,Pasco,PAS-ANC,10,3/20/24,,EST,9,ug/L,6,19,ug/L,I,,Actual,1
1910,Phosphorus- Total,Sample,Direct Grab,Water Bottle,0.3,m,,,LAKEWATCH-TP,Total,1/29/24,12:50:00 PM,EST,1/31/24,10:23:00 AM,EST,Pasco,PAS-ANC,1,1/18/24,,EST,11,ug/L,6,19,ug/L,I,,Actual,1
1910,Phosphorus- Total,Sample,Direct Grab,Water Bottle,0.3,m,,,LAKEWATCH-TP,Total,1/29/24,12:50:00 PM,EST,1/31/24,10:23:00 AM,EST,Pasco,PAS-ANC,2,1/18/24,,EST,10,ug/L,6,19,ug/L,I,,Actual,1
1910,Phosphorus- Total,Sample,Direct Grab,Water Bottle,0.3,m,,,LAKEWATCH-TP,Total,1/29/24,12:50:00 PM,EST,1/31/24,10:23:00 AM,EST,Pasco,PAS-ANC,3,1/18/24,,EST,9,ug/L,6,19,ug/L,I,,Actual,1
1910,Phosphorus- Total,Sample,Direct Grab,Water Bottle,0.3,m,,,LAKEWATCH-TP,Total,1/29/24,12:50:00 PM,EST,1/31/24,10:23:00 AM,EST,Pasco,PAS-ANC,4,1/18/24,,EST,15,ug/L,6,19,ug/L,I,,Actual,1
1910,Phosphorus- Total,Sample,Direct Grab,Water Bottle,0.3,m,,,LAKEWATCH-TP,Total,1/29/24,12:50:00 PM,EST,1/31/24,10:23:00 AM,EST,Pasco,PAS-ANC,5,1/18/24,,EST,10,ug/L,6,19,ug/L,I,,Actual,1
1910,Phosphorus- Total,Sample,Direct Grab,Water Bottle,0.3,m,,,LAKEWATCH-TP,Total,1/29/24,12:50:00 PM,EST,1/31/24,10:23:00 AM,EST,Pasco,PAS-ANC,6,1/18/24,,EST,13,ug/L,6,19,ug/L,I,,Actual,1
1910,Phosphorus- Total,Sample,Direct Grab,Water Bottle,0.3,m,,,LAKEWATCH-TP,Total,1/29/24,12:50:00 PM,EST,1/31/24,10:23:00 AM,EST,Pasco,PAS-ANC,7,1/18/24,,EST,9,ug/L,6,19,ug/L,I,,Actual,1
1910,Phosphorus- Total,Sample,Direct Grab,Water Bottle,0.3,m,,,LAKEWATCH-TP,Total,1/29/24,12:50:00 PM,EST,1/31/24,10:23:00 AM,EST,Pasco,PAS-ANC,8,1/18/24,,EST,9,ug/L,6,19,ug/L,I,,Actual,1
1910,Phosphorus- Total,Sample,Direct Grab,Water Bottle,0.3,m,,,LAKEWATCH-TP,Total,1/29/24,12:50:00 PM,EST,1/31/24,10:23:00 AM,EST,Pasco,PAS-ANC,9,1/18/24,,EST,11,ug/L,6,19,ug/L,I,,Actual,1
1910,Phosphorus- Total,Sample,Direct Grab,Water Bottle,0.3,m,,,LAKEWATCH-TP,Total,1/29/24,12:50:00 PM,EST,1/31/24,10:23:00 AM,EST,Pasco,PAS-ANC,10,1/18/24,,EST,13,ug/L,6,19,ug/L,I,,Actual,1
1910,Phosphorus- Total,Sample,Direct Grab,Water Bottle,0.3,m,,,LAKEWATCH-TP,Total,2/28/24,12:21:00 PM,EST,2/29/24,12:25:00 PM,EST,Pasco,PAS-ANC,1,2/20/24,,EST,13,ug/L,6,19,ug/L,I,,Actual,1
1910,Phosphorus- Total,Sample,Direct Grab,Water Bottle,0.3,m,,,LAKEWATCH-TP,Total,2/28/24,12:21:00 PM,EST,2/29/24,12:25:00 PM,EST,Pasco,PAS-ANC,2,2/20/24,,EST,9,ug/L,6,19,ug/L,I,,Actual,1
1910,Phosphorus- Total,Sample,Direct Grab,Water Bottle,0.3,m,,,LAKEWATCH-TP,Total,2/28/24,12:21:00 PM,EST,2/29/24,12:25:00 PM,EST,Pasco,PAS-ANC,3,2/20/24,,EST,7,ug/L,6,19,ug/L,I,,Actual,1
1910,Phosphorus- Total,Sample,Direct Grab,Water Bottle,0.3,m,,,LAKEWATCH-TP,Total,2/28/24,12:21:00 PM,EST,2/29/24,12:25:00 PM,EST,Pasco,PAS-ANC,4,2/20/24,,EST,8,ug/L,6,19,ug/L,I,,Actual,1
1910,Phosphorus- Total,Sample,Direct Grab,Water Bottle,0.3,m,,,LAKEWATCH-TP,Total,2/28/24,12:21:00 PM,EST,2/29/24,12:25:00 PM,EST,Pasco,PAS-ANC,5,2/20/24,,EST,8,ug/L,6,19,ug/L,I,,Actual,1
1910,Phosphorus- Total,Sample,Direct Grab,Water Bottle,0.3,m,,,LAKEWATCH-TP,Total,2/28/24,12:21:00 PM,EST,2/29/24,12:25:00 PM,EST,Pasco,PAS-ANC,6,2/20/24,,EST,9,ug/L,6,19,ug/L,I,,Actual,1
1910,Phosphorus- Total,Sample,Direct Grab,Water Bottle,0.3,m,,,LAKEWATCH-TP,Total,2/28/24,12:21:00 PM,EST,2/29/24,12:25:00 PM,EST,Pasco,PAS-ANC,7,2/20/24,,EST,11,ug/L,6,19,ug/L,I,,Actual,1
1910,Phosphorus- Total,Sample,Direct Grab,Water Bottle,0.3,m,,,LAKEWATCH-TP,Total,2/28/24,12:21:00 PM,EST,2/29/24,12:25:00 PM,EST,Pasco,PAS-ANC,8,2/20/24,,EST,9,ug/L,6,19,ug/L,I,,Actual,1
1910,Phosphorus- Total,Sample,Direct Grab,Water Bottle,0.3,m,,,LAKEWATCH-TP,Total,2/28/24,12:21:00 PM,EST,2/29/24,12:25:00 PM,EST,Pasco,PAS-ANC,9,2/20/24,,EST,9,ug/L,6,19,ug/L,I,,Actual,1
1910,Phosphorus- Total,Sample,Direct Grab,Water Bottle,0.3,m,,,LAKEWATCH-TP,Total,2/28/24,12:21:00 PM,EST,2/29/24,12:25:00 PM,EST,Pasco,PAS-ANC,10,2/20/24,,EST,9,ug/L,6,19,ug/L,I,,Actual,1
1910,Phosphorus- Total,Sample,Direct Grab,Water Bottle,0.3,m,,,LAKEWATCH-TP,Total,4/4/24,10:00:00 AM,EDT,4/9/24,12:22:00 PM,EDT,Pasco,PAS-ARI,1,3/21/24,,EST,12,ug/L,6,19,ug/L,I,,Actual,1
1910,Phosphorus- Total,Sample,Direct Grab,Water Bottle,0.3,m,,,LAKEWATCH-TP,Total,4/4/24,10:00:00 AM,EDT,4/9/24,12:22:00 PM,EDT,Pasco,PAS-ARI,2,3/21/24,,EST,5,ug/L,6,19,ug/L,TI,,Actual,1
1910,Phosphorus- Total,Sample,Direct Grab,Water Bottle,0.3,m,,,LAKEWATCH-TP,Total,4/4/24,10:00:00 AM,EDT,4/9/24,12:22:00 PM,EDT,Pasco,PAS-ARI,3,3/21/24,,EST,9,ug/L,6,19,ug/L,I,,Actual,1
1910,Phosphorus- Total,Sample,Direct Grab,Water Bottle,0.3,m,,,LAKEWATCH-TP,Total,4/4/24,10:00:00 AM,EDT,4/9/24,12:22:00 PM,EDT,Pasco,PAS-ARI,4,3/21/24,,EST,7,ug/L,6,19,ug/L,I,,Actual,1
1910,Phosphorus- Total,Sample,Direct Grab,Water Bottle,0.3,m,,,LAKEWATCH-TP,Total,4/4/24,10:00:00 AM,EDT,4/9/24,12:22:00 PM,EDT,Pasco,PAS-ARI,5,3/21/24,,EST,7,ug/L,6,19,ug/L,I,,Actual,1
1910,Phosphorus- Total,Sample,Direct Grab,Water Bottle,0.3,m,,,LAKEWATCH-TP,Total,4/4/24,10:00:00 AM,EDT,4/9/24,12:22:00 PM,EDT,Pasco,PAS-ARI,6,3/21/24,,EST,9,ug/L,6,19,ug/L,I,,Actual,1
1910,Phosphorus- Total,Sample,Direct Grab,Water Bottle,0.3,m,,,LAKEWATCH-TP,Total,4/4/24,10:00:00 AM,EDT,4/9/24,12:22:00 PM,EDT,Pasco,PAS-ARI,7,3/21/24,,EST,8,ug/L,6,19,ug/L,I,,Actual,1
1910,Phosphorus- Total,Sample,Direct Grab,Water Bottle,0.3,m,,,LAKEWATCH-TP,Total,4/4/24,10:00:00 AM,EDT,4/9/24,12:22:00 PM,EDT,Pasco,PAS-ARI,8,3/21/24,,EST,11,ug/L,6,19,ug/L,I,,Actual,1
1910,Phosphorus- Total,Sample,Direct Grab,Water Bottle,0.3,m,,,LAKEWATCH-TP,Total,4/4/24,10:00:00 AM,EDT,4/9/24,12:22:00 PM,EDT,Pasco,PAS-ARI,9,3/21/24,,EST,9,ug/L,6,19,ug/L,I,,Actual,1
1910,Phosphorus- Total,Sample,Direct Grab,Water Bottle,0.3,m,,,LAKEWATCH-TP,Total,4/4/24,10:00:00 AM,EDT,4/9/24,12:22:00 PM,EDT,Pasco,PAS-ARI,10,3/21/24,,EST,5,ug/L,6,19,ug/L,TI,,Actual,1
1910,Phosphorus- Total,Sample,Direct Grab,Water Bottle,0.3,m,,,LAKEWATCH-TP,Total,1/29/24,2:00:00 PM,EST,1/31/24,1:08:00 PM,EST,Pasco,PAS-ARI,1,1/19/24,,EST,9,ug/L,6,19,ug/L,I,,Actual,1
1910,Phosphorus- Total,Sample,Direct Grab,Water Bottle,0.3,m,,,LAKEWATCH-TP,Total,1/29/24,2:00:00 PM,EST,1/31/24,1:08:00 PM,EST,Pasco,PAS-ARI,2,1/19/24,,EST,6,ug/L,6,19,ug/L,U,,Actual,1
1910,Phosphorus- Total,Sample,Direct Grab,Water Bottle,0.3,m,,,LAKEWATCH-TP,Total,1/29/24,2:00:00 PM,EST,1/31/24,1:08:00 PM,EST,Pasco,PAS-ARI,3,1/19/24,,EST,9,ug/L,6,19,ug/L,I,,Actual,1
1910,Phosphorus- Total,Sample,Direct Grab,Water Bottle,0.3,m,,,LAKEWATCH-TP,Total,1/29/24,2:00:00 PM,EST,1/31/24,1:08:00 PM,EST,Pasco,PAS-ARI,4,1/19/24,,EST,6,ug/L,6,19,ug/L,U,,Actual,1
1910,Phosphorus- Total,Sample,Direct Grab,Water Bottle,0.3,m,,,LAKEWATCH-TP,Total,1/29/24,2:00:00 PM,EST,1/31/24,1:08:00 PM,EST,Pasco,PAS-ARI,5,1/19/24,,EST,5,ug/L,6,19,ug/L,TI,,Actual,1
1910,Phosphorus- Total,Sample,Direct Grab,Water Bottle,0.3,m,,,LAKEWATCH-TP,Total,1/29/24,2:00:00 PM,EST,1/31/24,1:08:00 PM,EST,Pasco,PAS-ARI,6,1/19/24,,EST,6,ug/L,6,19,ug/L,U,,Actual,1
1910,Phosphorus- Total,Sample,Direct Grab,Water Bottle,0.3,m,,,LAKEWATCH-TP,Total,1/29/24,2:00:00 PM,EST,1/31/24,1:08:00 PM,EST,Pasco,PAS-ARI,7,1/19/24,,EST,5,ug/L,6,19,ug/L,TI,,Actual,1
1910,Phosphorus- Total,Sample,Direct Grab,Water Bottle,0.3,m,,,LAKEWATCH-TP,Total,1/29/24,2:00:00 PM,EST,1/31/24,1:08:00 PM,EST,Pasco,PAS-ARI,8,1/19/24,,EST,10,ug/L,6,19,ug/L,I,,Actual,1
1910,Phosphorus- Total,Sample,Direct Grab,Water Bottle,0.3,m,,,LAKEWATCH-TP,Total,1/29/24,2:00:00 PM,EST,1/31/24,1:08:00 PM,EST,Pasco,PAS-ARI,9,1/19/24,,EST,5,ug/L,6,19,ug/L,TI,,Actual,1
1910,Phosphorus- Total,Sample,Direct Grab,Water Bottle,0.3,m,,,LAKEWATCH-TP,Total,1/29/24,2:00:00 PM,EST,1/31/24,1:08:00 PM,EST,Pasco,PAS-ARI,10,1/19/24,,EST,4,ug/L,6,19,ug/L,TI,,Actual,1
1910,Phosphorus- Total,Sample,Direct Grab,Water Bottle,0.3,m,,,LAKEWATCH-TP,Total,2/28/24,12:00:00 PM,EST,3/1/24,8:43:00 AM,EST,Pasco,PAS-ARI,1,2/14/24,,EST,7,ug/L,6,19,ug/L,I,,Actual,1
1910,Phosphorus- Total,Sample,Direct Grab,Water Bottle,0.3,m,,,LAKEWATCH-TP,Total,2/28/24,12:00:00 PM,EST,3/1/24,8:43:00 AM,EST,Pasco,PAS-ARI,2,2/14/24,,EST,5,ug/L,6,19,ug/L,TI,,Actual,1
1910,Phosphorus- Total,Sample,Direct Grab,Water Bottle,0.3,m,,,LAKEWATCH-TP,Total,2/28/24,12:00:00 PM,EST,3/1/24,8:43:00 AM,EST,Pasco,PAS-ARI,3,2/14/24,,EST,8,ug/L,6,19,ug/L,I,,Actual,1
1910,Phosphorus- Total,Sample,Direct Grab,Water Bottle,0.3,m,,,LAKEWATCH-TP,Total,2/28/24,12:00:00 PM,EST,3/1/24,8:43:00 AM,EST,Pasco,PAS-ARI,4,2/14/24,,EST,5,ug/L,6,19,ug/L,TI,,Actual,1
1910,Phosphorus- Total,Sample,Direct Grab,Water Bottle,0.3,m,,,LAKEWATCH-TP,Total,2/28/24,12:00:00 PM,EST,3/1/24,8:43:00 AM,EST,Pasco,PAS-ARI,5,2/14/24,,EST,5,ug/L,6,19,ug/L,TI,,Actual,1
1910,Phosphorus- Total,Sample,Direct Grab,Water Bottle,0.3,m,,,LAKEWATCH-TP,Total,2/28/24,12:00:00 PM,EST,3/1/24,8:43:00 AM,EST,Pasco,PAS-ARI,6,2/14/24,,EST,8,ug/L,6,19,ug/L,I,,Actual,1
1910,Phosphorus- Total,Sample,Direct Grab,Water Bottle,0.3,m,,,LAKEWATCH-TP,Total,2/28/24,12:00:00 PM,EST,3/1/24,8:43:00 AM,EST,Pasco,PAS-ARI,7,2/14/24,,EST,6,ug/L,6,19,ug/L,U,,Actual,1
1910,Phosphorus- Total,Sample,Direct Grab,Water Bottle,0.3,m,,,LAKEWATCH-TP,Total,2/28/24,12:00:00 PM,EST,3/1/24,8:43:00 AM,EST,Pasco,PAS-ARI,8,2/14/24,,EST,4,ug/L,6,19,ug/L,TI,,Actual,1
1910,Phosphorus- Total,Sample,Direct Grab,Water Bottle,0.3,m,,,LAKEWATCH-TP,Total,2/28/24,12:00:00 PM,EST,3/1/24,8:43:00 AM,EST,Pasco,PAS-ARI,9,2/14/24,,EST,6,ug/L,6,19,ug/L,U,,Actual,1
1910,Phosphorus- Total,Sample,Direct Grab,Water Bottle,0.3,m,,,LAKEWATCH-TP,Total,2/28/24,12:00:00 PM,EST,3/1/24,8:43:00 AM,EST,Pasco,PAS-ARI,10,2/14/24,,EST,6,ug/L,6,19,ug/L,U,,Actual,1
1910,Phosphorus- Total,Sample,Direct Grab,Water Bottle,0.3,m,,,LAKEWATCH-TP,Total,4/4/24,10:00:00 AM,EDT,4/9/24,12:22:00 PM,EDT,Pasco,PAS-HUD,1,3/21/24,,EST,6,ug/L,6,19,ug/L,U,,Actual,1
1910,Phosphorus- Total,Sample,Direct Grab,Water Bottle,0.3,m,,,LAKEWATCH-TP,Total,4/4/24,10:00:00 AM,EDT,4/9/24,12:22:00 PM,EDT,Pasco,PAS-HUD,2,3/21/24,,EST,10,ug/L,6,19,ug/L,I,,Actual,1
1910,Phosphorus- Total,Sample,Direct Grab,Water Bottle,0.3,m,,,LAKEWATCH-TP,Total,4/4/24,10:00:00 AM,EDT,4/10/24,8:28:00 AM,EDT,Pasco,PAS-HUD,3,3/21/24,,EST,5,ug/L,6,19,ug/L,TI,,Actual,1
1910,Phosphorus- Total,Sample,Direct Grab,Water Bottle,0.3,m,,,LAKEWATCH-TP,Total,4/4/24,10:00:00 AM,EDT,4/10/24,8:28:00 AM,EDT,Pasco,PAS-HUD,4,3/21/24,,EST,9,ug/L,6,19,ug/L,I,,Actual,1
1910,Phosphorus- Total,Sample,Direct Grab,Water Bottle,0.3,m,,,LAKEWATCH-TP,Total,4/4/24,10:00:00 AM,EDT,4/10/24,8:28:00 AM,EDT,Pasco,PAS-HUD,5,3/21/24,,EST,7,ug/L,6,19,ug/L,I,,Actual,1
1910,Phosphorus- Total,Sample,Direct Grab,Water Bottle,0.3,m,,,LAKEWATCH-TP,Total,4/4/24,10:00:00 AM,EDT,4/10/24,8:28:00 AM,EDT,Pasco,PAS-HUD,6,3/21/24,,EST,5,ug/L,6,19,ug/L,TI,,Actual,1
1910,Phosphorus- Total,Sample,Direct Grab,Water Bottle,0.3,m,,,LAKEWATCH-TP,Total,4/4/24,10:00:00 AM,EDT,4/10/24,8:28:00 AM,EDT,Pasco,PAS-HUD,7,3/21/24,,EST,12,ug/L,6,19,ug/L,I,,Actual,1
1910,Phosphorus- Total,Sample,Direct Grab,Water Bottle,0.3,m,,,LAKEWATCH-TP,Total,4/4/24,10:00:00 AM,EDT,4/10/24,8:28:00 AM,EDT,Pasco,PAS-HUD,8,3/21/24,,EST,7,ug/L,6,19,ug/L,I,,Actual,1
1910,Phosphorus- Total,Sample,Direct Grab,Water Bottle,0.3,m,,,LAKEWATCH-TP,Total,4/4/24,10:00:00 AM,EDT,4/10/24,8:28:00 AM,EDT,Pasco,PAS-HUD,9,3/21/24,,EST,8,ug/L,6,19,ug/L,I,,Actual,1
1910,Phosphorus- Total,Sample,Direct Grab,Water Bottle,0.3,m,,,LAKEWATCH-TP,Total,4/4/24,10:00:00 AM,EDT,4/10/24,8:28:00 AM,EDT,Pasco,PAS-HUD,10,3/21/24,,EST,6,ug/L,6,19,ug/L,U,,Actual,1
1910,Phosphorus- Total,Sample,Direct Grab,Water Bottle,0.3,m,,,LAKEWATCH-TP,Total,1/29/24,2:00:00 PM,EST,1/31/24,1:08:00 PM,EST,Pasco,PAS-HUD,1,1/19/24,,EST,9,ug/L,6,19,ug/L,I,,Actual,1
1910,Phosphorus- Total,Sample,Direct Grab,Water Bottle,0.3,m,,,LAKEWATCH-TP,Total,1/29/24,2:00:00 PM,EST,1/31/24,1:08:00 PM,EST,Pasco,PAS-HUD,2,1/19/24,,EST,7,ug/L,6,19,ug/L,I,,Actual,1
1910,Phosphorus- Total,Sample,Direct Grab,Water Bottle,0.3,m,,,LAKEWATCH-TP,Total,1/29/24,2:00:00 PM,EST,1/31/24,1:08:00 PM,EST,Pasco,PAS-HUD,3,1/19/24,,EST,5,ug/L,6,19,ug/L,TI,,Actual,1
1910,Phosphorus- Total,Sample,Direct Grab,Water Bottle,0.3,m,,,LAKEWATCH-TP,Total,1/29/24,2:00:00 PM,EST,1/31/24,1:08:00 PM,EST,Pasco,PAS-HUD,4,1/19/24,,EST,8,ug/L,6,19,ug/L,I,,Actual,1
1910,Phosphorus- Total,Sample,Direct Grab,Water Bottle,0.3,m,,,LAKEWATCH-TP,Total,1/29/24,2:00:00 PM,EST,1/31/24,1:08:00 PM,EST,Pasco,PAS-HUD,5,1/19/24,,EST,9,ug/L,6,19,ug/L,I,,Actual,1
1910,Phosphorus- Total,Sample,Direct Grab,Water Bottle,0.3,m,,,LAKEWATCH-TP,Total,1/29/24,2:00:00 PM,EST,1/31/24,1:08:00 PM,EST,Pasco,PAS-HUD,6,1/19/24,,EST,8,ug/L,6,19,ug/L,I,,Actual,1
1910,Phosphorus- Total,Sample,Direct Grab,Water Bottle,0.3,m,,,LAKEWATCH-TP,Total,1/29/24,2:00:00 PM,EST,1/31/24,1:08:00 PM,EST,Pasco,PAS-HUD,7,1/19/24,,EST,7,ug/L,6,19,ug/L,I,,Actual,1
1910,Phosphorus- Total,Sample,Direct Grab,Water Bottle,0.3,m,,,LAKEWATCH-TP,Total,1/29/24,2:00:00 PM,EST,1/31/24,1:08:00 PM,EST,Pasco,PAS-HUD,8,1/19/24,,EST,5,ug/L,6,19,ug/L,TI,,Actual,1
1910,Phosphorus- Total,Sample,Direct Grab,Water Bottle,0.3,m,,,LAKEWATCH-TP,Total,1/29/24,2:00:00 PM,EST,1/31/24,1:08:00 PM,EST,Pasco,PAS-HUD,9,1/19/24,,EST,5,ug/L,6,19,ug/L,TI,,Actual,1
1910,Phosphorus- Total,Sample,Direct Grab,Water Bottle,0.3,m,,,LAKEWATCH-TP,Total,1/29/24,2:00:00 PM,EST,1/31/24,1:08:00 PM,EST,Pasco,PAS-HUD,10,1/19/24,,EST,6,ug/L,6,19,ug/L,U,,Actual,1
1910,Phosphorus- Total,Sample,Direct Grab,Water Bottle,0.3,m,,,LAKEWATCH-TP,Total,2/28/24,12:00:00 PM,EST,3/1/24,8:43:00 AM,EST,Pasco,PAS-HUD,1,2/14/24,,EST,5,ug/L,6,19,ug/L,TI,,Actual,1
1910,Phosphorus- Total,Sample,Direct Grab,Water Bottle,0.3,m,,,LAKEWATCH-TP,Total,2/28/24,12:00:00 PM,EST,3/1/24,8:43:00 AM,EST,Pasco,PAS-HUD,2,2/14/24,,EST,6,ug/L,6,19,ug/L,U,,Actual,1
1910,Phosphorus- Total,Sample,Direct Grab,Water Bottle,0.3,m,,,LAKEWATCH-TP,Total,2/28/24,12:00:00 PM,EST,3/1/24,8:43:00 AM,EST,Pasco,PAS-HUD,3,2/14/24,,EST,4,ug/L,6,19,ug/L,TI,,Actual,1
1910,Phosphorus- Total,Sample,Direct Grab,Water Bottle,0.3,m,,,LAKEWATCH-TP,Total,2/28/24,12:00:00 PM,EST,3/1/24,8:43:00 AM,EST,Pasco,PAS-HUD,4,2/14/24,,EST,6,ug/L,6,19,ug/L,U,,Actual,1
1910,Phosphorus- Total,Sample,Direct Grab,Water Bottle,0.3,m,,,LAKEWATCH-TP,Total,2/28/24,12:00:00 PM,EST,3/1/24,8:43:00 AM,EST,Pasco,PAS-HUD,5,2/14/24,,EST,8,ug/L,6,19,ug/L,I,,Actual,1
1910,Phosphorus- Total,Sample,Direct Grab,Water Bottle,0.3,m,,,LAKEWATCH-TP,Total,2/28/24,12:00:00 PM,EST,3/1/24,8:43:00 AM,EST,Pasco,PAS-HUD,6,2/14/24,,EST,6,ug/L,6,19,ug/L,U,,Actual,1
1910,Phosphorus- Total,Sample,Direct Grab,Water Bottle,0.3,m,,,LAKEWATCH-TP,Total,2/28/24,12:00:00 PM,EST,3/1/24,8:43:00 AM,EST,Pasco,PAS-HUD,7,2/14/24,,EST,8,ug/L,6,19,ug/L,I,,Actual,1
1910,Phosphorus- Total,Sample,Direct Grab,Water Bottle,0.3,m,,,LAKEWATCH-TP,Total,2/28/24,12:00:00 PM,EST,3/1/24,8:43:00 AM,EST,Pasco,PAS-HUD,8,2/14/24,,EST,7,ug/L,6,19,ug/L,I,,Actual,1
1910,Phosphorus- Total,Sample,Direct Grab,Water Bottle,0.3,m,,,LAKEWATCH-TP,Total,2/28/24,12:00:00 PM,EST,3/1/24,8:43:00 AM,EST,Pasco,PAS-HUD,9,2/14/24,,EST,8,ug/L,6,19,ug/L,I,,Actual,1
1910,Phosphorus- Total,Sample,Direct Grab,Water Bottle,0.3,m,,,LAKEWATCH-TP,Total,2/28/24,12:00:00 PM,EST,3/1/24,8:43:00 AM,EST,Pasco,PAS-HUD,10,2/14/24,,EST,11,ug/L,6,19,ug/L,I,,Actual,1
1910,Phosphorus- Total,Sample,Direct Grab,Water Bottle,0.3,m,,,LAKEWATCH-TP,Total,4/4/24,10:00:00 AM,EDT,4/10/24,8:28:00 AM,EDT,Pasco,PAS-PIT,1,3/20/24,,EST,74,ug/L,6,19,ug/L,,,Actual,1
1910,Phosphorus- Total,Sample,Direct Grab,Water Bottle,0.3,m,,,LAKEWATCH-TP,Total,4/4/24,10:00:00 AM,EDT,4/10/24,8:28:00 AM,EDT,Pasco,PAS-PIT,2,3/20/24,,EST,25,ug/L,6,19,ug/L,,,Actual,1
1910,Phosphorus- Total,Sample,Direct Grab,Water Bottle,0.3,m,,,LAKEWATCH-TP,Total,4/4/24,10:00:00 AM,EDT,4/10/24,8:28:00 AM,EDT,Pasco,PAS-PIT,3,3/20/24,,EST,11,ug/L,6,19,ug/L,I,,Actual,1
1910,Phosphorus- Total,Sample,Direct Grab,Water Bottle,0.3,m,,,LAKEWATCH-TP,Total,4/4/24,10:00:00 AM,EDT,4/10/24,8:28:00 AM,EDT,Pasco,PAS-PIT,4,3/20/24,,EST,7,ug/L,6,19,ug/L,I,,Actual,1
1910,Phosphorus- Total,Sample,Direct Grab,Water Bottle,0.3,m,,,LAKEWATCH-TP,Total,4/4/24,10:00:00 AM,EDT,4/10/24,8:28:00 AM,EDT,Pasco,PAS-PIT,5,3/20/24,,EST,8,ug/L,6,19,ug/L,I,,Actual,1
1910,Phosphorus- Total,Sample,Direct Grab,Water Bottle,0.3,m,,,LAKEWATCH-TP,Total,4/4/24,10:00:00 AM,EDT,4/10/24,8:28:00 AM,EDT,Pasco,PAS-PIT,6,3/20/24,,EST,10,ug/L,6,19,ug/L,I,,Actual,1
1910,Phosphorus- Total,Sample,Direct Grab,Water Bottle,0.3,m,,,LAKEWATCH-TP,Total,4/4/24,10:00:00 AM,EDT,4/10/24,8:28:00 AM,EDT,Pasco,PAS-PIT,7,3/20/24,,EST,9,ug/L,6,19,ug/L,I,,Actual,1
1910,Phosphorus- Total,Sample,Direct Grab,Water Bottle,0.3,m,,,LAKEWATCH-TP,Total,4/4/24,10:00:00 AM,EDT,4/10/24,8:28:00 AM,EDT,Pasco,PAS-PIT,8,3/20/24,,EST,8,ug/L,6,19,ug/L,I,,Actual,1
1910,Phosphorus- Total,Sample,Direct Grab,Water Bottle,0.3,m,,,LAKEWATCH-TP,Total,4/4/24,10:00:00 AM,EDT,4/10/24,8:28:00 AM,EDT,Pasco,PAS-PIT,9,3/20/24,,EST,14,ug/L,6,19,ug/L,I,,Actual,1
1910,Phosphorus- Total,Sample,Direct Grab,Water Bottle,0.3,m,,,LAKEWATCH-TP,Total,4/4/24,10:00:00 AM,EDT,4/10/24,8:28:00 AM,EDT,Pasco,PAS-PIT,10,3/20/24,,EST,10,ug/L,6,19,ug/L,I,,Actual,1
1910,Phosphorus- Total,Sample,Direct Grab,Water Bottle,0.3,m,,,LAKEWATCH-TP,Total,1/29/24,2:00:00 PM,EST,1/31/24,1:08:00 PM,EST,Pasco,PAS-PIT,1,1/18/24,,EST,57,ug/L,6,19,ug/L,,,Actual,1
1910,Phosphorus- Total,Sample,Direct Grab,Water Bottle,0.3,m,,,LAKEWATCH-TP,Total,1/29/24,2:00:00 PM,EST,1/31/24,1:08:00 PM,EST,Pasco,PAS-PIT,2,1/18/24,,EST,21,ug/L,6,19,ug/L,,,Actual,1
1910,Phosphorus- Total,Sample,Direct Grab,Water Bottle,0.3,m,,,LAKEWATCH-TP,Total,1/29/24,2:00:00 PM,EST,1/31/24,1:08:00 PM,EST,Pasco,PAS-PIT,3,1/18/24,,EST,7,ug/L,6,19,ug/L,I,,Actual,1
1910,Phosphorus- Total,Sample,Direct Grab,Water Bottle,0.3,m,,,LAKEWATCH-TP,Total,1/29/24,2:00:00 PM,EST,1/31/24,1:08:00 PM,EST,Pasco,PAS-PIT,4,1/18/24,,EST,9,ug/L,6,19,ug/L,I,,Actual,1
1910,Phosphorus- Total,Sample,Direct Grab,Water Bottle,0.3,m,,,LAKEWATCH-TP,Total,1/29/24,2:00:00 PM,EST,1/31/24,1:08:00 PM,EST,Pasco,PAS-PIT,5,1/18/24,,EST,8,ug/L,6,19,ug/L,I,,Actual,1
1910,Phosphorus- Total,Sample,Direct Grab,Water Bottle,0.3,m,,,LAKEWATCH-TP,Total,1/29/24,2:00:00 PM,EST,1/31/24,1:08:00 PM,EST,Pasco,PAS-PIT,6,1/18/24,,EST,12,ug/L,6,19,ug/L,I,,Actual,1
1910,Phosphorus- Total,Sample,Direct Grab,Water Bottle,0.3,m,,,LAKEWATCH-TP,Total,1/29/24,2:00:00 PM,EST,1/31/24,1:08:00 PM,EST,Pasco,PAS-PIT,7,1/18/24,,EST,10,ug/L,6,19,ug/L,I,,Actual,1
1910,Phosphorus- Total,Sample,Direct Grab,Water Bottle,0.3,m,,,LAKEWATCH-TP,Total,1/29/24,2:00:00 PM,EST,1/31/24,1:08:00 PM,EST,Pasco,PAS-PIT,8,1/18/24,,EST,7,ug/L,6,19,ug/L,I,,Actual,1
1910,Phosphorus- Total,Sample,Direct Grab,Water Bottle,0.3,m,,,LAKEWATCH-TP,Total,1/29/24,2:00:00 PM,EST,1/31/24,1:08:00 PM,EST,Pasco,PAS-PIT,9,1/18/24,,EST,6,ug/L,6,19,ug/L,U,,Actual,1
1910,Phosphorus- Total,Sample,Direct Grab,Water Bottle,0.3,m,,,LAKEWATCH-TP,Total,1/29/24,2:00:00 PM,EST,1/31/24,1:08:00 PM,EST,Pasco,PAS-PIT,10,1/18/24,,EST,6,ug/L,6,19,ug/L,U,,Actual,1
1910,Phosphorus- Total,Sample,Direct Grab,Water Bottle,0.3,m,,,LAKEWATCH-TP,Total,2/28/24,12:00:00 PM,EST,3/1/24,8:43:00 AM,EST,Pasco,PAS-PIT,1,2/20/24,,EST,52,ug/L,6,19,ug/L,,,Actual,1
1910,Phosphorus- Total,Sample,Direct Grab,Water Bottle,0.3,m,,,LAKEWATCH-TP,Total,2/28/24,12:00:00 PM,EST,3/1/24,8:43:00 AM,EST,Pasco,PAS-PIT,2,2/20/24,,EST,23,ug/L,6,19,ug/L,,,Actual,1
1910,Phosphorus- Total,Sample,Direct Grab,Water Bottle,0.3,m,,,LAKEWATCH-TP,Total,2/28/24,12:00:00 PM,EST,3/1/24,8:43:00 AM,EST,Pasco,PAS-PIT,3,2/20/24,,EST,7,ug/L,6,19,ug/L,I,,Actual,1
1910,Phosphorus- Total,Sample,Direct Grab,Water Bottle,0.3,m,,,LAKEWATCH-TP,Total,2/28/24,12:00:00 PM,EST,3/1/24,8:43:00 AM,EST,Pasco,PAS-PIT,4,2/20/24,,EST,6,ug/L,6,19,ug/L,U,,Actual,1
1910,Phosphorus- Total,Sample,Direct Grab,Water Bottle,0.3,m,,,LAKEWATCH-TP,Total,2/28/24,12:00:00 PM,EST,3/1/24,8:43:00 AM,EST,Pasco,PAS-PIT,5,2/20/24,,EST,5,ug/L,6,19,ug/L,TI,,Actual,1
1910,Phosphorus- Total,Sample,Direct Grab,Water Bottle,0.3,m,,,LAKEWATCH-TP,Total,2/28/24,12:00:00 PM,EST,3/1/24,8:43:00 AM,EST,Pasco,PAS-PIT,6,2/20/24,,EST,8,ug/L,6,19,ug/L,I,,Actual,1
1910,Phosphorus- Total,Sample,Direct Grab,Water Bottle,0.3,m,,,LAKEWATCH-TP,Total,2/28/24,12:00:00 PM,EST,3/1/24,8:43:00 AM,EST,Pasco,PAS-PIT,7,2/20/24,,EST,8,ug/L,6,19,ug/L,I,,Actual,1
1910,Phosphorus- Total,Sample,Direct Grab,Water Bottle,0.3,m,,,LAKEWATCH-TP,Total,2/28/24,12:00:00 PM,EST,3/1/24,8:43:00 AM,EST,Pasco,PAS-PIT,8,2/20/24,,EST,13,ug/L,6,19,ug/L,I,,Actual,1
1910,Phosphorus- Total,Sample,Direct Grab,Water Bottle,0.3,m,,,LAKEWATCH-TP,Total,2/28/24,12:00:00 PM,EST,3/1/24,8:43:00 AM,EST,Pasco,PAS-PIT,9,2/20/24,,EST,8,ug/L,6,19,ug/L,I,,Actual,1
1910,Phosphorus- Total,Sample,Direct Grab,Water Bottle,0.3,m,,,LAKEWATCH-TP,Total,2/28/24,12:00:00 PM,EST,3/1/24,8:43:00 AM,EST,Pasco,PAS-PIT,10,2/20/24,,EST,6,ug/L,6,19,ug/L,U,,Actual,1