"Preparation_Date","Preparation_Time","Preparation_Time_Zone","Analysis_Date","Analysis_Time","Analysis_Time_Zone","County","Lake","Station","Activity_Start_Date","Tube_Number","Dilution","Abs","Org_Result_Value","Result_Comments","QAQC_Qualifier","WIN_Value_Qualifier","Holding_Qualifier","MDL_PQL_Qualifier","Data_Category","Run_ID","LWID","Comments","Sampling_Agency_Name","Project_ID"
"11/12/2024","2:36:00 PM","EST","11/14/2024","12:33:00 PM","EST","Alachua","Blues Creek-2","1","07/15/2024",,1,0.02,15,,,,,,"Sample","COL1112202411142024",,,"Florida Lakewatch","21FLKWAT"
"09/03/2024","10:35:00 AM","EDT","09/05/2024","12:12:00 PM","EDT","Alachua","Deer Run","1","04/15/2024",,1,0.012,9,,,,,,"Sample","COL",,,"Florida Lakewatch","21FLKWAT"
"11/12/2024","2:36:00 PM","EST","11/14/2024","12:33:00 PM","EST","Alachua","Lochloosa_Lynch_Student Project","L1","10/24/2024",,1,0.143,108,,,,,,"Sample","COL1112202411142024",,,"Florida Lakewatch","21FLKWAT"
"11/12/2024","2:36:00 PM","EST","11/14/2024","12:33:00 PM","EST","Alachua","Lochloosa_Lynch_Student Project","L3","10/24/2024",,1,0.175,132,,,,,,"Sample","COL1112202411142024",,,"Florida Lakewatch","21FLKWAT"
"11/12/2024","2:36:00 PM","EST","11/14/2024","12:33:00 PM","EST","Alachua","Lochloosa_Lynch_Student Project","OD","10/24/2024",,1,0.138,104,,,,,,"Sample","COL1112202411142024",,,"Florida Lakewatch","21FLKWAT"
"11/12/2024","2:36:00 PM","EST","11/14/2024","12:33:00 PM","EST","Alachua","Lochloosa_Lynch_Student Project","OS","10/24/2024",,1,0.107,81,,,,,,"Sample","COL1112202411142024",,,"Florida Lakewatch","21FLKWAT"
"09/13/2024","3:06:00 PM","EDT","09/16/2024","1:59:00 PM","EDT","Alachua","Santa Fe-Blue Bayou Canal","1","08/19/2024",,1,0.031,22,,,,,,"Sample","COL91320249162024",,,"Florida Lakewatch","21FLKWAT"
"01/01/2004","12:00:00 AM","EDT","09/25/2024","1:56:00 PM","EDT","Alachua","Santa Fe-Blue bayou canal mouth","1","07/29/2024",,1,0.029,22,,,,,,"Sample","COL0924202409252024",,,"Florida Lakewatch","21FLKWAT"
"08/23/2024","3:00:00 PM","EDT","08/28/2024","2:30:00 PM","EDT","Charlotte","WF-4","1","04/23/2024",,1,0.106,76,,,,,,"Sample","COL8232482824",,,"Florida Lakewatch","21FLKWAT"
"10/15/2024","10:19:00 AM","EDT","10/16/2024","12:08:00 PM","EDT","Citrus","Crystal River-1","1","07/17/2024",,1,0.023,17,,,,,,"Sample","COL1015202410162024",,,"Florida Lakewatch","21FLKWAT"
"10/15/2024","10:19:00 AM","EDT","10/16/2024","12:08:00 PM","EDT","Citrus","Crystal River-6","1","07/26/2024",,1,0.018,13,,,,,,"Sample","COL1015202410162024",,,"Florida Lakewatch","21FLKWAT"
"10/15/2024","10:19:00 AM","EDT","10/16/2024","12:08:00 PM","EDT","Citrus","Crystal River-7","1","07/17/2024",,1,0.015,11,,,,,,"Sample","COL1015202410162024",,,"Florida Lakewatch","21FLKWAT"
"10/15/2024","10:19:00 AM","EDT","10/16/2024","12:08:00 PM","EDT","Citrus","Floral City","1","07/30/2024",,1,0.08,61,,,,,,"Sample","COL1015202410162024",,,"Florida Lakewatch","21FLKWAT"
"10/15/2024","10:19:00 AM","EDT","10/16/2024","12:08:00 PM","EDT","Citrus","Floral City North","1","07/30/2024",,1,0.08,61,,,,,,"Sample","COL1015202410162024",,,"Florida Lakewatch","21FLKWAT"
"10/15/2024","10:19:00 AM","EDT","10/16/2024","12:08:00 PM","EDT","Citrus","Hampton","1","07/30/2024",,1,0.06,45,,,,,,"Sample","COL1015202410162024",,,"Florida Lakewatch","21FLKWAT"
"10/15/2024","10:19:00 AM","EDT","10/16/2024","12:08:00 PM","EDT","Citrus","Magnolia Creek-1","1","07/19/2024",,1,0.044,33,,,,,,"Sample","COL1015202410162024",,,"Florida Lakewatch","21FLKWAT"
"10/15/2024","10:19:00 AM","EDT","10/16/2024","12:08:00 PM","EDT","Citrus","Magnolia Creek-2","1","07/19/2024",,1,0.011,8,,,,,,"Sample","COL1015202410162024",,,"Florida Lakewatch","21FLKWAT"
"10/15/2024","10:19:00 AM","EDT","10/16/2024","12:08:00 PM","EDT","Citrus","Magnolia Creek-3","1","07/19/2024",,1,0.009,6,,,,,,"Sample","COL1015202410162024",,,"Florida Lakewatch","21FLKWAT"
"10/15/2024","10:19:00 AM","EDT","10/16/2024","12:08:00 PM","EDT","Citrus","Magnolia Creek-4","1","07/19/2024",,1,0.005,3,,,,,,"Sample","COL1015202410162024",,,"Florida Lakewatch","21FLKWAT"
"10/15/2024","10:19:00 AM","EDT","10/16/2024","12:08:00 PM","EDT","Citrus","Magnolia Creek-mullet hole","1","07/19/2024",,1,0.014,10,,,,,,"Sample","COL1015202410162024",,,"Florida Lakewatch","21FLKWAT"
"10/15/2024","10:19:00 AM","EDT","10/16/2024","12:08:00 PM","EDT","Citrus","Tsala Apopka South","1","07/30/2024",,1,0.081,62,,,,,,"Sample","COL1015202410162024",,,"Florida Lakewatch","21FLKWAT"
"09/03/2024","10:35:00 AM","EDT","09/05/2024","12:12:00 PM","EDT","Clay","Flemingbrook-5","1","04/04/2024",,1,0.036,26,,,"Q","Q",,"Sample","COL",,,"Florida Lakewatch","21FLKWAT"
"09/03/2024","10:35:00 AM","EDT","09/05/2024","12:12:00 PM","EDT","Clay","Flemingbrook-6","1","04/05/2024",,1,0.045,33,,,"Q","Q",,"Sample","COL",,,"Florida Lakewatch","21FLKWAT"
"08/23/2024","3:00:00 PM","EDT","08/28/2024","2:30:00 PM","EDT","Collier","PCL-5","1","01/24/2024",,1,0.016,12,,,"Q","Q",,"Sample","COL8232482824",,,"Florida Lakewatch","21FLKWAT"
"09/03/2024","10:35:00 AM","EDT","09/05/2024","12:12:00 PM","EDT","Collier","Seacrest 2","1","04/30/2024",,1,0.012,9,,,,,,"Sample","COL",,,"Florida Lakewatch","21FLKWAT"
"10/15/2024","10:19:00 AM","EDT","10/16/2024","12:08:00 PM","EDT","Gulf","Cattledip","1","04/09/2024",,1,0.155,118,,,"Q","Q",,"Sample","COL1015202410162024",,,"Florida Lakewatch","21FLKWAT"
"10/15/2024","10:19:00 AM","EDT","10/16/2024","12:08:00 PM","EDT","Gulf","Depot Creek-1","1","04/09/2024",,2,0.172,263,,,"Q","Q",,"Sample","COL1015202410162024",,,"Florida Lakewatch","21FLKWAT"
"10/15/2024","10:19:00 AM","EDT","10/16/2024","12:08:00 PM","EDT","Gulf","Dove Field-1","1","04/09/2024",,2,0.123,187,,,"Q","Q",,"Sample","COL1015202410162024",,,"Florida Lakewatch","21FLKWAT"
"10/15/2024","10:19:00 AM","EDT","10/16/2024","12:08:00 PM","EDT","Gulf","Money Bayou-1","1","04/09/2024",,2,0.188,287,,,"Q","Q",,"Sample","COL1015202410162024",,,"Florida Lakewatch","21FLKWAT"
"10/15/2024","10:19:00 AM","EDT","10/16/2024","12:08:00 PM","EDT","Gulf","Pond Road","1","04/09/2024",,4,0.063,191,,,"Q","Q",,"Sample","COL1015202410162024",,,"Florida Lakewatch","21FLKWAT"
"10/15/2024","10:19:00 AM","EDT","10/16/2024","12:08:00 PM","EDT","Gulf","Simmons Bayou-1","1","04/09/2024",,1,0.044,33,,,"Q","Q",,"Sample","COL1015202410162024",,,"Florida Lakewatch","21FLKWAT"
"10/15/2024","10:19:00 AM","EDT","10/16/2024","12:08:00 PM","EDT","Gulf","South Gate","1","04/09/2024",,4,0.05,151,,,"Q","Q",,"Sample","COL1015202410162024",,,"Florida Lakewatch","21FLKWAT"
"10/29/2024","10:00:00 AM","EDT","10/30/2024","12:00:00 AM","EDT","Hernando","Arepika Channel","1","07/30/2024",,1,0.007,5,,,,,,"Sample","COL1029202410302024",,,"Florida Lakewatch","21FLKWAT"
"10/29/2024","10:00:00 AM","EDT","10/30/2024","12:00:00 AM","EDT","Hernando","Chassahowitzka Channel","1","07/30/2024",,1,0.009,6,,,,,,"Sample","COL1029202410302024",,,"Florida Lakewatch","21FLKWAT"
"10/29/2024","10:00:00 AM","EDT","10/30/2024","12:00:00 AM","EDT","Hernando","Cutter Rock","1","07/30/2024",,1,0.007,5,,,,,,"Sample","COL1029202410302024",,,"Florida Lakewatch","21FLKWAT"
"10/29/2024","10:00:00 AM","EDT","10/30/2024","12:00:00 AM","EDT","Hernando","Hernando Beach Waters","1","07/30/2024",,1,0.007,5,,,,,,"Sample","COL1029202410302024",,,"Florida Lakewatch","21FLKWAT"
"10/15/2024","10:19:00 AM","EDT","10/16/2024","12:08:00 PM","EDT","Hernando","Mountain","1","04/28/2024",,1,0.057,43,,,"Q","Q",,"Sample","COL1015202410162024",,,"Florida Lakewatch","21FLKWAT"
"10/29/2024","10:00:00 AM","EDT","10/30/2024","12:00:00 AM","EDT","Hernando","North Rack","1","07/30/2024",,1,0.009,6,,,,,,"Sample","COL1029202410302024",,,"Florida Lakewatch","21FLKWAT"
"10/29/2024","10:00:00 AM","EDT","10/30/2024","12:00:00 AM","EDT","Hernando","Pine Island","1","07/30/2024",,1,0.011,8,,,,,,"Sample","COL1029202410302024",,,"Florida Lakewatch","21FLKWAT"
"09/25/2024","1:00:00 PM","EDT","10/01/2024","1:30:00 PM","EDT","Highlands","June","1","07/23/2024",,1,0.014,11,,,,,,"Sample","COL1001202409252024",,,"Florida Lakewatch","21FLKWAT"
"09/03/2024","10:35:00 AM","EDT","09/05/2024","12:12:00 PM","EDT","Hillsborough","Armistead","1","04/16/2024",,1,0.088,63,,,,,,"Sample","COL",,,"Florida Lakewatch","21FLKWAT"
"09/03/2024","10:35:00 AM","EDT","09/05/2024","12:12:00 PM","EDT","Hillsborough","Brant","1","04/29/2024",,1,0.035,26,,,,,,"Sample","COL",,,"Florida Lakewatch","21FLKWAT"
"09/12/2024","3:45:00 PM","EDT","09/13/2024","11:50:00 AM","EDT","Hillsborough","Brant - special","1","07/24/2024",,1,0.024,17,,,,,,"Sample","COL",,,"Florida Lakewatch","21FLKWAT"
"09/12/2024","3:45:00 PM","EDT","09/13/2024","11:50:00 AM","EDT","Hillsborough","Brant - special","2","07/24/2024",,1,0.024,17,,,,,,"Sample","COL",,,"Florida Lakewatch","21FLKWAT"
"09/12/2024","3:45:00 PM","EDT","09/13/2024","11:50:00 AM","EDT","Hillsborough","Brant - special","3","07/24/2024",,1,0.026,18,,,,,,"Sample","COL",,,"Florida Lakewatch","21FLKWAT"
"09/03/2024","10:35:00 AM","EDT","09/05/2024","12:12:00 PM","EDT","Hillsborough","Breakenridge","1","04/20/2024",,1,0.039,28,,,,,,"Sample","COL",,,"Florida Lakewatch","21FLKWAT"
"10/29/2024","10:00:00 AM","EDT","10/30/2024","12:00:00 AM","EDT","Hillsborough","Breakenridge","1","07/17/2024",,1,0.015,11,,,,,,"Sample","COL1029202410302024",,,"Florida Lakewatch","21FLKWAT"
"09/03/2024","10:35:00 AM","EDT","09/05/2024","12:12:00 PM","EDT","Hillsborough","Carroll","1","04/14/2024",,1,0.008,7,,,,,,"Sample","COL",,,"Florida Lakewatch","21FLKWAT"
"09/03/2024","10:35:00 AM","EDT","09/05/2024","12:12:00 PM","EDT","Hillsborough","Church","1","04/26/2024",,1,0.017,13,,,,,,"Sample","COL",,,"Florida Lakewatch","21FLKWAT"
"09/12/2024","3:45:00 PM","EDT","09/13/2024","11:50:00 AM","EDT","Hillsborough","Church - special","1","08/20/2024",,1,0.015,10,,,,,,"Sample","COL",,,"Florida Lakewatch","21FLKWAT"
"09/12/2024","3:45:00 PM","EDT","09/13/2024","11:50:00 AM","EDT","Hillsborough","Church - special","2","08/20/2024",,1,0.017,12,,,,,,"Sample","COL",,,"Florida Lakewatch","21FLKWAT"
"09/12/2024","3:45:00 PM","EDT","09/13/2024","11:50:00 AM","EDT","Hillsborough","Church - special","3","08/20/2024",,1,0.019,13,,,,,,"Sample","COL",,,"Florida Lakewatch","21FLKWAT"
"09/03/2024","10:35:00 AM","EDT","09/05/2024","12:12:00 PM","EDT","Hillsborough","Cooper","1","04/14/2024",,1,0.026,19,,,,,,"Sample","COL",,,"Florida Lakewatch","21FLKWAT"
"09/03/2024","10:35:00 AM","EDT","09/05/2024","12:12:00 PM","EDT","Hillsborough","Crystal","1","04/21/2024",,1,0.066,47,,,,,,"Sample","COL",,,"Florida Lakewatch","21FLKWAT"
"10/29/2024","10:00:00 AM","EDT","10/30/2024","12:00:00 AM","EDT","Hillsborough","Cypress Creek-122-1","1","07/30/2024",,1,0.109,82,,,,,,"Sample","COL1029202410302024",,,"Florida Lakewatch","21FLKWAT"
"10/29/2024","10:00:00 AM","EDT","10/30/2024","12:00:00 AM","EDT","Hillsborough","Cypress Creek-122-2","1","07/30/2024",,1,0.12,90,,,,,,"Sample","COL1029202410302024",,,"Florida Lakewatch","21FLKWAT"
"09/03/2024","10:35:00 AM","EDT","09/05/2024","12:12:00 PM","EDT","Hillsborough","Dosson","1","04/01/2024",,1,0.087,62,,,"Q","Q",,"Sample","COL",,,"Florida Lakewatch","21FLKWAT"
"09/03/2024","10:35:00 AM","EDT","09/05/2024","12:12:00 PM","EDT","Hillsborough","Estes","1","04/10/2024",,1,0.043,31,,,,,,"Sample","COL",,,"Florida Lakewatch","21FLKWAT"
"09/03/2024","10:35:00 AM","EDT","09/05/2024","12:12:00 PM","EDT","Hillsborough","Hobbs","1","04/28/2024",,1,0.026,19,,,,,,"Sample","COL",,,"Florida Lakewatch","21FLKWAT"
"09/03/2024","10:35:00 AM","EDT","09/05/2024","12:12:00 PM","EDT","Hillsborough","Hog Island","1","04/15/2024",,1,0.047,34,,,,,,"Sample","COL",,,"Florida Lakewatch","21FLKWAT"
"09/03/2024","10:35:00 AM","EDT","09/05/2024","12:12:00 PM","EDT","Hillsborough","Island Ford","1","04/01/2024",,1,0.027,20,,,"Q","Q",,"Sample","COL",,,"Florida Lakewatch","21FLKWAT"
"09/12/2024","3:45:00 PM","EDT","09/13/2024","11:50:00 AM","EDT","Hillsborough","James - special","1","08/20/2024",,1,0.05,36,,,,,,"Sample","COL",,,"Florida Lakewatch","21FLKWAT"
"09/12/2024","3:45:00 PM","EDT","09/13/2024","11:50:00 AM","EDT","Hillsborough","James - special","2","08/20/2024",,1,0.05,36,,,,,,"Sample","COL",,,"Florida Lakewatch","21FLKWAT"
"09/12/2024","3:45:00 PM","EDT","09/13/2024","11:50:00 AM","EDT","Hillsborough","James - special","3","08/20/2024",,1,0.053,38,,,,,,"Sample","COL",,,"Florida Lakewatch","21FLKWAT"
"09/03/2024","10:35:00 AM","EDT","09/05/2024","12:12:00 PM","EDT","Hillsborough","June","1","04/02/2024",,1,0.053,38,,,"Q","Q",,"Sample","COL",,,"Florida Lakewatch","21FLKWAT"
"09/03/2024","10:35:00 AM","EDT","09/05/2024","12:12:00 PM","EDT","Hillsborough","Lykes Lane Pond","1","04/03/2024",,1,0.075,54,,,"Q","Q",,"Sample","COL",,,"Florida Lakewatch","21FLKWAT"
"09/03/2024","10:35:00 AM","EDT","09/05/2024","12:12:00 PM","EDT","Hillsborough","Magdalene","1","04/25/2024",,1,0.023,17,,,,,,"Sample","COL",,,"Florida Lakewatch","21FLKWAT"
"10/31/2024","3:08:00 PM","EDT","11/01/2024","12:00:00 AM","EDT","Hillsborough","Mid","1","07/14/2024",,1,0.034,26,,,,,,"Sample","COL1031202411012024",,,"Florida Lakewatch","21FLKWAT"
"09/03/2024","10:35:00 AM","EDT","09/05/2024","12:12:00 PM","EDT","Hillsborough","Newlands","1","04/25/2024",,1,0.06,43,,,,,,"Sample","COL",,,"Florida Lakewatch","21FLKWAT"
"09/03/2024","10:35:00 AM","EDT","09/05/2024","12:12:00 PM","EDT","Hillsborough","North Pond","1","04/07/2024",,1,0.029,21,,,"Q","Q",,"Sample","COL",,,"Florida Lakewatch","21FLKWAT"
"09/12/2024","3:45:00 PM","EDT","09/13/2024","11:50:00 AM","EDT","Hillsborough","Osceola - special","1","08/15/2024",,1,0.034,24,,,,,,"Sample","COL",,,"Florida Lakewatch","21FLKWAT"
"09/12/2024","3:45:00 PM","EDT","09/13/2024","11:50:00 AM","EDT","Hillsborough","Osceola - special","2","08/15/2024",,1,0.03,21,,,,,,"Sample","COL",,,"Florida Lakewatch","21FLKWAT"
"09/12/2024","3:45:00 PM","EDT","09/13/2024","11:50:00 AM","EDT","Hillsborough","Osceola - special","3","08/15/2024",,1,0.031,22,,,,,,"Sample","COL",,,"Florida Lakewatch","21FLKWAT"
"09/03/2024","10:35:00 AM","EDT","09/05/2024","12:12:00 PM","EDT","Hillsborough","Pine","1","04/20/2024",,1,0.024,18,,,,,,"Sample","COL",,,"Florida Lakewatch","21FLKWAT"
"09/03/2024","10:35:00 AM","EDT","09/05/2024","12:12:00 PM","EDT","Hillsborough","Platt","1","04/20/2024",,1,0.024,18,,,,,,"Sample","COL",,,"Florida Lakewatch","21FLKWAT"
"09/03/2024","10:35:00 AM","EDT","09/05/2024","12:12:00 PM","EDT","Hillsborough","Strawberry","1","04/28/2024",,1,0.043,31,,,,,,"Sample","COL",,,"Florida Lakewatch","21FLKWAT"
"09/12/2024","3:45:00 PM","EDT","09/13/2024","11:50:00 AM","EDT","Hillsborough","Strawberry - special","1","07/24/2024",,1,0.034,24,,,,,,"Sample","COL",,,"Florida Lakewatch","21FLKWAT"
"09/12/2024","3:45:00 PM","EDT","09/13/2024","11:50:00 AM","EDT","Hillsborough","Strawberry - special","2","07/24/2024",,1,0.027,19,,,,,,"Sample","COL",,,"Florida Lakewatch","21FLKWAT"
"09/12/2024","3:45:00 PM","EDT","09/13/2024","11:50:00 AM","EDT","Hillsborough","Strawberry - special","3","07/24/2024",,1,0.034,24,,,,,,"Sample","COL",,,"Florida Lakewatch","21FLKWAT"
"09/03/2024","10:35:00 AM","EDT","09/05/2024","12:12:00 PM","EDT","Hillsborough","White Trout","1","04/16/2024",,1,0.015,11,,,,,,"Sample","COL",,,"Florida Lakewatch","21FLKWAT"
"10/24/2024","12:02:00 PM","EDT","10/28/2024","2:44:00 PM","EDT","Lake","Crescent","1","04/30/2024",,1,0.076,57,,,"Q","Q",,"Sample","COL1024202410282024",,,"Florida Lakewatch","21FLKWAT"
"10/15/2024","10:19:00 AM","EDT","10/16/2024","12:08:00 PM","EDT","Lake","Crescent","1","07/31/2024",,1,0.059,45,,,,,,"Sample","COL1015202410162024",,,"Florida Lakewatch","21FLKWAT"
"08/29/2024","3:19:00 PM","EDT","08/30/2024","12:10:00 PM","EDT","Lake","Crown","1","04/10/2024",,1,0.031,23,,,,,,"Sample","COL082924083024",,,"Florida Lakewatch","21FLKWAT"
"08/29/2024","3:19:00 PM","EDT","08/30/2024","12:10:00 PM","EDT","Lake","Dorr","1","07/14/2024",,1,0.022,16,,,,,,"Sample","COL082924083024",,,"Florida Lakewatch","21FLKWAT"
"10/29/2024","10:00:00 AM","EDT","10/30/2024","12:00:00 AM","EDT","Lake","Dorr","1","07/23/2024",,1,0.064,48,,,,,,"Sample","COL1029202410302024",,,"Florida Lakewatch","21FLKWAT"
"10/15/2024","10:19:00 AM","EDT","10/16/2024","12:08:00 PM","EDT","Lake","Florence","1","07/09/2024",,1,0.015,11,,,,,,"Sample","COL1015202410162024",,,"Florida Lakewatch","21FLKWAT"
"08/29/2024","3:19:00 PM","EDT","08/30/2024","12:10:00 PM","EDT","Lake","Jewel","1","04/10/2024",,1,0.047,34,,,,,,"Sample","COL082924083024",,,"Florida Lakewatch","21FLKWAT"
"10/15/2024","10:19:00 AM","EDT","10/16/2024","12:08:00 PM","EDT","Lake","Joanna","1","07/12/2024",,1,0.015,11,,,,,,"Sample","COL1015202410162024",,,"Florida Lakewatch","21FLKWAT"
"10/15/2024","10:19:00 AM","EDT","10/16/2024","12:08:00 PM","EDT","Lake","Lorraine","1","07/29/2024",,1,0.063,48,,,,,,"Sample","COL1015202410162024",,,"Florida Lakewatch","21FLKWAT"
"08/29/2024","3:19:00 PM","EDT","08/30/2024","12:10:00 PM","EDT","Lake","Royal","1","04/10/2024",,1,0.023,17,,,,,,"Sample","COL082924083024",,,"Florida Lakewatch","21FLKWAT"
"10/15/2024","10:19:00 AM","EDT","10/16/2024","12:08:00 PM","EDT","Lake","Saunders","1","07/01/2024",,1,0.02,15,,,,,,"Sample","COL1015202410162024",,,"Florida Lakewatch","21FLKWAT"
"10/29/2024","10:00:00 AM","EDT","10/30/2024","12:00:00 AM","EDT","Lake","Sellers","1","07/23/2024",,1,0.008,6,,,,,,"Sample","COL1029202410302024",,,"Florida Lakewatch","21FLKWAT"
"10/29/2024","10:00:00 AM","EDT","10/30/2024","12:00:00 AM","EDT","Lake","Wildcat","1","07/23/2024",,1,0.031,23,,,,,,"Sample","COL1029202410302024",,,"Florida Lakewatch","21FLKWAT"
"10/29/2024","10:00:00 AM","EDT","10/30/2024","12:00:00 AM","EDT","Leon","Munson","1","07/06/2024",,1,0.054,40,,,,,,"Sample","COL1029202410302024",,,"Florida Lakewatch","21FLKWAT"
"10/29/2024","10:00:00 AM","EDT","10/30/2024","12:00:00 AM","EDT","Marion","Charles","1","07/23/2024",,1,0.136,102,,,,,,"Sample","COL1029202410302024",,,"Florida Lakewatch","21FLKWAT"
"10/29/2024","10:00:00 AM","EDT","10/30/2024","12:00:00 AM","EDT","Marion","Halfmoon","1","07/23/2024",,1,0.044,33,,,,,,"Sample","COL1029202410302024",,,"Florida Lakewatch","21FLKWAT"
"10/15/2024","10:19:00 AM","EDT","10/17/2024","10:41:00 AM","EDT","Marion","Lou","1","07/29/2024",,1,0.161,126,,,,,,"Sample","COL1015202410172024",,,"Florida Lakewatch","21FLKWAT"
"11/12/2024","2:36:00 PM","EST","11/14/2024","12:33:00 PM","EST","Marion","Ocklawaha River_Belchior_Student Project","Ponar 1","10/22/2024",,2,0.097,146,,,,,,"Sample","COL1112202411142024",,,"Florida Lakewatch","21FLKWAT"
"11/12/2024","2:36:00 PM","EST","11/14/2024","12:33:00 PM","EST","Marion","Ocklawaha River_Belchior_Student Project","Ponar 2","10/22/2024",,2,0.137,207,,,,,,"Sample","COL1112202411142024",,,"Florida Lakewatch","21FLKWAT"
"11/12/2024","2:36:00 PM","EST","11/14/2024","12:33:00 PM","EST","Marion","Ocklawaha River_Belchior_Student Project","Ponar 3","10/22/2024",,2,0.087,131,,,,,,"Sample","COL1112202411142024",,,"Florida Lakewatch","21FLKWAT"
"11/12/2024","2:36:00 PM","EST","11/14/2024","12:33:00 PM","EST","Marion","Ocklawaha River_Belchior_Student Project","Reservoir 2","10/22/2024",,2,0.117,177,,,,,,"Sample","COL1112202411142024",,,"Florida Lakewatch","21FLKWAT"
"11/12/2024","2:36:00 PM","EST","11/14/2024","12:33:00 PM","EST","Marion","Ocklawaha River_Belchior_Student Project","Canal 1","10/23/2024",,2,0.146,221,,,,,,"Sample","COL1112202411142024",,,"Florida Lakewatch","21FLKWAT"
"11/12/2024","2:36:00 PM","EST","11/14/2024","12:33:00 PM","EST","Marion","Ocklawaha River_Belchior_Student Project","Canal 2","10/23/2024",,4,0.074,223,,,,,,"Sample","COL1112202411142024",,,"Florida Lakewatch","21FLKWAT"
"11/12/2024","2:36:00 PM","EST","11/14/2024","12:33:00 PM","EST","Marion","Ocklawaha River_Belchior_Student Project","Canal 3","10/23/2024",,4,0.071,214,,,,,,"Sample","COL1112202411142024",,,"Florida Lakewatch","21FLKWAT"
"11/12/2024","2:36:00 PM","EST","11/14/2024","12:33:00 PM","EST","Marion","Ocklawaha River_Belchior_Student Project","Downstream 1","10/23/2024",,2,0.187,283,,,,,,"Sample","COL1112202411142024",,,"Florida Lakewatch","21FLKWAT"
"11/12/2024","2:36:00 PM","EST","11/14/2024","12:33:00 PM","EST","Marion","Ocklawaha River_Belchior_Student Project","Downstream 2","10/23/2024",,5,0.159,601,,,,,,"Sample","COL1112202411142024",,,"Florida Lakewatch","21FLKWAT"
"11/12/2024","2:36:00 PM","EST","11/14/2024","12:33:00 PM","EST","Marion","Ocklawaha River_Belchior_Student Project","Downstream 3","10/23/2024",,4,0.067,202,,,,,,"Sample","COL1112202411142024",,,"Florida Lakewatch","21FLKWAT"
"11/12/2024","2:36:00 PM","EST","11/14/2024","12:33:00 PM","EST","Marion","Ocklawaha River_Belchior_Student Project","Downstream 4","10/23/2024",,4,0.07,211,,,,,,"Sample","COL1112202411142024",,,"Florida Lakewatch","21FLKWAT"
"11/12/2024","2:36:00 PM","EST","11/14/2024","12:33:00 PM","EST","Marion","Ocklawaha River_Belchior_Student Project","Downstream 5","10/23/2024",,4,0.064,193,,,,,,"Sample","COL1112202411142024",,,"Florida Lakewatch","21FLKWAT"
"11/12/2024","2:36:00 PM","EST","11/14/2024","12:33:00 PM","EST","Marion","Ocklawaha River_Belchior_Student Project","Downstream 6","10/23/2024",,4,0.073,220,,,,,,"Sample","COL1112202411142024",,,"Florida Lakewatch","21FLKWAT"
"11/12/2024","2:36:00 PM","EST","11/14/2024","12:33:00 PM","EST","Marion","Ocklawaha River_Belchior_Student Project","Reservoir 3","10/23/2024",,2,0.092,139,,,,,,"Sample","COL1112202411142024",,,"Florida Lakewatch","21FLKWAT"
"09/03/2024","10:35:00 AM","EDT","09/05/2024","12:12:00 PM","EDT","Marion","Sunset Harbor","1","04/15/2024",,1,0.011,9,,,,,,"Sample","COL",,,"Florida Lakewatch","21FLKWAT"
"09/03/2024","10:35:00 AM","EDT","09/05/2024","12:12:00 PM","EDT","Marion","Weir","1","04/06/2024",,1,0.014,11,,,"Q","Q",,"Sample","COL",,,"Florida Lakewatch","21FLKWAT"
"10/17/2024","2:10:00 PM","EDT","10/22/2024","11:31:00 AM","EDT","Monroe","Desbiens","1","07/31/2024",,4,0.158,494,1,,,,,"Sample","COL10172024COL10222024",,,"Florida Lakewatch","21FLKWAT"
"10/17/2024","2:10:00 PM","EDT","10/22/2024","11:31:00 AM","EDT","Monroe","Northside","2","07/31/2024",,1,0.052,41,1,,,,,"Sample","COL10172024COL10222024",,,"Florida Lakewatch","21FLKWAT"
"11/12/2024","2:36:00 PM","EST","11/14/2024","12:33:00 PM","EST","Monroe","Stock Island-3","1","07/31/2024",,1,0.038,28,,,,,,"Sample","COL1112202411142024",,,"Florida Lakewatch","21FLKWAT"
"10/17/2024","2:10:00 PM","EDT","10/22/2024","11:31:00 AM","EDT","Monroe","Tom's Harbor-1","1","07/12/2024",,1,0.008,7,1,,,,,"Sample","COL10172024COL10222024",,,"Florida Lakewatch","21FLKWAT"
"10/17/2024","2:10:00 PM","EDT","10/22/2024","11:31:00 AM","EDT","Monroe","Tom's Harbor-2","1","07/12/2024",,1,0.005,5,1,,,,,"Sample","COL10172024COL10222024",,,"Florida Lakewatch","21FLKWAT"
"10/17/2024","2:10:00 PM","EDT","10/22/2024","11:31:00 AM","EDT","Monroe","Tom's Harbor-3","1","07/12/2024",,1,0.007,7,1,,,,,"Sample","COL10172024COL10222024",,,"Florida Lakewatch","21FLKWAT"
"10/17/2024","2:10:00 PM","EDT","10/22/2024","11:31:00 AM","EDT","Monroe","Tom's Harbor-4","1","07/26/2024",,1,0.006,6,1,,,,,"Sample","COL10172024COL10222024",,,"Florida Lakewatch","21FLKWAT"
"10/17/2024","2:10:00 PM","EDT","10/22/2024","11:31:00 AM","EDT","Monroe","Tom's Harbor-5","1","07/26/2024",,1,0.004,4,1,,,,,"Sample","COL10172024COL10222024",,,"Florida Lakewatch","21FLKWAT"
"10/17/2024","2:10:00 PM","EDT","10/22/2024","11:31:00 AM","EDT","Monroe","Tom's Harbor-6","1","07/26/2024",,1,0.005,5,1,,,,,"Sample","COL10172024COL10222024",,,"Florida Lakewatch","21FLKWAT"
"01/01/2004","12:00:00 AM","EDT","09/25/2024","1:56:00 PM","EDT","Okaloosa","Bass","1","07/31/2024",,1,0.137,105,,,,,,"Sample","COL0924202409252024",,,"Florida Lakewatch","21FLKWAT"
"09/13/2024","3:06:00 PM","EDT","09/16/2024","1:59:00 PM","EDT","Okaloosa","CBA Niceville-1","1","07/01/2024",,1,0.025,18,,,,,,"Sample","COL91320249162024",,,"CHOCTAWHATCHEE BASIN ALLIANCE","BAYRALLY"
"09/13/2024","3:06:00 PM","EDT","09/16/2024","1:59:00 PM","EDT","Okaloosa","CBA Niceville-2","1","07/01/2024",,1,0.016,11,,,,,,"Sample","COL91320249162024",,,"CHOCTAWHATCHEE BASIN ALLIANCE","BAYRALLY"
"09/13/2024","3:06:00 PM","EDT","09/16/2024","1:59:00 PM","EDT","Okaloosa","CBA Niceville-3","1","07/01/2024",,1,0.016,11,,,,,,"Sample","COL91320249162024",,,"CHOCTAWHATCHEE BASIN ALLIANCE","BAYRALLY"
"09/13/2024","3:06:00 PM","EDT","09/16/2024","1:59:00 PM","EDT","Okaloosa","CBA Niceville-4","1","07/01/2024",,1,0.01,7,,,,,,"Sample","COL91320249162024",,,"CHOCTAWHATCHEE BASIN ALLIANCE","BAYRALLY"
"01/01/2004","12:00:00 AM","EDT","09/25/2024","1:56:00 PM","EDT","Okaloosa","Roberts","1","07/12/2024",,1,0.013,10,,,,,,"Sample","COL0924202409252024",,,"CHOCTAWHATCHEE BASIN ALLIANCE","BAYRALLY"
"01/01/2004","12:00:00 AM","EDT","09/25/2024","1:56:00 PM","EDT","Okaloosa","Swift Creek-4","1","07/11/2024",,1,0.04,31,,,,,,"Sample","COL0924202409252024",,,"CHOCTAWHATCHEE BASIN ALLIANCE","BAYRALLY"
"10/15/2024","10:19:00 AM","EDT","10/17/2024","10:41:00 AM","EDT","Orange","Adair","1","07/24/2024",,1,0.025,21,,,,,,"Sample","COL1015202410172024",,,"Florida Lakewatch","21FLKWAT"
"10/15/2024","10:19:00 AM","EDT","10/17/2024","10:41:00 AM","EDT","Orange","Baldwin","1","07/03/2024",,1,0.017,15,,,,,,"Sample","COL1015202410172024",,,"Florida Lakewatch","21FLKWAT"
"09/03/2024","10:35:00 AM","EDT","09/05/2024","12:12:00 PM","EDT","Orange","Butler","1","04/21/2024",,1,0.012,9,,,,,,"Sample","COL",,,"Florida Lakewatch","21FLKWAT"
"10/15/2024","10:19:00 AM","EDT","10/17/2024","10:41:00 AM","EDT","Orange","Butler","1","07/10/2024",,1,0.007,7,,,,,,"Sample","COL1015202410172024",,,"Florida Lakewatch","21FLKWAT"
"09/03/2024","10:35:00 AM","EDT","09/05/2024","12:12:00 PM","EDT","Orange","Butler Wetland","1","04/21/2024",,1,0.012,9,,,,,,"Sample","COL",,,"Florida Lakewatch","21FLKWAT"
"10/15/2024","10:19:00 AM","EDT","10/17/2024","10:41:00 AM","EDT","Orange","Butler Wetland","1","07/10/2024",,1,0.011,10,,,,,,"Sample","COL1015202410172024",,,"Florida Lakewatch","21FLKWAT"
"10/17/2024","2:10:00 PM","EDT","10/22/2024","11:31:00 AM","EDT","Orange","Cane","1","07/31/2024",,1,0.015,13,1,,,,,"Sample","COL10172024COL10222024",,,"Florida Lakewatch","21FLKWAT"
"10/15/2024","10:19:00 AM","EDT","10/17/2024","10:41:00 AM","EDT","Orange","Cherokee","1","07/17/2024",,1,0.025,21,,,,,,"Sample","COL1015202410172024",,,"Florida Lakewatch","21FLKWAT"
"10/17/2024","2:10:00 PM","EDT","10/22/2024","11:31:00 AM","EDT","Orange","Claire","1","07/18/2024",,1,0.056,45,1,,,,,"Sample","COL10172024COL10222024",,,"Florida Lakewatch","21FLKWAT"
"10/17/2024","2:10:00 PM","EDT","10/22/2024","11:31:00 AM","EDT","Orange","Clear","1","07/25/2024",,1,0.018,15,1,,,,,"Sample","COL10172024COL10222024",,,"Florida Lakewatch","21FLKWAT"
"10/15/2024","10:19:00 AM","EDT","10/17/2024","10:41:00 AM","EDT","Orange","Conway South","1","07/26/2024",,1,0.01,10,,,,,,"Sample","COL1015202410172024",,,"Florida Lakewatch","21FLKWAT"
"10/15/2024","10:19:00 AM","EDT","10/17/2024","10:41:00 AM","EDT","Orange","Davis","1","07/17/2024",,1,0.01,10,,,,,,"Sample","COL1015202410172024",,,"Florida Lakewatch","21FLKWAT"
"10/15/2024","10:19:00 AM","EDT","10/17/2024","10:41:00 AM","EDT","Orange","East","1","07/30/2024",,1,0.145,114,,,,,,"Sample","COL1015202410172024",,,"Florida Lakewatch","21FLKWAT"
"10/15/2024","10:19:00 AM","EDT","10/17/2024","10:41:00 AM","EDT","Orange","Eola","1","07/30/2024",,1,0.018,16,,,,,,"Sample","COL1015202410172024",,,"Florida Lakewatch","21FLKWAT"
"10/15/2024","10:19:00 AM","EDT","10/17/2024","10:41:00 AM","EDT","Orange","Fairview","1","07/22/2024",,1,0.007,7,,,,,,"Sample","COL1015202410172024",,,"Florida Lakewatch","21FLKWAT"
"10/15/2024","10:19:00 AM","EDT","10/17/2024","10:41:00 AM","EDT","Orange","Fairview South","1","07/30/2024",,1,0.038,31,,,,,,"Sample","COL1015202410172024",,,"Florida Lakewatch","21FLKWAT"
"10/17/2024","2:10:00 PM","EDT","10/22/2024","11:31:00 AM","EDT","Orange","Formosa","1","04/06/2024",,1,0.018,15,1,,"Q","Q",,"Sample","COL10172024COL10222024",,,"Florida Lakewatch","21FLKWAT"
"10/15/2024","10:19:00 AM","EDT","10/17/2024","10:41:00 AM","EDT","Orange","Gatlin","1","07/19/2024",,1,0.013,12,,,,,,"Sample","COL1015202410172024",,,"Florida Lakewatch","21FLKWAT"
"10/17/2024","2:10:00 PM","EDT","10/22/2024","11:31:00 AM","EDT","Orange","Gatlin","1","07/27/2024",,1,0.013,11,1,,,,,"Sample","COL10172024COL10222024",,,"Florida Lakewatch","21FLKWAT"
"10/17/2024","2:10:00 PM","EDT","10/22/2024","11:31:00 AM","EDT","Orange","Holden","1","04/24/2024",,1,0.009,8,1,,"Q","Q",,"Sample","COL10172024COL10222024",,,"Florida Lakewatch","21FLKWAT"
"10/17/2024","2:10:00 PM","EDT","10/22/2024","11:31:00 AM","EDT","Orange","Holden","1","07/27/2024",,1,0.016,14,1,,,,,"Sample","COL10172024COL10222024",,,"Florida Lakewatch","21FLKWAT"
"10/17/2024","2:10:00 PM","EDT","10/22/2024","11:31:00 AM","EDT","Orange","Holden Canal-1","1","04/24/2024",,1,0.015,13,1,,"Q","Q",,"Sample","COL10172024COL10222024",,,"Florida Lakewatch","21FLKWAT"
"10/17/2024","2:10:00 PM","EDT","10/22/2024","11:31:00 AM","EDT","Orange","Holden Canal-1","1","07/27/2024",,1,0.019,16,1,,,,,"Sample","COL10172024COL10222024",,,"Florida Lakewatch","21FLKWAT"
"09/03/2024","10:35:00 AM","EDT","09/05/2024","12:12:00 PM","EDT","Orange","Lee","1","04/08/2024",,1,0.03,22,,,,,,"Sample","COL",,,"Florida Lakewatch","21FLKWAT"
"10/17/2024","2:10:00 PM","EDT","10/22/2024","11:31:00 AM","EDT","Orange","Lee","1","07/25/2024",,1,0.034,28,1,,,,,"Sample","COL10172024COL10222024",,,"Florida Lakewatch","21FLKWAT"
"10/17/2024","2:10:00 PM","EDT","10/22/2024","11:31:00 AM","EDT","Orange","O'Dell","1","07/31/2024",,1,0.06,48,1,,,,,"Sample","COL10172024COL10222024",,,"Florida Lakewatch","21FLKWAT"
"10/15/2024","10:19:00 AM","EDT","10/17/2024","10:41:00 AM","EDT","Orange","Olympia","1","07/19/2024",,1,0.009,9,,,,,,"Sample","COL1015202410172024",,,"Florida Lakewatch","21FLKWAT"
"10/17/2024","2:10:00 PM","EDT","10/22/2024","11:31:00 AM","EDT","Orange","Rose","1","07/23/2024",,1,0.034,28,1,,,,,"Sample","COL10172024COL10222024",,,"Florida Lakewatch","21FLKWAT"
"10/17/2024","2:10:00 PM","EDT","10/22/2024","11:31:00 AM","EDT","Orange","Sue","1","04/13/2024",,1,0.015,13,1,,"Q","Q",,"Sample","COL10172024COL10222024",,,"Florida Lakewatch","21FLKWAT"
"10/17/2024","2:10:00 PM","EDT","10/22/2024","11:31:00 AM","EDT","Orange","Virginia","1","07/19/2024",,1,0.013,11,,,,,,"Sample","COL10172024COL10222024",,,"Florida Lakewatch","21FLKWAT"
"09/03/2024","10:35:00 AM","EDT","09/05/2024","12:12:00 PM","EDT","Orange","Waumpi","1","04/16/2024",,1,0.044,32,,,,,,"Sample","COL",,,"Florida Lakewatch","21FLKWAT"
"10/29/2024","10:00:00 AM","EDT","10/30/2024","12:00:00 AM","EDT","Orange","Waumpi","1","07/15/2024",,1,0.029,21,,,,,,"Sample","COL1029202410302024",,,"Florida Lakewatch","21FLKWAT"
"10/17/2024","2:10:00 PM","EDT","10/22/2024","11:31:00 AM","EDT","Orange","Waunatta","1","07/26/2024",,1,0.031,25,1,,,,,"Sample","COL10172024COL10222024",,,"Florida Lakewatch","21FLKWAT"
"09/03/2024","10:35:00 AM","EDT","09/05/2024","12:12:00 PM","EDT","Orange","Weldona","1","04/23/2024",,1,0.024,18,,,,,,"Sample","COL",,,"Florida Lakewatch","21FLKWAT"
"10/17/2024","2:10:00 PM","EDT","10/22/2024","11:31:00 AM","EDT","Orange","Weldona","1","07/29/2024",,1,0.025,21,1,,,,,"Sample","COL10172024COL10222024",,,"Florida Lakewatch","21FLKWAT"
"10/24/2024","12:02:00 PM","EDT","10/28/2024","2:44:00 PM","EDT","Orange","Weldona","1","07/29/2024",,1,0.028,21,,,,,,"Sample","COL1024202410282024",,,"Florida Lakewatch","21FLKWAT"
"10/24/2024","12:02:00 PM","EDT","10/28/2024","2:44:00 PM","EDT","Osceola","Alligator canal-1","1","07/06/2024",,1,0.064,48,,,,,,"Sample","COL1024202410282024",,,"Florida Lakewatch","21FLKWAT"
"10/24/2024","12:02:00 PM","EDT","10/28/2024","2:44:00 PM","EDT","Osceola","Alligator canal-2","1","07/06/2024",,1,0.09,68,,,,,,"Sample","COL1024202410282024",,,"Florida Lakewatch","21FLKWAT"
"10/15/2024","10:19:00 AM","EDT","10/17/2024","10:41:00 AM","EDT","Osceola","Buck","1","07/19/2024",,1,0.073,58,,,,,,"Sample","COL1015202410172024",,,"Florida Lakewatch","21FLKWAT"
"10/15/2024","10:19:00 AM","EDT","10/17/2024","10:41:00 AM","EDT","Osceola","Center","1","07/19/2024",,2,0.147,231,,,,,,"Sample","COL1015202410172024",,,"Florida Lakewatch","21FLKWAT"
"10/15/2024","10:19:00 AM","EDT","10/17/2024","10:41:00 AM","EDT","Osceola","Coon","1","07/19/2024",,2,0.115,181,,,,,,"Sample","COL1015202410172024",,,"Florida Lakewatch","21FLKWAT"
"10/24/2024","12:02:00 PM","EDT","10/28/2024","2:44:00 PM","EDT","Osceola","Tohopekaliga East","1","07/25/2024",,1,0.043,32,,,,,,"Sample","COL1024202410282024",,,"Florida Lakewatch","21FLKWAT"
"10/29/2024","10:00:00 AM","EDT","10/30/2024","12:00:00 AM","EDT","Osceola","Tohopekaliga-Middle","1","07/24/2024",,1,0.077,58,,,,,,"Sample","COL1029202410302024",,,"Florida Lakewatch","21FLKWAT"
"11/12/2024","2:36:00 PM","EST","11/14/2024","12:33:00 PM","EST","Pasco","Conley","1","04/19/2024",,1,0.04,30,,,"Q","Q",,"Sample","COL1112202411142024",,,"Florida Lakewatch","21FLKWAT"
"11/12/2024","2:36:00 PM","EST","11/14/2024","12:33:00 PM","EST","Pasco","Conley","1","07/01/2024",,1,0.054,41,,,,,,"Sample","COL1112202411142024",,,"Florida Lakewatch","21FLKWAT"
"08/29/2024","3:19:00 PM","EDT","08/30/2024","12:10:00 PM","EDT","Pinellas","Autumn","1","04/13/2024",,1,0.072,51,,,,,,"Sample","COL082924083024",,,"Florida Lakewatch","21FLKWAT"
"10/15/2024","10:19:00 AM","EDT","10/17/2024","10:41:00 AM","EDT","Pinellas","Hewitt","1","07/30/2024",,1,0.014,13,,,,,,"Sample","COL1015202410172024",,,"Florida Lakewatch","21FLKWAT"
"11/12/2024","2:36:00 PM","EST","11/14/2024","12:33:00 PM","EST","Pinellas","Jungle","5","07/03/2024",,1,0.084,63,,,,,,"Sample","COL1112202411142024",,,"Florida Lakewatch","21FLKWAT"
"11/12/2024","2:36:00 PM","EST","11/14/2024","12:33:00 PM","EST","Pinellas","Jungle North Inlet","1","07/03/2024",,1,0.106,80,,,,,,"Sample","COL1112202411142024",,,"Florida Lakewatch","21FLKWAT"
"11/12/2024","2:36:00 PM","EST","11/14/2024","12:33:00 PM","EST","Pinellas","Jungle Outlet","1","07/03/2024",,1,0.074,56,,,,,,"Sample","COL1112202411142024",,,"Florida Lakewatch","21FLKWAT"
"11/12/2024","2:36:00 PM","EST","11/14/2024","12:33:00 PM","EST","Pinellas","Jungle South Inlet","1","07/03/2024",,1,0.114,86,,,,,,"Sample","COL1112202411142024",,,"Florida Lakewatch","21FLKWAT"
"08/29/2024","3:19:00 PM","EDT","08/30/2024","12:10:00 PM","EDT","Pinellas","Salt Creek-1","1","04/06/2024",,1,0.051,37,,,,,,"Sample","COL082924083024",,,"Florida Lakewatch","21FLKWAT"
"08/29/2024","3:19:00 PM","EDT","08/30/2024","12:10:00 PM","EDT","Pinellas","Salt Creek-2","1","04/06/2024",,1,0.036,26,,,,,,"Sample","COL082924083024",,,"Florida Lakewatch","21FLKWAT"
"08/29/2024","3:19:00 PM","EDT","08/30/2024","12:10:00 PM","EDT","Pinellas","Salt Creek-3","1","04/06/2024",,1,0.035,26,,,,,,"Sample","COL082924083024",,,"Florida Lakewatch","21FLKWAT"
"08/29/2024","3:19:00 PM","EDT","08/30/2024","12:10:00 PM","EDT","Pinellas","Salt Creek-4","1","04/06/2024",,1,0.021,16,,,,,,"Sample","COL082924083024",,,"Florida Lakewatch","21FLKWAT"
"10/29/2024","10:00:00 AM","EDT","10/30/2024","12:00:00 AM","EDT","Pinellas","Salt Creek-4","1","07/06/2024",,1,0.022,16,,,,,,"Sample","COL1029202410302024",,,"Florida Lakewatch","21FLKWAT"
"08/29/2024","3:19:00 PM","EDT","08/30/2024","12:10:00 PM","EDT","Pinellas","Saundra","1","04/04/2024",,1,0.062,44,,,,,,"Sample","COL082924083024",,,"Florida Lakewatch","21FLKWAT"
"10/31/2024","3:08:00 PM","EDT","11/01/2024","12:00:00 AM","EDT","polk","Boca Cove","1","07/16/2024",,1,0.039,29,,,,,,"Sample","COL1031202411012024",,,"Florida Lakewatch","21FLKWAT"
"10/31/2024","3:08:00 PM","EDT","11/01/2024","12:00:00 AM","EDT","polk","Daisy","1","07/25/2024",,1,0.015,11,,,,,,"Sample","COL1031202411012024",,,"Florida Lakewatch","21FLKWAT"
"10/31/2024","3:08:00 PM","EDT","11/01/2024","12:00:00 AM","EDT","polk","Flora","1","07/16/2024",,1,0.045,34,,,,,,"Sample","COL1031202411012024",,,"Florida Lakewatch","21FLKWAT"
"10/31/2024","3:08:00 PM","EDT","11/01/2024","12:00:00 AM","EDT","polk","Gaskin's Cut","1","07/16/2024",,1,0.031,23,,,,,,"Sample","COL1031202411012024",,,"Florida Lakewatch","21FLKWAT"
"10/31/2024","3:08:00 PM","EDT","11/01/2024","12:00:00 AM","EDT","polk","Little Bass","1","07/16/2024",,1,0.03,23,,,,,,"Sample","COL1031202411012024",,,"Florida Lakewatch","21FLKWAT"
"10/31/2024","3:08:00 PM","EDT","11/01/2024","12:00:00 AM","EDT","polk","Saddlebag","1","07/17/2024",,1,0.015,11,,,,,,"Sample","COL1031202411012024",,,"Florida Lakewatch","21FLKWAT"
"09/12/2024","3:45:00 PM","EDT","09/13/2024","11:50:00 AM","EDT","Putnam","Anderson Cue","1","08/20/2024",,1,0.016,11,,,,,,"Sample","COL",,,"Florida Lakewatch","21FLKWAT"
"09/12/2024","3:45:00 PM","EDT","09/13/2024","11:50:00 AM","EDT","Putnam","Anderson Cue","2","08/20/2024",,1,0.021,15,,,,,,"Sample","COL",,,"Florida Lakewatch","21FLKWAT"
"09/12/2024","3:45:00 PM","EDT","09/13/2024","11:50:00 AM","EDT","Putnam","Anderson Cue","3","08/20/2024",,1,0.017,12,,,,,,"Sample","COL",,,"Florida Lakewatch","21FLKWAT"
"10/15/2024","10:19:00 AM","EDT","10/17/2024","10:41:00 AM","EDT","Putnam","Fanny","1","07/21/2024",,1,0.005,6,,,,,,"Sample","COL1015202410172024",,,"Florida Lakewatch","21FLKWAT"
"11/12/2024","2:36:00 PM","EST","11/14/2024","12:33:00 PM","EST","Putnam","Ocklawaha River_Belchior_Student Project","Reservoir 1","10/22/2024",,2,0.119,180,,,,,,"Sample","COL1112202411142024",,,"Florida Lakewatch","21FLKWAT"
"11/12/2024","2:36:00 PM","EST","11/14/2024","12:33:00 PM","EST","Putnam","Ocklawaha River_Belchior_Student Project","Upstream 1","10/22/2024",,2,0.109,165,,,,,,"Sample","COL1112202411142024",,,"Florida Lakewatch","21FLKWAT"
"11/12/2024","2:36:00 PM","EST","11/14/2024","12:33:00 PM","EST","Putnam","Ocklawaha River_Belchior_Student Project","Upstream 2","10/22/2024",,1,0.118,89,,,,,,"Sample","COL1112202411142024",,,"Florida Lakewatch","21FLKWAT"
"11/12/2024","2:36:00 PM","EST","11/14/2024","12:33:00 PM","EST","Putnam","Ocklawaha River_Belchior_Student Project","Upstream 3","10/22/2024",,1,0.115,87,,,,,,"Sample","COL1112202411142024",,,"Florida Lakewatch","21FLKWAT"
"11/12/2024","2:36:00 PM","EST","11/14/2024","12:33:00 PM","EST","Putnam","Ocklawaha River_Belchior_Student Project","Upstream 4","10/22/2024",,1,0.11,83,,,,,,"Sample","COL1112202411142024",,,"Florida Lakewatch","21FLKWAT"
"09/12/2024","3:45:00 PM","EDT","09/13/2024","11:50:00 AM","EDT","Putnam","Ross","1","08/20/2024",,4,0.111,318,,,,,,"Sample","COL",,,"Florida Lakewatch","21FLKWAT"
"09/12/2024","3:45:00 PM","EDT","09/13/2024","11:50:00 AM","EDT","Putnam","Ross","2","08/20/2024",,4,0.11,315,,,,,,"Sample","COL",,,"Florida Lakewatch","21FLKWAT"
"09/12/2024","3:45:00 PM","EDT","09/13/2024","11:50:00 AM","EDT","Putnam","Ross","3","08/20/2024",,4,0.128,367,,,,,,"Sample","COL",,,"Florida Lakewatch","21FLKWAT"
"10/15/2024","10:19:00 AM","EDT","10/17/2024","10:41:00 AM","EDT","Santa Rosa","Ski Watch","1","04/08/2024",,1,0.015,13,,,"Q","Q",,"Sample","COL1015202410172024",,,"Florida Lakewatch","21FLKWAT"
"09/13/2024","3:06:00 PM","EDT","09/16/2024","1:59:00 PM","EDT","Sarasota","Awesome","1","04/23/2024",,1,0.023,16,,,,,,"Sample","COL91320249162024",,,"Florida Lakewatch","21FLKWAT"
"09/13/2024","3:06:00 PM","EDT","09/16/2024","1:59:00 PM","EDT","Sarasota","Cormorant","1","04/13/2024",,1,0.032,23,,,"Q","Q",,"Sample","COL91320249162024",,,"Florida Lakewatch","21FLKWAT"
"09/13/2024","3:06:00 PM","EDT","09/16/2024","1:59:00 PM","EDT","Sarasota","Egret","1","04/13/2024",,1,0.026,18,,,"Q","Q",,"Sample","COL91320249162024",,,"Florida Lakewatch","21FLKWAT"
"09/13/2024","3:06:00 PM","EDT","09/16/2024","1:59:00 PM","EDT","Sarasota","Heron","1","04/13/2024",,1,0.037,26,,,"Q","Q",,"Sample","COL91320249162024",,,"Florida Lakewatch","21FLKWAT"
"09/13/2024","3:06:00 PM","EDT","09/16/2024","1:59:00 PM","EDT","Sarasota","Pelican Cove","1","04/01/2024",,1,0.012,8,,,"Q","Q",,"Sample","COL91320249162024",,,"Florida Lakewatch","21FLKWAT"
"10/29/2024","10:00:00 AM","EDT","10/30/2024","12:00:00 AM","EDT","Seminole","Mary","1","07/13/2024",,1,0.03,22,,,,,,"Sample","COL1029202410302024",,,"Florida Lakewatch","21FLKWAT"
"10/31/2024","3:08:00 PM","EDT","11/01/2024","12:00:00 AM","EDT","Seminole","Quail Pond","1","07/31/2024",,1,0.027,20,,,,,,"Sample","COL1031202411012024",,,"Florida Lakewatch","21FLKWAT"
"10/31/2024","3:08:00 PM","EDT","11/01/2024","12:00:00 AM","EDT","Seminole","Secret","1","07/31/2024",,1,0.03,23,,,,,,"Sample","COL1031202411012024",,,"Florida Lakewatch","21FLKWAT"
"10/31/2024","3:08:00 PM","EDT","11/01/2024","12:00:00 AM","EDT","Seminole","Triplet Middle","1","07/02/2024",,1,0.058,44,,,,,,"Sample","COL1031202411012024",,,"Florida Lakewatch","21FLKWAT"
"10/31/2024","3:08:00 PM","EDT","11/01/2024","12:00:00 AM","EDT","Seminole","Triplet Middle","1","07/31/2024",,1,0.056,42,,,,,,"Sample","COL1031202411012024",,,"Florida Lakewatch","21FLKWAT"
"10/31/2024","3:08:00 PM","EDT","11/01/2024","12:00:00 AM","EDT","Seminole","Triplet South","1","07/31/2024",,1,0.071,53,,,,,,"Sample","COL1031202411012024",,,"Florida Lakewatch","21FLKWAT"
"10/15/2024","10:19:00 AM","EDT","10/17/2024","10:41:00 AM","EDT","Wakulla","Wakulla River Middle-1",,"04/17/2024",,1,0.041,33,,,"Q","Q",,"Sample","COL1015202410172024",,,"Florida Lakewatch","21FLKWAT"
"10/15/2024","10:19:00 AM","EDT","10/17/2024","10:41:00 AM","EDT","Wakulla","Wakulla River-1","1","04/10/2024",,1,0.03,25,,,"Q","Q",,"Sample","COL1015202410172024",,,"Florida Lakewatch","21FLKWAT"
"10/15/2024","10:19:00 AM","EDT","10/17/2024","10:41:00 AM","EDT","Wakulla","Wakulla River-2","1","04/10/2024",,1,0.035,29,,,"Q","Q",,"Sample","COL1015202410172024",,,"Florida Lakewatch","21FLKWAT"
"10/15/2024","10:19:00 AM","EDT","10/17/2024","10:41:00 AM","EDT","Wakulla","Wakulla River-3","1","04/10/2024",,1,0.031,26,,,"Q","Q",,"Sample","COL1015202410172024",,,"Florida Lakewatch","21FLKWAT"
"09/13/2024","3:06:00 PM","EDT","09/16/2024","1:59:00 PM","EDT","Walton","Allen","1","07/14/2024",,1,0.166,117,,,,,,"Sample","COL91320249162024",,,"CHOCTAWHATCHEE BASIN ALLIANCE","BAYRALLY"
"01/01/2004","12:00:00 AM","EDT","09/25/2024","1:56:00 PM","EDT","Walton","CBA Destin-8","1","07/31/2024",,1,0.022,17,,,,,,"Sample","COL0924202409252024",,,"CHOCTAWHATCHEE BASIN ALLIANCE","BAYRALLY"
"09/25/2024","1:00:00 PM","EDT","10/01/2024","1:30:00 PM","EDT","Walton","Western Northeast","1","04/26/2024",,1,0.132,101,,,"Q","Q",,"Sample","COL1001202409252024",,,"CHOCTAWHATCHEE BASIN ALLIANCE","BAYRALLY"
"07/07/2023","9:16:00 AM","EDT","07/07/2023","10:21:00 AM","EDT","Alachua","Kingswood","1","04/06/2023",,,,190,,,"Q",,,,,,,"Florida Lakewatch","21FLKWAT"
"04/24/2023","10:03:00 AM","EDT","04/24/2023","11:50:00 AM","EDT","Hillsborough","Cypress Creek-122","1","01/23/2023",,,,119,,,"Q",,,,,,,"Florida Lakewatch","21FLKWAT"
"04/24/2023","10:03:00 AM","EDT","04/24/2023","11:50:00 AM","EDT","Hillsborough","Cypress Creek-122","2","01/23/2023",,,,119,,,"Q",,,,,,,"Florida Lakewatch","21FLKWAT"
"07/05/2023","10:01:00 AM","EDT","07/05/2023","12:11:00 PM","EDT","Hillsborough","Cypress Creek-122","1","04/25/2023",,,,36,,,"Q",,,,,,,"Florida Lakewatch","21FLKWAT"
"06/07/2023","10:22:00 AM","EDT","06/07/2023","11:30:00 AM","EDT","Orange","Little Sawyer","1","01/02/2023",,,,21,,,"Q",,,,,,,"Florida Lakewatch","21FLKWAT"
"06/07/2023","10:22:00 AM","EDT","06/07/2023","11:30:00 AM","EDT","Orange","Sawyer","1","01/02/2023",,,,28,,,"Q",,,,,,,"Florida Lakewatch","21FLKWAT"
"03/29/2023","10:59:00 AM","EDT","03/29/2023","12:56:00 PM","EDT","Pinellas","Autumn","1","01/12/2023",,,,38,,,"Q",,,,,,,"Florida Lakewatch","21FLKWAT"
"04/13/2023","8:55:00 AM","EDT","04/13/2023","10:06:00 AM","EDT","Polk","Big Bass","1","01/04/2023",,,,36,,,"Q",,,,,,,"Florida Lakewatch","21FLKWAT"
"04/25/2023","10:07:00 AM","EDT","04/25/2023","1:35:00 PM","EDT","Sarasota","South","1","10/13/2022",,,,43,,,"Q",,,,,,,"Florida Lakewatch","21FLKWAT"
"01/30/2023","9:19:00 AM","EST","01/30/2023","11:01:00 AM","EST","Bay","Massalina Bayou-1","1","10/19/2022",,,,10,,,"Q",,,,,,,"ST. ANDREW BAY RESOURCE MANAGEMENT ASSOCIATION INC.","21FLKWAT"
"12/22/2022","11:00:00 AM","EST","12/22/2022","12:00:00 PM","EST","Hillsborough","Cypress Creek-122","1","10/26/2022",,,,153,,,"Q",,,,,,,"Florida Lakewatch","21FLKWAT"
"12/22/2022","11:00:00 AM","EST","12/22/2022","12:00:00 PM","EST","Hillsborough","Cypress Creek-122","2","10/26/2022",,,,160,,,"Q",,,,,,,"Florida Lakewatch","21FLKWAT"
"12/19/2022","3:00:00 PM","EST","12/19/2022","4:15:00 PM","EST","Hillsborough","Pine","1","10/20/2022",,,,23,,,"Q",,,,,,,"Florida Lakewatch","21FLKWAT"
"02/15/2023","9:20:00 AM","EST","02/15/2023","10:17:00 AM","EST","Orange","Holden","1","10/16/2022",,,,15,,,"Q",,,,,,,"Florida Lakewatch","21FLKWAT"
"02/15/2023","9:20:00 AM","EST","02/15/2023","10:17:00 AM","EST","Orange","Holden Canal-1","1","10/16/2022",,,,16,,,"Q",,,,,,,"Florida Lakewatch","21FLKWAT"
"01/30/2023","9:19:00 AM","EST","01/30/2023","11:01:00 AM","EST","Sarasota","Lake 37","1","10/17/2022",,,,49,,,"Q",,,,,,,"Florida Lakewatch","21FLKWAT"
"01/30/2023","9:19:00 AM","EST","01/30/2023","11:01:00 AM","EST","Sarasota","Lake G-20","2","10/17/2022",,,,31,,,"Q",,,,,,,"Florida Lakewatch","21FLKWAT"
"01/30/2023","9:19:00 AM","EST","01/30/2023","11:01:00 AM","EST","Sarasota","Lake M-9","1","10/17/2022",,,,54,,,"Q",,,,,,,"Florida Lakewatch","21FLKWAT"
"10/17/2022","11:18:00 AM","EDT","10/17/2022","12:41:00 PM","EDT","Citrus","Tsala Apopka South","1","07/29/2022",,,,45,,,"Q",,,,,,,"Florida Lakewatch","21FLKWAT"
"10/05/2022","9:55:00 AM","EDT","10/05/2022","10:44:00 AM","EDT","Columbia","Rum Island Spring-1","1","07/20/2022",,,,2,,,"Q",,,,,,,"Florida Lakewatch","21FLKWAT"
"10/05/2022","9:55:00 AM","EDT","10/05/2022","10:44:00 AM","EDT","Gilchrist","Gilchrist Blue Spring Run-1","1","07/20/2022",,,,4,,,"Q",,,,,,,"Florida Lakewatch","21FLKWAT"
"10/05/2022","9:55:00 AM","EDT","10/05/2022","10:44:00 AM","EDT","Gilchrist","Ginnie Spring Run-1","1","07/20/2022",,,,2,,,"Q",,,,,,,"Florida Lakewatch","21FLKWAT"
"08/22/2022","10:44:00 AM","EDT","08/22/2022","1:16:00 PM","EDT","Hillsborough","Cedar West","1","07/27/2022",,,,26,,,"Q",,,,,,,"Florida Lakewatch","21FLKWAT"
"08/22/2022","10:44:00 AM","EDT","08/22/2022","1:16:00 PM","EDT","Hillsborough","Cypress Creek-122","1","07/27/2022",,,,159,,,"Q",,,,,,,"Florida Lakewatch","21FLKWAT"
"08/22/2022","10:44:00 AM","EDT","08/22/2022","1:16:00 PM","EDT","Hillsborough","Cypress Creek-122","2","07/27/2022",,,,153,,,"Q",,,,,,,"Florida Lakewatch","21FLKWAT"
"08/18/2022","10:33:00 AM","EDT","08/18/2022","1:27:00 PM","EDT","Lake","Yale","1","07/14/2022",,,,15,,,"Q",,,,,,,"Florida Lakewatch","21FLKWAT"
"10/18/2022","10:00:00 AM","EDT","10/18/2022","12:15:00 PM","EDT","Miami-Dade","Lakeridge","2","07/18/2022",,,,4,,,"Q",,,,,,,"Florida Lakewatch","21FLKWAT"
"10/18/2022","10:00:00 AM","EDT","10/18/2022","12:15:00 PM","EDT","Miami-Dade","Oakland","1","07/26/2022",,,,8,,,"Q",,,,,,,"Florida Lakewatch","21FLKWAT"
"10/18/2022","10:00:00 AM","EDT","10/18/2022","12:15:00 PM","EDT","Monroe","Tarpon Basin-1","1","07/23/2022",,,,6,,,"Q",,,,,,,"Florida Lakewatch","21FLKWAT"
"10/18/2022","10:00:00 AM","EDT","10/18/2022","12:15:00 PM","EDT","Orange","Black","1","07/29/2022",,,,147,,,"Q",,,,,,,"Florida Lakewatch","21FLKWAT"
"10/18/2022","10:00:00 AM","EDT","10/18/2022","12:15:00 PM","EDT","Orange","Clear","1","07/25/2022",,,,16,,,"Q",,,,,,,"Florida Lakewatch","21FLKWAT"
"10/18/2022","10:00:00 AM","EDT","10/18/2022","12:15:00 PM","EDT","Orange","Down","1","07/17/2022",,,,9,,,"Q",,,,,,,"Florida Lakewatch","21FLKWAT"
"10/18/2022","10:00:00 AM","EDT","10/18/2022","12:15:00 PM","EDT","Orange","Formosa","1","07/21/2022",,,,11,,,"Q",,,,,,,"Florida Lakewatch","21FLKWAT"
"10/18/2022","10:00:00 AM","EDT","10/18/2022","12:15:00 PM","EDT","Orange","Hickorynut South","2","07/24/2022",,,,21,,,"Q",,,,,,,"Florida Lakewatch","21FLKWAT"
"10/18/2022","10:00:00 AM","EDT","10/18/2022","12:15:00 PM","EDT","Orange","Jessamine South","2","07/21/2022",,,,15,,,"Q",,,,,,,"Florida Lakewatch","21FLKWAT"
"10/18/2022","10:00:00 AM","EDT","10/18/2022","12:15:00 PM","EDT","Orange","Little Hickorynut","2","07/30/2022",,,,31,,,"Q",,,,,,,"Florida Lakewatch","21FLKWAT"
"10/18/2022","10:00:00 AM","EDT","10/18/2022","12:15:00 PM","EDT","Orange","Little Sawyer","1","07/09/2022",,,,15,,,"Q",,,,,,,"Florida Lakewatch","21FLKWAT"
"10/18/2022","10:00:00 AM","EDT","10/18/2022","12:15:00 PM","EDT","Orange","Olivia","1","07/18/2022",,,,10,,,"Q",,,,,,,"Florida Lakewatch","21FLKWAT"
"10/18/2022","10:00:00 AM","EDT","10/18/2022","12:15:00 PM","EDT","Orange","Price","1","07/29/2022",,,,19,,,"Q",,,,,,,"Florida Lakewatch","21FLKWAT"
"10/18/2022","10:00:00 AM","EDT","10/18/2022","12:15:00 PM","EDT","Orange","Rowena","1","07/30/2022",,,,13,,,"Q",,,,,,,"Florida Lakewatch","21FLKWAT"
"10/21/2022","10:33:00 AM","EDT","10/21/2022","11:56:00 AM","EDT","Osceola","Coon","1","07/17/2022",,,,122,,,"Q",,,,,,,"Florida Lakewatch","21FLKWAT"
"11/14/2022","9:34:00 AM","EST","11/14/2022","10:50:00 AM","EST","Putnam","Goose","1","10/25/2022",,,,295,,,"Q",,,,,,,"Florida Lakewatch","21FLKWAT"
"11/14/2022","9:34:00 AM","EST","11/14/2022","10:50:00 AM","EST","Putnam","Goose","2","10/25/2022",,,,292,,,"Q",,,,,,,"Florida Lakewatch","21FLKWAT"
"11/14/2022","9:34:00 AM","EST","11/14/2022","10:50:00 AM","EST","Putnam","Goose","3","10/25/2022",,,,288,,,"Q",,,,,,,"Florida Lakewatch","21FLKWAT"
"11/14/2022","9:34:00 AM","EST","11/14/2022","10:50:00 AM","EST","Putnam","Ross","1","10/25/2022",,,,473,,,"Q",,,,,,,"Florida Lakewatch","21FLKWAT"
"11/14/2022","9:34:00 AM","EST","11/14/2022","10:50:00 AM","EST","Putnam","Ross","2","10/25/2022",,,,464,,,"Q",,,,,,,"Florida Lakewatch","21FLKWAT"
"11/14/2022","9:34:00 AM","EST","11/14/2022","10:50:00 AM","EST","Putnam","Ross","3","10/25/2022",,,,473,,,"Q",,,,,,,"Florida Lakewatch","21FLKWAT"
"11/14/2022","9:34:00 AM","EST","11/14/2022","10:50:00 AM","EST","Putnam","Rowan","1","10/25/2022",,,,183,,,"Q",,,,,,,"Florida Lakewatch","21FLKWAT"
"11/14/2022","9:34:00 AM","EST","11/14/2022","10:50:00 AM","EST","Putnam","Rowan","2","10/25/2022",,,,183,,,"Q",,,,,,,"Florida Lakewatch","21FLKWAT"
"11/14/2022","9:34:00 AM","EST","11/14/2022","10:50:00 AM","EST","Putnam","Rowan","3","10/25/2022",,,,184,,,"Q",,,,,,,"Florida Lakewatch","21FLKWAT"
"11/14/2022","9:34:00 AM","EST","11/14/2022","10:50:00 AM","EST","Putnam","Suggs","1","10/25/2022",,,,255,,,"Q",,,,,,,"Florida Lakewatch","21FLKWAT"
"11/14/2022","9:34:00 AM","EST","11/14/2022","10:50:00 AM","EST","Putnam","Suggs","2","10/25/2022",,,,264,,,"Q",,,,,,,"Florida Lakewatch","21FLKWAT"
"11/14/2022","9:34:00 AM","EST","11/14/2022","10:50:00 AM","EST","Putnam","Suggs","3","10/25/2022",,,,273,,,"Q",,,,,,,"Florida Lakewatch","21FLKWAT"
"10/04/2022","9:30:00 AM","EDT","10/04/2022","11:07:00 AM","EDT","Seminole","Horseshoe North","1","04/18/2022",,,,87,,,"Q",,,,,,,"Florida Lakewatch","21FLKWAT"
"10/04/2022","9:30:00 AM","EDT","10/04/2022","11:07:00 AM","EDT","Seminole","Orienta 1","1","07/17/2022",,,,18,,,"Q",,,,,,,"Florida Lakewatch","21FLKWAT"
"10/04/2022","9:30:00 AM","EDT","10/04/2022","11:07:00 AM","EDT","Seminole","Orienta 2","1","07/17/2022",,,,17,,,"Q",,,,,,,"Florida Lakewatch","21FLKWAT"
"10/04/2022","9:30:00 AM","EDT","10/04/2022","11:07:00 AM","EDT","Seminole","Orienta East","1","07/17/2022",,,,20,,,"Q",,,,,,,"Florida Lakewatch","21FLKWAT"
"10/04/2022","9:30:00 AM","EDT","10/04/2022","11:07:00 AM","EDT","Seminole","Orienta North","1","07/17/2022",,,,16,,,"Q",,,,,,,"Florida Lakewatch","21FLKWAT"
"08/22/2022","10:44:00 AM","EDT","08/22/2022","1:16:00 PM","EDT","Volusia","Green Springs","1","07/08/2022",,,,17,,,"Q",,,,,,,"Florida Lakewatch","21FLKWAT"
"08/22/2022","10:44:00 AM","EDT","08/22/2022","1:16:00 PM","EDT","Volusia","Green Springs","3","07/08/2022",,,,8,,,"Q",,,,,,,"Florida Lakewatch","21FLKWAT"
"09/14/2022","10:30:00 AM","EDT","09/14/2022","12:34:00 PM","EDT","Walton","Deer","1","07/20/2022",,,,114,,,"Q",,,,,,,"CHOCTAWHATCHEE BASIN ALLIANCE","BAYRALLY"
"06/06/2022","10:55:00 AM","EDT","06/06/2022","1:15:00 PM","EDT","Alachua","Blues Creek-1","1","04/14/2022",,,,26,,,"Q",,,,,,,"Florida Lakewatch","21FLKWAT"
"06/06/2022","10:55:00 AM","EDT","06/06/2022","1:15:00 PM","EDT","Alachua","Blues Creek-2","1","04/14/2022",,,,293,,,"Q",,,,,,,"Florida Lakewatch","21FLKWAT"
"06/06/2022","10:55:00 AM","EDT","06/06/2022","1:15:00 PM","EDT","Alachua","Blues Creek-3","1","04/14/2022",,,,308,,,"Q",,,,,,,"Florida Lakewatch","21FLKWAT"
"06/06/2022","10:55:00 AM","EDT","06/06/2022","1:15:00 PM","EDT","Alachua","Cellon Creek-1","1","04/13/2022",,,,145,,,"Q",,,,,,,"Florida Lakewatch","21FLKWAT"
"06/06/2022","10:55:00 AM","EDT","06/06/2022","1:15:00 PM","EDT","Alachua","Cellon Creek-2","1","04/13/2022",,,,98,,,"Q",,,,,,,"Florida Lakewatch","21FLKWAT"
"06/06/2022","10:55:00 AM","EDT","06/06/2022","1:15:00 PM","EDT","Alachua","Cellon Creek-3","1","04/13/2022",,,,46,,,"Q",,,,,,,"Florida Lakewatch","21FLKWAT"
"06/06/2022","10:55:00 AM","EDT","06/06/2022","1:15:00 PM","EDT","Alachua","Cellon Creek-4","1","04/13/2022",,,,77,,,"Q",,,,,,,"Florida Lakewatch","21FLKWAT"
"08/01/2022","10:41:00 AM","EDT","08/01/2022","1:00:00 PM","EDT","Alachua","Watermelon Pond","1","04/22/2022",,,,21,,,"Q",,,,,,,"Florida Lakewatch","21FLKWAT"
"06/06/2022","10:55:00 AM","EDT","06/06/2022","1:15:00 PM","EDT","Alachua","Wauberg","1","04/02/2022",,,,43,,,"Q",,,,,,,"Florida Lakewatch","21FLKWAT"
"07/01/2022","3:00:00 PM","EDT","07/08/2022","9:30:00 AM","EDT","Bay","Burnt Mill Upper-2","1","04/22/2022",,,,69,,,"Q",,,,,,,"ST. ANDREW BAY RESOURCE MANAGEMENT ASSOCIATION INC.","21FLKWAT"
"05/23/2022","12:00:00 PM","EDT","05/23/2022","1:15:00 PM","EDT","Charlotte","L-4","2","02/17/2022",,,,95,,,"Q",,,,,,,"Florida Lakewatch","21FLKWAT"
"07/27/2022","7:50:00 AM","EDT","07/27/2022","10:06:00 AM","EDT","Charlotte","White Marsh Inflow","1","04/24/2022",,,,44,,,"Q",,,,,,,"Florida Lakewatch","21FLKWAT"
"06/03/2022","10:01:00 AM","EDT","06/03/2022","11:14:00 AM","EDT","Columbia","Rum Island Spring-1","1","10/21/2021",,,,3,,,"Q",,,,,,,"Florida Lakewatch","21FLKWAT"
"06/03/2022","10:01:00 AM","EDT","06/03/2022","11:14:00 AM","EDT","Gilchrist","Ginnie Spring Run-1","1","10/21/2021",,,,1,,,"QU",,,,,,,"Florida Lakewatch","21FLKWAT"
"07/28/2022","9:12:00 AM","EDT","07/28/2022","10:45:00 AM","EDT","Gulf","Cattledip","1","01/10/2022",,,,23,,,"Q",,,,,,,"Florida Lakewatch","21FLKWAT"
"07/28/2022","9:12:00 AM","EDT","07/28/2022","10:45:00 AM","EDT","Gulf","Pond Road","1","01/10/2022",,,,39,,,"Q",,,,,,,"Florida Lakewatch","21FLKWAT"
"07/05/2022","9:28:00 AM","EDT","07/05/2022","12:12:00 PM","EDT","Highlands","Annie","1","04/13/2022",,,,41,,,"Q",,,,,,,"Florida Lakewatch","21FLKWAT"
"07/05/2022","9:28:00 AM","EDT","07/05/2022","12:12:00 PM","EDT","Highlands","Apthorpe","1","04/15/2022",,,,22,,,"Q",,,,,,,"Florida Lakewatch","21FLKWAT"
"07/05/2022","9:28:00 AM","EDT","07/05/2022","12:12:00 PM","EDT","Highlands","Arbuckle Creek-1","1","04/15/2022",,,,76,,,"Q",,,,,,,"Florida Lakewatch","21FLKWAT"
"05/25/2022","9:38:00 AM","EDT","05/25/2022","12:05:00 PM","EDT","Highlands","Arbuckle Creek-2","1","01/25/2022",,,,135,,,"Q",,,,,,,"Florida Lakewatch","21FLKWAT"
"07/05/2022","9:28:00 AM","EDT","07/05/2022","12:12:00 PM","EDT","Highlands","Arbuckle Creek-2","1","04/15/2022",,,,85,,,"Q",,,,,,,"Florida Lakewatch","21FLKWAT"
"05/25/2022","9:38:00 AM","EDT","05/25/2022","12:05:00 PM","EDT","Highlands","Arbuckle Creek-3","1","01/26/2022",,,,130,,,"Q",,,,,,,"Florida Lakewatch","21FLKWAT"
"07/05/2022","9:28:00 AM","EDT","07/05/2022","12:12:00 PM","EDT","Highlands","Arbuckle Creek-3","1","04/15/2022",,,,77,,,"Q",,,,,,,"Florida Lakewatch","21FLKWAT"
"05/23/2022","12:00:00 PM","EDT","05/23/2022","1:15:00 PM","EDT","Hillsborough","Cypress Creek-122","1","01/26/2022",,,,95,,,"Q",,,,,,,"Florida Lakewatch","21FLKWAT"
"05/23/2022","12:00:00 PM","EDT","05/23/2022","1:15:00 PM","EDT","Hillsborough","Cypress Creek-122","2","01/26/2022",,,,101,,,"Q",,,,,,,"Florida Lakewatch","21FLKWAT"
"07/08/2022","10:36:00 AM","EDT","07/08/2022","12:22:00 PM","EDT","Hillsborough","Cypress Creek-122","1","04/19/2022",,,,183,,,"Q",,,,,,,"Florida Lakewatch","21FLKWAT"
"07/08/2022","10:36:00 AM","EDT","07/08/2022","12:22:00 PM","EDT","Hillsborough","Cypress Creek-122","2","04/19/2022",,,,173,,,"Q",,,,,,,"Florida Lakewatch","21FLKWAT"
"07/28/2022","9:12:00 AM","EDT","07/28/2022","10:45:00 AM","EDT","Hillsborough","Hog Island","1","04/23/2022",,,,61,,,"Q",,,,,,,"Florida Lakewatch","21FLKWAT"
"06/06/2022","10:55:00 AM","EDT","06/06/2022","1:15:00 PM","EDT","Hillsborough","Michaela","1","04/14/2022",,,,58,,,"Q",,,,,,,"Florida Lakewatch","21FLKWAT"
"05/23/2022","12:00:00 PM","EDT","05/23/2022","1:15:00 PM","EDT","Hillsborough","Rainbow","1","10/21/2021",,,,35,,,"Q",,,,,,,"Florida Lakewatch","21FLKWAT"
"06/06/2022","10:55:00 AM","EDT","06/06/2022","1:15:00 PM","EDT","Hillsborough","Stearns","1","04/14/2002",,,,64,,,"Q",,,,,,,"Florida Lakewatch","21FLKWAT"
"07/06/2022","9:43:00 AM","EDT","07/06/2022","12:12:00 PM","EDT","Lake","Woodward","1","04/15/2022",,,,19,,,"Q",,,,,,,"Florida Lakewatch","21FLKWAT"
"07/01/2022","3:00:00 PM","EDT","07/08/2022","9:30:00 AM","EDT","Okaloosa","CBA Santa Rosa Sound-1","1","04/24/2022",,,,9,,,"Q",,,,,,,"CHOCTAWHATCHEE BASIN ALLIANCE","BAYRALLY"
"07/01/2022","3:00:00 PM","EDT","07/08/2022","9:30:00 AM","EDT","Okaloosa","CBA Santa Rosa Sound-2","1","04/24/2022",,,,4,,,"Q",,,,,,,"CHOCTAWHATCHEE BASIN ALLIANCE","BAYRALLY"
"07/01/2022","3:00:00 PM","EDT","07/08/2022","9:30:00 AM","EDT","Okaloosa","CBA Santa Rosa Sound-3","1","04/24/2022",,,,5,,,"Q",,,,,,,"CHOCTAWHATCHEE BASIN ALLIANCE","BAYRALLY"
"07/12/2022","2:00:00 PM","EDT","07/12/2022","3:00:00 PM","EDT","Orange","Hickorynut","1","04/26/2022",,,,25,,,"Q",,,,,,,"Florida Lakewatch","21FLKWAT"
"07/12/2022","2:00:00 PM","EDT","07/12/2022","3:00:00 PM","EDT","Orange","Hickorynut South","1","04/26/2022",,,,24,,,"Q",,,,,,,"Florida Lakewatch","21FLKWAT"
"07/12/2022","2:00:00 PM","EDT","07/12/2022","3:00:00 PM","EDT","Orange","Little Hickorynut","1","04/26/2022",,,,27,,,"Q",,,,,,,"Florida Lakewatch","21FLKWAT"
"06/06/2022","10:55:00 AM","EDT","06/06/2022","1:15:00 PM","EDT","Orange","Lockhart","1","01/31/2022",,,,15,,,"Q",,,,,,,"Florida Lakewatch","21FLKWAT"
"07/07/2022","9:33:00 AM","EDT","07/07/2022","12:07:00 PM","EDT","Polk","Fauna","1","04/13/2022",,,,22,,,"Q",,,,,,,"Florida Lakewatch","21FLKWAT"
"07/05/2022","9:28:00 AM","EDT","07/05/2022","12:12:00 PM","EDT","Putnam","Rowan","1","05/26/2022",,,,214,,,"Q",,,,,,,"Florida Lakewatch","21FLKWAT"
"07/05/2022","9:28:00 AM","EDT","07/05/2022","12:12:00 PM","EDT","Putnam","Rowan","2","05/26/2022",,,,212,,,"Q",,,,,,,"Florida Lakewatch","21FLKWAT"
"07/05/2022","9:28:00 AM","EDT","07/05/2022","12:12:00 PM","EDT","Putnam","Rowan","3","05/26/2022",,,,215,,,"Q",,,,,,,"Florida Lakewatch","21FLKWAT"
"07/05/2022","9:28:00 AM","EDT","07/05/2022","12:12:00 PM","EDT","Putnam","Suggs","1","05/26/2022",,,,337,,,"Q",,,,,,,"Florida Lakewatch","21FLKWAT"
"07/05/2022","9:28:00 AM","EDT","07/05/2022","12:12:00 PM","EDT","Putnam","Suggs","2","05/26/2022",,,,337,,,"Q",,,,,,,"Florida Lakewatch","21FLKWAT"
"07/05/2022","9:28:00 AM","EDT","07/05/2022","12:12:00 PM","EDT","Putnam","Suggs","3","05/26/2022",,,,340,,,"Q",,,,,,,"Florida Lakewatch","21FLKWAT"
"07/27/2022","7:50:00 AM","EDT","07/27/2022","10:06:00 AM","EDT","Putnam","Suggs","3","06/29/2022",,,,295,,,"Q",,,,,,,"Florida Lakewatch","21FLKWAT"
"05/25/2022","9:38:00 AM","EDT","05/25/2022","12:05:00 PM","EDT","Sarasota","Upper Myakka","1","01/24/2022",,,,65,,,"Q",,,,,,,"Florida Lakewatch","21FLKWAT"
"05/09/2022","12:00:00 PM","EDT","05/09/2022","1:30:00 PM","EDT","Seminole","Pearl 2","1","01/28/2022",,,,15,,,"Q",,,,,,,"Florida Lakewatch","21FLKWAT"
"05/09/2022","12:00:00 PM","EDT","05/09/2022","1:30:00 PM","EDT","Seminole","Rock","1","01/03/2022",,,,27,,,"Q",,,,,,,"Florida Lakewatch","21FLKWAT"
"05/25/2022","9:38:00 AM","EDT","05/25/2022","12:05:00 PM","EDT","Walton","Allen","1","01/17/2022",,,,198,,,"Q",,,,,,,"CHOCTAWHATCHEE BASIN ALLIANCE","BAYRALLY"
"05/25/2022","9:38:00 AM","EDT","05/25/2022","12:05:00 PM","EDT","Walton","Big Red Fish","1","01/24/2022",,,,58,,,"Q",,,,,,,"CHOCTAWHATCHEE BASIN ALLIANCE","BAYRALLY"
"02/21/2022","10:47:00 AM","EST","02/21/2022","12:49:00 PM","EST","Bay","St. Andrew Bay-1","1","10/26/2021",,,,67,,,"Q",,,,,,,"ST. ANDREW BAY RESOURCE MANAGEMENT ASSOCIATION INC.","21FLKWAT"
"02/21/2022","10:47:00 AM","EST","02/21/2022","12:49:00 PM","EST","Bay","St. Andrew Bay-2","1","10/26/2021",,,,59,,,"Q",,,,,,,"ST. ANDREW BAY RESOURCE MANAGEMENT ASSOCIATION INC.","21FLKWAT"
"02/21/2022","10:47:00 AM","EST","02/21/2022","12:49:00 PM","EST","Bay","St. Andrew Bay-3","1","10/26/2021",,,,74,,,"Q",,,,,,,"ST. ANDREW BAY RESOURCE MANAGEMENT ASSOCIATION INC.","21FLKWAT"
"02/21/2022","10:47:00 AM","EST","02/21/2022","12:49:00 PM","EST","Bay","St. Andrew Bay-6","1","10/26/2021",,,,45,,,"Q",,,,,,,"ST. ANDREW BAY RESOURCE MANAGEMENT ASSOCIATION INC.","21FLKWAT"
"02/21/2022","10:47:00 AM","EST","02/21/2022","12:49:00 PM","EST","Bay","St. Andrew Bay-7","1","10/26/2021",,,,44,,,"Q",,,,,,,"ST. ANDREW BAY RESOURCE MANAGEMENT ASSOCIATION INC.","21FLKWAT"
"02/21/2022","10:47:00 AM","EST","02/21/2022","12:49:00 PM","EST","Bay","St. Andrew Bay-12","1","10/26/2021",,,,52,,,"Q",,,,,,,"ST. ANDREW BAY RESOURCE MANAGEMENT ASSOCIATION INC.","21FLKWAT"
"02/21/2022","10:47:00 AM","EST","02/21/2022","12:49:00 PM","EST","Bay","West Bay-12","1","10/08/2021",,,,74,,,"Q",,,,,,,"ST. ANDREW BAY RESOURCE MANAGEMENT ASSOCIATION INC.","21FLKWAT"
"02/22/2022","11:38:00 AM","EST","02/22/2022","1:27:00 PM","EST","Collier","Harveys","1","10/24/2021",,,,56,,,"Q",,,,,,,"Florida Lakewatch","21FLKWAT"
"02/22/2022","11:38:00 AM","EST","02/22/2022","1:27:00 PM","EST","Volusia","North Talmadge","1","10/19/2021",,,,143,,,"Q",,,,,,,"Florida Lakewatch","21FLKWAT"
"02/23/2022","1:00:00 PM","EST","02/23/2022","2:45:00 PM","EST","Monroe","Stock Island-1","1","10/13/2021",,,,9,,,"Q",,,,,,,"Florida Lakewatch","21FLKWAT"
"02/23/2022","1:00:00 PM","EST","02/23/2022","2:45:00 PM","EST","Monroe","Stock Island-2","1","10/13/2021",,,,4,,,"Q",,,,,,,"Florida Lakewatch","21FLKWAT"
"02/23/2022","1:00:00 PM","EST","02/23/2022","2:45:00 PM","EST","Monroe","Stock Island-3","1","10/13/2021",,,,3,,,"Q",,,,,,,"Florida Lakewatch","21FLKWAT"
"02/23/2022","1:00:00 PM","EST","02/23/2022","2:45:00 PM","EST","Monroe","Stock Island-4","1","10/13/2021",,,,3,,,"Q",,,,,,,"Florida Lakewatch","21FLKWAT"
"02/23/2022","1:00:00 PM","EST","02/23/2022","2:45:00 PM","EST","Osceola","Alligator","1","10/14/2021",,,,59,,,"Q",,,,,,,"Florida Lakewatch","21FLKWAT"
"03/02/2022","1:30:00 PM","EST","03/02/2022","2:45:00 PM","EST","Hillsborough","Cypress Creek-122","1","10/28/2021",,,,172,,,"Q",,,,,,,"Florida Lakewatch","21FLKWAT"
"03/02/2022","1:30:00 PM","EST","03/02/2022","2:45:00 PM","EST","Hillsborough","Cypress Creek-122","2","10/28/2021",,,,164,,,"Q",,,,,,,"Florida Lakewatch","21FLKWAT"
"03/02/2022","1:30:00 PM","EST","03/02/2022","2:45:00 PM","EST","Lake","Fish","1","10/08/2021",,,,38,,,"Q",,,,,,,"Florida Lakewatch","21FLKWAT"
"03/21/2022","11:34:00 AM","EDT","03/21/2022","1:51:00 PM","EDT","Okaloosa","CBA Ft. Walton Beach-4","1","10/21/2021",,,,18,,,"Q",,,,,,,"CHOCTAWHATCHEE BASIN ALLIANCE","BAYRALLY"
"03/21/2022","11:34:00 AM","EDT","03/21/2022","1:51:00 PM","EDT","Okaloosa","CBA Ft. Walton Beach-5","1","10/21/2021",,,,18,,,"Q",,,,,,,"CHOCTAWHATCHEE BASIN ALLIANCE","BAYRALLY"
"03/21/2022","11:34:00 AM","EDT","03/21/2022","1:51:00 PM","EDT","Okaloosa","CBA Ft. Walton Beach-6","1","10/21/2021",,,,21,,,"Q",,,,,,,"CHOCTAWHATCHEE BASIN ALLIANCE","BAYRALLY"
"03/22/2022","11:32:00 AM","EDT","03/22/2022","2:06:00 PM","EDT","Bradford","Rowell","3","01/15/2022",,,,60,,,"Q",,,,,,,"Florida Lakewatch","21FLKWAT"
"04/12/2022","9:44:00 AM","EDT","04/12/2022","11:36:00 AM","EDT","Orange","Hickorynut","1","01/25/2022",,,,29,,,"Q",,,,,,,"Florida Lakewatch","21FLKWAT"
"04/12/2022","9:44:00 AM","EDT","04/12/2022","11:36:00 AM","EDT","Orange","Hickorynut South","1","01/25/2022",,,,23,,,"Q",,,,,,,"Florida Lakewatch","21FLKWAT"
"04/12/2022","9:44:00 AM","EDT","04/12/2022","11:36:00 AM","EDT","Orange","Little Hickorynut","1","01/25/2022",,,,34,,,"Q",,,,,,,"Florida Lakewatch","21FLKWAT"
"08/16/2023","1:30:00 PM","EDT","08/17/2023","10:00:00 AM","EDT","Charlotte","White Marsh Inflow","1","04/21/2023",,,,42,,,"Q",,,,,,,"Florida Lakewatch","21FLKWAT"
"08/16/2023","1:30:00 PM","EDT","08/17/2023","10:00:00 AM","EDT","Collier","Islandwalk","1","04/07/2023",,,,21,,,"Q",,,,,,,"Florida Lakewatch","21FLKWAT"
"10/25/2023","10:00:00 AM","EDT","10/25/2023","12:21:00 PM","EDT","Columbia","Lower Ichetucknee River-1","1","10/19/2022",,,,0,,,"QU",,,,,,,"Florida Lakewatch","21FLKWAT"
"10/25/2023","10:00:00 AM","EDT","10/25/2023","12:21:00 PM","EDT","Columbia","Lower Ichetucknee River-1","1","04/12/2023",,,,0,,,"QU",,,,,,,"Florida Lakewatch","21FLKWAT"
"10/25/2023","10:00:00 AM","EDT","10/25/2023","12:21:00 PM","EDT","Columbia","Lower Ichetucknee River-1","1","07/06/2023",,,,1,,,"QU",,,,,,,"Florida Lakewatch","21FLKWAT"
"10/25/2023","10:00:00 AM","EDT","10/25/2023","12:21:00 PM","EDT","Columbia","Lower Ichetucknee River-2","1","10/19/2022",,,,0,,,"QU",,,,,,,"Florida Lakewatch","21FLKWAT"
"10/25/2023","10:00:00 AM","EDT","10/25/2023","12:21:00 PM","EDT","Columbia","Lower Ichetucknee River-2","1","04/12/2023",,,,5,,,"Q",,,,,,,"Florida Lakewatch","21FLKWAT"
"10/25/2023","10:00:00 AM","EDT","10/25/2023","12:21:00 PM","EDT","Columbia","Lower Ichetucknee River-2","1","07/06/2023",,,,2,,,"Q",,,,,,,"Florida Lakewatch","21FLKWAT"
"10/25/2023","10:00:00 AM","EDT","10/25/2023","12:21:00 PM","EDT","Columbia","Lower Ichetucknee River-3","1","10/19/2022",,,,0,,,"QU",,,,,,,"Florida Lakewatch","21FLKWAT"
"10/25/2023","10:00:00 AM","EDT","10/25/2023","12:21:00 PM","EDT","Columbia","Lower Ichetucknee River-3","1","04/12/2023",,,,2,,,"Q",,,,,,,"Florida Lakewatch","21FLKWAT"
"10/25/2023","10:00:00 AM","EDT","10/25/2023","12:21:00 PM","EDT","Columbia","Lower Ichetucknee River-3","1","07/06/2023",,,,5,,,"Q",,,,,,,"Florida Lakewatch","21FLKWAT"
"09/20/2023","10:09:00 AM","EDT","09/20/2023","11:24:00 AM","EDT","Hillsborough","Cypress Creek-122","1","07/24/2023",,,,116,,,"Q",,,,,,,"Florida Lakewatch","21FLKWAT"
"09/20/2023","10:09:00 AM","EDT","09/20/2023","11:24:00 AM","EDT","Hillsborough","Cypress Creek-122","2","07/24/2023",,,,111,,,"Q",,,,,,,"Florida Lakewatch","21FLKWAT"
"08/31/2023","9:45:00 AM","EDT","08/31/2023","12:00:00 PM","EDT","Pinellas","Crescent","1","07/29/2023",,,,18,,,"Q",,,,,,,"Florida Lakewatch","21FLKWAT"
"10/25/2023","10:00:00 AM","EDT","10/25/2023","12:21:00 PM","EDT","Putnam","Annie","1","07/16/2023",,,,11,,,"Q",,,,,,,"Florida Lakewatch","21FLKWAT"
"10/24/2023","9:31:00 AM","EDT","10/24/2023","9:31:00 AM","EDT","Sarasota","Uplands","1","07/30/2023",,,,144,,,"Q",,,,,,,"Florida Lakewatch","21FLKWAT"
"08/01/2023","2:30:00 PM","EDT","08/02/2023","9:45:00 AM","EDT","Seminole","Horseshoe North","1","04/05/2023",,,,167,,,"Q",,,,,,,"Florida Lakewatch","21FLKWAT"
"10/31/2023","9:26:00 AM","EDT","10/31/2023","10:59:00 AM","EDT","Seminole","Mary","1","07/15/2023",,,,32,,,"Q",,,,,,,"Florida Lakewatch","21FLKWAT"
"04/04/2024","10:18:00 AM","EDT","04/04/2024","12:42:00 PM","EDT","Alachua","Elizabeth","1","01/28/2024","EST",,,121,,,"Q",,,,,,,"Florida Lakewatch","21FLKWAT"
"07/10/2024","10:33:00 AM","EDT","07/10/2024","12:46:00 PM","EDT","Bay","East Bay-4","1","04/25/2024","CST",,,50,,,"Q",,,,,,,"ST. ANDREW BAY RESOURCE MANAGEMENT ASSOCIATION INC.","21FLKWAT"
"07/10/2024","10:33:00 AM","EDT","07/10/2024","12:46:00 PM","EDT","Bay","East Bay-5","1","04/25/2024","CST",,,44,,,"Q",,,,,,,"ST. ANDREW BAY RESOURCE MANAGEMENT ASSOCIATION INC.","21FLKWAT"
"04/19/2024","9:46:00 AM","EDT","04/19/2024","11:46:00 AM","EDT","Charlotte","White Marsh Inflow","1","01/30/2024","EST",,,42,,,"Q",,,,,,,"Florida Lakewatch","21FLKWAT"
"07/11/2024","9:46:00 AM","EDT","07/11/2024","11:39:00 AM","EDT","Citrus","Crystal River-1","1","04/30/2024","EST",,,14,,,"Q",,,,,,,"Florida Lakewatch","21FLKWAT"
"07/11/2024","9:46:00 AM","EDT","07/11/2024","11:39:00 AM","EDT","Citrus","Crystal River-3","1","04/24/2024","EST",,,11,,,"Q",,,,,,,"Florida Lakewatch","21FLKWAT"
"07/11/2024","9:46:00 AM","EDT","07/11/2024","11:39:00 AM","EDT","Citrus","Crystal River-6","1","04/23/2024","EST",,,10,,,"Q",,,,,,,"Florida Lakewatch","21FLKWAT"
"07/11/2024","9:46:00 AM","EDT","07/11/2024","11:39:00 AM","EDT","Citrus","Crystal River-7","1","04/30/2024","EST",,,10,,,"Q",,,,,,,"Florida Lakewatch","21FLKWAT"
"04/05/2024","12:30:00 AM","EDT","04/08/2024","11:50:00 AM","EDT","Clay","Johnson","1","01/19/2024","EST",,,12,,,"Q",,,,,,,"Florida Lakewatch","21FLKWAT"
"04/19/2024","9:46:00 AM","EDT","04/19/2024","11:46:00 AM","EDT","Collier","Seacrest 1","1","01/15/2024","EST",,,8,,,"Q",,,,,,,"Florida Lakewatch","21FLKWAT"
"03/19/2024","9:30:00 AM","EDT","03/19/2024","10:44:00 AM","EDT","Columbia","Jeffery","1","10/27/2023","EST",,,52,,,"Q",,,,,,,"Florida Lakewatch","21FLKWAT"
"05/22/2024","9:06:00 AM","EDT","05/22/2024","10:53:00 AM","EDT","Gulf","Cattledip","1","07/07/2022","EST",,,169,,,"Q",,,,,,,"Florida Lakewatch","21FLKWAT"
"05/22/2024","9:06:00 AM","EDT","05/22/2024","10:53:00 AM","EDT","Gulf","Cattledip","1","01/11/2023","EST",,,79,,,"Q",,,,,,,"Florida Lakewatch","21FLKWAT"
"05/22/2024","9:06:00 AM","EDT","05/22/2024","10:53:00 AM","EDT","Gulf","Cattledip","1","04/12/2023","EST",,,205,,,"Q",,,,,,,"Florida Lakewatch","21FLKWAT"
"06/27/2024","12:30:00 PM","EDT","06/27/2024","2:15:00 PM","EDT","Gulf","Cattledip","1","10/16/2023",,,,256,,,"Q",,,,,,,"Florida Lakewatch","21FLKWAT"
"06/27/2024","12:30:00 PM","EDT","06/27/2024","2:15:00 PM","EDT","Gulf","Cattledip","1","01/15/2024",,,,285,,,"Q",,,,,,,"Florida Lakewatch","21FLKWAT"
"05/22/2024","9:06:00 AM","EDT","05/22/2024","10:53:00 AM","EDT","Gulf","Depot Creek-1","1","07/07/2022","EST",,,264,,,"Q",,,,,,,"Florida Lakewatch","21FLKWAT"
"05/22/2024","9:06:00 AM","EDT","05/22/2024","10:53:00 AM","EDT","Gulf","Depot Creek-1","1","10/11/2022","EST",,,195,,,"Q",,,,,,,"Florida Lakewatch","21FLKWAT"
"05/22/2024","9:06:00 AM","EDT","05/22/2024","10:53:00 AM","EDT","Gulf","Depot Creek-1","1","01/11/2023","EST",,,171,,,"Q",,,,,,,"Florida Lakewatch","21FLKWAT"
"05/22/2024","9:06:00 AM","EDT","05/22/2024","10:53:00 AM","EDT","Gulf","Depot Creek-1","1","04/12/2023","EST",,,223,,,"Q",,,,,,,"Florida Lakewatch","21FLKWAT"
"06/27/2024","12:30:00 PM","EDT","06/27/2024","2:15:00 PM","EDT","Gulf","Depot Creek-1","1","10/16/2023",,,,286,,,"Q",,,,,,,"Florida Lakewatch","21FLKWAT"
"06/27/2024","12:30:00 PM","EDT","06/27/2024","2:15:00 PM","EDT","Gulf","Depot Creek-1","1","01/15/2024",,,,214,,,"Q",,,,,,,"Florida Lakewatch","21FLKWAT"
"05/22/2024","9:06:00 AM","EDT","05/22/2024","10:53:00 AM","EDT","Gulf","Dove Field-1","1","07/07/2022","EST",,,111,,,"Q",,,,,,,"Florida Lakewatch","21FLKWAT"
"05/22/2024","9:06:00 AM","EDT","05/22/2024","10:53:00 AM","EDT","Gulf","Dove Field-1","1","10/11/2022","EST",,,128,,,"Q",,,,,,,"Florida Lakewatch","21FLKWAT"
"05/22/2024","9:06:00 AM","EDT","05/22/2024","10:53:00 AM","EDT","Gulf","Dove Field-1","1","01/11/2023","EST",,,155,,,"Q",,,,,,,"Florida Lakewatch","21FLKWAT"
"05/22/2024","9:06:00 AM","EDT","05/22/2024","10:53:00 AM","EDT","Gulf","Dove Field-1","1","04/12/2023","EST",,,73,,,"Q",,,,,,,"Florida Lakewatch","21FLKWAT"
"06/27/2024","12:30:00 PM","EDT","06/27/2024","2:15:00 PM","EDT","Gulf","Dove Field-1","1","10/16/2023",,,,191,,,"Q",,,,,,,"Florida Lakewatch","21FLKWAT"
"06/27/2024","12:30:00 PM","EDT","06/27/2024","2:15:00 PM","EDT","Gulf","Dove Field-1","1","01/15/2024",,,,250,,,"Q",,,,,,,"Florida Lakewatch","21FLKWAT"
"05/22/2024","9:06:00 AM","EDT","05/22/2024","10:53:00 AM","EDT","Gulf","Money Bayou-1","1","07/07/2022","EST",,,384,,,"Q",,,,,,,"Florida Lakewatch","21FLKWAT"
"05/22/2024","9:06:00 AM","EDT","05/22/2024","10:53:00 AM","EDT","Gulf","Money Bayou-1","1","10/11/2022","EST",,,112,,,"Q",,,,,,,"Florida Lakewatch","21FLKWAT"
"05/22/2024","9:06:00 AM","EDT","05/22/2024","10:53:00 AM","EDT","Gulf","Money Bayou-1","1","01/11/2023","EST",,,200,,,"Q",,,,,,,"Florida Lakewatch","21FLKWAT"
"05/22/2024","9:06:00 AM","EDT","05/22/2024","10:53:00 AM","EDT","Gulf","Money Bayou-1","1","04/12/2023","EST",,,206,,,"Q",,,,,,,"Florida Lakewatch","21FLKWAT"
"06/27/2024","12:30:00 PM","EDT","06/27/2024","2:15:00 PM","EDT","Gulf","Money Bayou-1","1","10/16/2023",,,,292,,,"Q",,,,,,,"Florida Lakewatch","21FLKWAT"
"06/27/2024","12:30:00 PM","EDT","06/27/2024","2:15:00 PM","EDT","Gulf","Money Bayou-1","1","01/15/2024",,,,246,,,"Q",,,,,,,"Florida Lakewatch","21FLKWAT"
"05/22/2024","9:06:00 AM","EDT","05/22/2024","10:53:00 AM","EDT","Gulf","Pond Road","1","07/07/2022","EST",,,389,,,"Q",,,,,,,"Florida Lakewatch","21FLKWAT"
"05/22/2024","9:06:00 AM","EDT","05/22/2024","10:53:00 AM","EDT","Gulf","Pond Road","1","10/11/2022","EST",,,336,,,"Q",,,,,,,"Florida Lakewatch","21FLKWAT"
"05/22/2024","9:06:00 AM","EDT","05/22/2024","10:53:00 AM","EDT","Gulf","Pond Road","1","01/11/2023","EST",,,172,,,"Q",,,,,,,"Florida Lakewatch","21FLKWAT"
"05/22/2024","9:06:00 AM","EDT","05/22/2024","10:53:00 AM","EDT","Gulf","Pond Road","1","04/12/2023","EST",,,206,,,"Q",,,,,,,"Florida Lakewatch","21FLKWAT"
"06/27/2024","12:30:00 PM","EDT","06/27/2024","2:15:00 PM","EDT","Gulf","Pond Road","1","10/16/2023",,,,259,,,"Q",,,,,,,"Florida Lakewatch","21FLKWAT"
"06/27/2024","12:30:00 PM","EDT","06/27/2024","2:15:00 PM","EDT","Gulf","Pond Road","1","01/15/2024",,,,207,,,"Q",,,,,,,"Florida Lakewatch","21FLKWAT"
"05/22/2024","9:06:00 AM","EDT","05/22/2024","10:53:00 AM","EDT","Gulf","Simmons Bayou-1","1","07/07/2022","EST",,,69,,,"Q",,,,,,,"Florida Lakewatch","21FLKWAT"
"05/22/2024","9:06:00 AM","EDT","05/22/2024","10:53:00 AM","EDT","Gulf","Simmons Bayou-1","1","10/11/2022","EST",,,31,,,"Q",,,,,,,"Florida Lakewatch","21FLKWAT"
"05/22/2024","9:06:00 AM","EDT","05/22/2024","10:53:00 AM","EDT","Gulf","Simmons Bayou-1","1","01/11/2023","EST",,,24,,,"Q",,,,,,,"Florida Lakewatch","21FLKWAT"
"05/22/2024","9:06:00 AM","EDT","05/22/2024","10:53:00 AM","EDT","Gulf","Simmons Bayou-1","1","04/12/2023","EST",,,72,,,"Q",,,,,,,"Florida Lakewatch","21FLKWAT"
"06/27/2024","12:30:00 PM","EDT","06/27/2024","2:15:00 PM","EDT","Gulf","Simmons Bayou-1","1","10/16/2023",,,,82,,,"Q",,,,,,,"Florida Lakewatch","21FLKWAT"
"06/27/2024","12:30:00 PM","EDT","06/27/2024","2:15:00 PM","EDT","Gulf","Simmons Bayou-1","1","01/15/2024",,,,45,,,"Q",,,,,,,"Florida Lakewatch","21FLKWAT"
"05/22/2024","9:06:00 AM","EDT","05/22/2024","10:53:00 AM","EDT","Gulf","South Gate","1","07/07/2022","EST",,,140,,,"Q",,,,,,,"Florida Lakewatch","21FLKWAT"
"05/22/2024","9:06:00 AM","EDT","05/22/2024","10:53:00 AM","EDT","Gulf","South Gate","1","01/11/2023","EST",,,181,,,"Q",,,,,,,"Florida Lakewatch","21FLKWAT"
"05/22/2024","9:06:00 AM","EDT","05/22/2024","10:53:00 AM","EDT","Gulf","South Gate","1","04/12/2023","EST",,,107,,,"Q",,,,,,,"Florida Lakewatch","21FLKWAT"
"06/27/2024","12:30:00 PM","EDT","06/27/2024","2:15:00 PM","EDT","Gulf","South Gate","1","10/16/2023",,,,169,,,"Q",,,,,,,"Florida Lakewatch","21FLKWAT"
"06/27/2024","12:30:00 PM","EDT","06/27/2024","2:15:00 PM","EDT","Gulf","South Gate","1","01/15/2024",,,,124,,,"Q",,,,,,,"Florida Lakewatch","21FLKWAT"
"05/22/2024","9:06:00 AM","EDT","05/22/2024","10:53:00 AM","EDT","Hernando","Hunter","1","10/20/2022","EST",,,32,,,"Q",,,,,,,"Florida Lakewatch","21FLKWAT"
"05/22/2024","9:06:00 AM","EDT","05/22/2024","10:53:00 AM","EDT","Hernando","Hunter","2","10/27/2023","EST",,,21,,,"Q",,,,,,,"Florida Lakewatch","21FLKWAT"
"07/18/2024","10:17:00 AM","EDT","07/18/2024","12:34:00 PM","EDT","Highlands","Carrie","1","04/25/2024","EST",,,102,,,"Q",,,,,,,"Florida Lakewatch","21FLKWAT"
"05/22/2024","9:06:00 AM","EDT","05/22/2024","10:53:00 AM","EDT","Highlands","Istokpoga","1","01/30/2024","EST",,,106,,,"Q",,,,,,,"Florida Lakewatch","21FLKWAT"
"04/05/2024","12:30:00 PM","EDT","04/05/2024","2:48:00 PM","EDT","Hillsborough","Breckenridge","1","01/11/2024","EST",,,16,,,"Q",,,,,,,"Florida Lakewatch","21FLKWAT"
"04/04/2024","10:18:00 AM","EDT","04/04/2024","12:42:00 PM","EDT","Hillsborough","Cypress","1","01/27/2024","EST",,,27,,,"Q",,,,,,,"Florida Lakewatch","21FLKWAT"
"04/04/2024","10:18:00 AM","EDT","04/04/2024","12:42:00 PM","EDT","Hillsborough","Cypress Creek-122-2","1","01/24/2024","EST",,,114,,,"Q",,,,,,,"Florida Lakewatch","21FLKWAT"
"04/04/2024","10:18:00 AM","EDT","04/04/2024","12:42:00 PM","EDT","Hillsborough","Cypress Creek-122-1","1","01/24/2024","EST",,,116,,,"Q",,,,,,,"Florida Lakewatch","21FLKWAT"
"07/12/2024","8:56:00 AM","EDT","07/12/2024","7:51:00 AM","EDT","Lake","Bugg Springs","1","04/28/2024","EST",,,6,,,"Q",,,,,,,"Florida Lakewatch","21FLKWAT"
"07/12/2024","8:56:00 AM","EDT","07/12/2024","7:51:00 AM","EDT","Lake","Bugg Springs","2","04/28/2024","EST",,,4,,,"Q",,,,,,,"Florida Lakewatch","21FLKWAT"
"04/05/2024","12:30:00 AM","EDT","04/08/2024","11:50:00 AM","EDT","Marion","Silver River-1","1","01/30/2024","EST",,,5,,,"Q",,,,,,,"Florida Lakewatch","21FLKWAT"
"04/05/2024","12:30:00 AM","EDT","04/08/2024","11:50:00 AM","EDT","Marion","Silver River-2","1","01/30/2024","EST",,,2,,,"Q",,,,,,,"Florida Lakewatch","21FLKWAT"
"04/05/2024","12:30:00 AM","EDT","04/08/2024","11:50:00 AM","EDT","Marion","Silver River-4","1","01/30/2024","EST",,,3,,,"Q",,,,,,,"Florida Lakewatch","21FLKWAT"
"04/19/2024","9:46:00 AM","EDT","04/19/2024","11:46:00 AM","EDT","Monroe","Tarpon Basin-3","1","01/17/2024","EST",,,7,,,"Q",,,,,,,"Florida Lakewatch","21FLKWAT"
"03/19/2024","9:30:00 AM","EDT","03/19/2024","10:44:00 AM","EDT","Osceola","Bellalago","1","01/16/2024","EST",,,41,,,"Q",,,,,,,"Florida Lakewatch","21FLKWAT"
"03/19/2024","9:30:00 AM","EDT","03/19/2024","10:44:00 AM","EDT","Osceola","Tohopekaliga-Middle","1","01/16/2024","EST",,,49,,,"Q",,,,,,,"Florida Lakewatch","21FLKWAT"
"04/04/2024","10:18:00 AM","EDT","04/04/2024","12:42:00 PM","EDT","Palm Beach","Green Cay","1","01/13/2024","EST",,,61,,,"Q",,,,,,,"Florida Lakewatch","21FLKWAT"
"05/22/2024","9:06:00 AM","EDT","05/22/2024","10:53:00 AM","EDT","Pinellas","Autumn","1","01/21/2024","EST",,,39,,,"Q",,,,,,,"Florida Lakewatch","21FLKWAT"
"04/19/2024","9:46:00 AM","EDT","04/19/2024","11:46:00 AM","EDT","Polk","Crooked","1","01/26/2024","EST",,,22,,,"Q",,,,,,,"Florida Lakewatch","21FLKWAT"
"04/19/2024","9:46:00 AM","EDT","04/19/2024","11:46:00 AM","EDT","Polk","Crooked-Babson Park","1","01/26/2024","EST",,,21,,,"Q",,,,,,,"Florida Lakewatch","21FLKWAT"
"04/19/2024","9:46:00 AM","EDT","04/19/2024","11:46:00 AM","EDT","Polk","Crooked-Seminole Rd. drain","1","01/26/2024","EST",,,22,,,"Q",,,,,,,"Florida Lakewatch","21FLKWAT"
"04/05/2024","12:30:00 AM","EDT","04/08/2024","11:50:00 AM","EDT","Polk","Saddlebag","1","01/25/2024","EST",,,17,,,"Q",,,,,,,"Florida Lakewatch","21FLKWAT"
"04/19/2024","9:46:00 AM","EDT","04/19/2024","11:46:00 AM","EDT","Sarasota","Awesome","1","01/22/2024","EST",,,15,,,"Q",,,,,,,"Florida Lakewatch","21FLKWAT"
"07/11/2024","9:46:00 AM","EDT","07/11/2024","11:39:00 AM","EDT","Seminole","Crescent","1","04/20/2024","EST",,,29,,,"Q",,,,,,,"Florida Lakewatch","21FLKWAT"
"07/11/2024","9:46:00 AM","EDT","07/11/2024","11:39:00 AM","EDT","Seminole","Miami Springs-1","1","01/27/2024","EST",,,5,,,"Q",,,,,,,"Florida Lakewatch","21FLKWAT"
"07/11/2024","9:46:00 AM","EDT","07/11/2024","11:39:00 AM","EDT","Seminole","Miami Springs-2","1","01/27/2024","EST",,,4,,,"Q",,,,,,,"Florida Lakewatch","21FLKWAT"
"07/11/2024","9:46:00 AM","EDT","07/11/2024","11:39:00 AM","EDT","Seminole","Miami Springs-3","1","01/27/2024","EST",,,4,,,"Q",,,,,,,"Florida Lakewatch","21FLKWAT"
"07/12/2024","8:56:00 AM","EDT","07/12/2024","7:51:00 AM","EDT","St Lucie","Savanna-Indrio","2","04/08/2024","EST",,,20,,,"Q",,,,,,,"Florida Lakewatch","21FLKWAT"
"07/12/2024","8:56:00 AM","EDT","07/12/2024","7:51:00 AM","EDT","Volusia","Winnemissett","1","04/18/2024","EST",,,18,,,"Q",,,,,,,"Florida Lakewatch","21FLKWAT"
"04/03/2024","12:30:00 PM","EDT","04/03/2024","12:30:00 PM","EDT","Walton","CBA Destin-5","1","01/28/2024","CST",,,19,,,"Q",,,,,,,"CHOCTAWHATCHEE BASIN ALLIANCE","BAYRALLY"
"04/03/2024","12:30:00 PM","EDT","04/03/2024","12:30:00 PM","EDT","Walton","CBA Destin-6","1","01/28/2024","CST",,,22,,,"Q",,,,,,,"CHOCTAWHATCHEE BASIN ALLIANCE","BAYRALLY"
"04/03/2024","12:30:00 PM","EDT","04/03/2024","12:30:00 PM","EDT","Walton","CBA Destin-7","1","01/10/2024","CST",,,9,,,"Q",,,,,,,"CHOCTAWHATCHEE BASIN ALLIANCE","BAYRALLY"
"04/03/2024","12:30:00 PM","EDT","04/03/2024","12:30:00 PM","EDT","Walton","CBA Destin-8","1","01/10/2024","CST",,,12,,,"Q",,,,,,,"CHOCTAWHATCHEE BASIN ALLIANCE","BAYRALLY"
"04/03/2024","12:30:00 PM","EDT","04/03/2024","12:30:00 PM","EDT","Walton","CBA Freeport-1","1","01/26/2024","CST",,,23,,,"Q",,,,,,,"CHOCTAWHATCHEE BASIN ALLIANCE","BAYRALLY"
"04/03/2024","12:30:00 PM","EDT","04/03/2024","12:30:00 PM","EDT","Walton","CBA Freeport-10","1","01/26/2024","CST",,,18,,,"Q",,,,,,,"CHOCTAWHATCHEE BASIN ALLIANCE","BAYRALLY"
"04/03/2024","12:30:00 PM","EDT","04/03/2024","12:30:00 PM","EDT","Walton","CBA Freeport-2","1","01/26/2024","CST",,,18,,,"Q",,,,,,,"CHOCTAWHATCHEE BASIN ALLIANCE","BAYRALLY"
"04/03/2024","12:30:00 PM","EDT","04/03/2024","12:30:00 PM","EDT","Walton","CBA Freeport-3","1","01/26/2024","CST",,,19,,,"Q",,,,,,,"CHOCTAWHATCHEE BASIN ALLIANCE","BAYRALLY"
"04/03/2024","12:30:00 PM","EDT","04/03/2024","12:30:00 PM","EDT","Walton","CBA Freeport-4","1","01/26/2024","CST",,,15,,,"Q",,,,,,,"CHOCTAWHATCHEE BASIN ALLIANCE","BAYRALLY"
"04/03/2024","12:30:00 PM","EDT","04/03/2024","12:30:00 PM","EDT","Walton","CBA Freeport-5","1","01/26/2024","CST",,,16,,,"Q",,,,,,,"CHOCTAWHATCHEE BASIN ALLIANCE","BAYRALLY"
"04/03/2024","12:30:00 PM","EDT","04/03/2024","12:30:00 PM","EDT","Walton","CBA Freeport-6","1","01/10/2024","CST",,,12,,,"Q",,,,,,,"CHOCTAWHATCHEE BASIN ALLIANCE","BAYRALLY"
"04/03/2024","12:30:00 PM","EDT","04/03/2024","12:30:00 PM","EDT","Walton","CBA Freeport-7","1","01/26/2024","CST",,,23,,,"Q",,,,,,,"CHOCTAWHATCHEE BASIN ALLIANCE","BAYRALLY"
"04/03/2024","12:30:00 PM","EDT","04/03/2024","12:30:00 PM","EDT","Walton","CBA Freeport-8","1","01/10/2024","CST",,,19,,,"Q",,,,,,,"CHOCTAWHATCHEE BASIN ALLIANCE","BAYRALLY"
"04/03/2024","12:30:00 PM","EDT","04/03/2024","12:30:00 PM","EDT","Walton","CBA Freeport-9","1","01/26/2024","CST",,,19,,,"Q",,,,,,,"CHOCTAWHATCHEE BASIN ALLIANCE","BAYRALLY"
"04/03/2024","12:30:00 PM","EDT","04/03/2024","12:30:00 PM","EDT","Walton","CBA Santa Rosa Beach-10","1","01/22/2024","CST",,,20,,,"Q",,,,,,,"CHOCTAWHATCHEE BASIN ALLIANCE","BAYRALLY"
"04/03/2024","12:30:00 PM","EDT","04/03/2024","12:30:00 PM","EDT","Walton","CBA Santa Rosa Beach-9","1","01/22/2024","CST",,,24,,,"Q",,,,,,,"CHOCTAWHATCHEE BASIN ALLIANCE","BAYRALLY"
"04/05/2024","12:30:00 AM","EDT","04/08/2024","11:50:00 AM","EDT","Walton","Morris","1","01/29/2024","CST",,,52,,,"Q",,,,,,,"CHOCTAWHATCHEE BASIN ALLIANCE","BAYRALLY"
"04/05/2024","12:30:00 AM","EDT","04/08/2024","11:50:00 AM","EDT","Walton","Peach Creek-3","1","01/29/2024","CST",,,170,,,"Q",,,,,,,"Florida Lakewatch","21FLKWAT"
"06/27/2024","12:30:00 PM","EDT","06/27/2024","2:15:00 PM","EDT","Washington","CBA Holmes Creek-1","1","04/11/2024",,,,15,,,"Q",,,,,,,"CHOCTAWHATCHEE BASIN ALLIANCE","BAYRALLY"
"03/05/2024","10:00:00 AM","EST","03/05/2024","12:08:00 PM","EST","Alachua","Kingswood","1","01/25/2024","EST",,,180,,,"Q",,,,,,,"Florida Lakewatch","21FLKWAT"
"02/05/2024","9:38:00 AM","EST","02/05/2024","11:57:00 AM","EST","Charlotte","White Marsh Inflow","1","10/30/2023",,,,55,,,"Q",,,,,,,"Florida Lakewatch","21FLKWAT"
"03/05/2024","10:00:00 AM","EST","03/05/2024","12:08:00 PM","EST","Citrus","Magnolia Creek-1","1","01/18/2024","EST",,,6,,,"Q",,,,,,,"Florida Lakewatch","21FLKWAT"
"03/05/2024","10:00:00 AM","EST","03/05/2024","12:08:00 PM","EST","Clay","Asbury South","1","04/22/2023","EST",,,11,,,"Q",,,,,,,"Florida Lakewatch","21FLKWAT"
"03/05/2024","10:00:00 AM","EST","03/05/2024","12:08:00 PM","EST","Collier","IFAS Collier Pond","1","10/13/2023","EST",,,13,,,"Q",,,,,,,"Florida Lakewatch","21FLKWAT"
"03/06/2024","10:06:00 AM","EST","03/06/2024","11:46:00 AM","EST","Marion","Rainbow River-2","1","10/22/2023","EST",,,1,,,"QU",,,,,,,"Florida Lakewatch","21FLKWAT"
"03/06/2024","10:06:00 AM","EST","03/06/2024","11:46:00 AM","EST","Marion","Silver River-1","1","10/17/2023","EST",,,1,,,"QU",,,,,,,"Florida Lakewatch","21FLKWAT"
"03/06/2024","10:06:00 AM","EST","03/06/2024","11:46:00 AM","EST","Marion","Silver River-2","1","10/17/2023","EST",,,0,,,"QU",,,,,,,"Florida Lakewatch","21FLKWAT"
"03/06/2024","10:06:00 AM","EST","03/06/2024","11:46:00 AM","EST","Marion","Silver River-3","1","10/17/2023","EST",,,0,,,"QU",,,,,,,"Florida Lakewatch","21FLKWAT"
"03/06/2024","10:06:00 AM","EST","03/06/2024","11:46:00 AM","EST","Marion","Silver River-4","1","10/17/2023","EST",,,2,,,"Q",,,,,,,"Florida Lakewatch","21FLKWAT"
"02/06/2024","9:53:00 AM","EST","02/06/2024","12:02:00 PM","EST","Palm Beach","Westwood","1","10/31/2023",,,,12,,,"Q",,,,,,,"Florida Lakewatch","21FLKWAT"
"02/06/2024","9:53:00 AM","EST","02/06/2024","12:02:00 PM","EST","Pinellas","Chautauqua 2","1","10/22/2023",,,,33,,,"Q",,,,,,,"Florida Lakewatch","21FLKWAT"
"03/06/2024","10:06:00 AM","EST","03/06/2024","11:46:00 AM","EST","Putnam","Blue","1","01/18/2024","EST",,,12,,,"Q",,,,,,,"Florida Lakewatch","21FLKWAT"
"03/06/2024","10:06:00 AM","EST","03/06/2024","11:46:00 AM","EST","Putnam","Fanny","1","01/13/2024","EST",,,7,,,"Q",,,,,,,"Florida Lakewatch","21FLKWAT"
